{"type":"FeatureCollection","features":[{"type":"Feature","geometry":{"type":"Point","coordinates":[10.474761,42.865703]},"properties":{"nm":"Isola Palmaiola","ref":"E 1446","ch":"Fl W 5s 10M","ty":"light_major","ar":[["W",10.0]]}},{"type":"Feature","geometry":{"type":"Point","coordinates":[8.594361,41.87879]},"properties":{"nm":"Phare des Sanguinaires / u Fanali","ref":"","ch":"","ty":"lh"}},{"type":"Feature","geometry":{"type":"Point","coordinates":[9.365491,41.595182]},"properties":{"nm":"Phare de la Chiappa","ref":"","ch":"","ty":"lh"}},{"type":"Feature","geometry":{"type":"Point","coordinates":[9.144358,41.386971]},"properties":{"nm":"Pointe de la Madonetta","ref":"E 0878","ch":"Fl(3) R 12s 6M","ty":"light_minor","ar":[["R",6.0]]}},{"type":"Feature","geometry":{"type":"Point","coordinates":[9.184428,41.367514]},"properties":{"nm":"Cap Pertusato","ref":"E 0876","ch":"Fl(2) W 10s 25M","ty":"light_major","ss":[["W",239.0,113.0,25.0]]}},{"type":"Feature","geometry":{"type":"Point","coordinates":[9.362882,41.206865]},"properties":{"nm":"","ref":"","ch":"","ty":"lh"}},{"type":"Feature","geometry":{"type":"Point","coordinates":[9.339901,41.306921]},"properties":{"nm":"","ref":"","ch":"","ty":"lh"}},{"type":"Feature","geometry":{"type":"Point","coordinates":[9.096363,41.39207]},"properties":{"nm":"Fanal de Feno","ref":"","ch":"","ty":"light_major"}},{"type":"Feature","geometry":{"type":"Point","coordinates":[9.40545,43.026638]},"properties":{"nm":"Phare de la Giraglia","ref":"","ch":"","ty":"lh"}},{"type":"Feature","geometry":{"type":"Point","coordinates":[10.399774,42.852436]},"properties":{"nm":"Semaforo di Monte Grosso","ref":"","ch":"","ty":"lh"}},{"type":"Feature","geometry":{"type":"Point","coordinates":[10.897916,42.37571]},"properties":{"nm":"","ref":"","ch":"","ty":"lh"}},{"type":"Feature","geometry":{"type":"Point","coordinates":[6.674506,43.200947]},"properties":{"nm":"Phare du Cap Camarat","ref":"","ch":"","ty":"lh"}},{"type":"Feature","geometry":{"type":"Point","coordinates":[8.932022,42.644584]},"properties":{"nm":"Phare de la Pietra","ref":"","ch":"","ty":"light_major"}},{"type":"Feature","geometry":{"type":"Point","coordinates":[10.494835,42.993925]},"properties":{"nm":"Faro di Baratti","ref":"","ch":"","ty":"lh"}},{"type":"Feature","geometry":{"type":"Point","coordinates":[9.566729,40.920484]},"properties":{"nm":"Isola della Bacon","ref":"E 1014","ch":"LFl W 5s 15M","ty":"light_major","ss":[["W",180.0,264.0,15.0]]}},{"type":"Feature","geometry":{"type":"Point","coordinates":[10.919781,42.320751]},"properties":{"nm":"Punta del Capel Rosso","ref":"E 1492","ch":"Fl(4) W 30s 23M","ty":"light_major","ss":[["W",232.0,134.0,23.0]]}},{"type":"Feature","geometry":{"type":"Point","coordinates":[8.932084,42.64456]},"properties":{"nm":"Ile-Rousse-La Pietra","ref":"E 0926","ch":"Fl(3) G 12s 11M","ty":"light_minor","ss":[["W",79.0,234.0,14.0],["G",45.0,79.0,11.0],["G",234.0,270.0,11.0]]}},{"type":"Feature","geometry":{"type":"Point","coordinates":[9.523255,41.154897]},"properties":{"nm":"Faro di Capo Ferro","ref":"","ch":"","ty":"lh"}},{"type":"Feature","geometry":{"type":"Point","coordinates":[9.526432,41.156672]},"properties":{"nm":"","ref":"","ch":"","ty":"lh"}},{"type":"Feature","geometry":{"type":"Point","coordinates":[9.551044,41.078066]},"properties":{"nm":"","ref":"","ch":"","ty":"lh"}},{"type":"Feature","geometry":{"type":"Point","coordinates":[9.225993,41.24917]},"properties":{"nm":"Semaforo di Punta Falcone","ref":"","ch":"","ty":"lh"}},{"type":"Feature","geometry":{"type":"Point","coordinates":[10.877526,42.760851]},"properties":{"nm":"E 1470","ref":"E 1470","ch":"Fl R 3s 4M","ty":"light_minor","ar":[["R",4.0]]}},{"type":"Feature","geometry":{"type":"Point","coordinates":[10.237019,42.727788]},"properties":{"nm":"Monte Poro","ref":"E 1438","ch":"Fl W 5s 16M","ty":"light_major","ar":[["W",16.0]]}},{"type":"Feature","geometry":{"type":"Point","coordinates":[10.525332,42.919907]},"properties":{"nm":"Rocchetta","ref":"E 1455","ch":"Fl(3) W 15s 11M","ty":"light_major","ar":[["W",11.0]]}},{"type":"Feature","geometry":{"type":"Point","coordinates":[9.253128,42.716402]},"properties":{"nm":"Mortella","ref":"","ch":"","ty":"light_minor"}},{"type":"Feature","geometry":{"type":"Point","coordinates":[10.334038,42.816274]},"properties":{"nm":"Forte Stella","ref":"E 1412","ch":"Fl(3) W 14s 16M","ty":"light_major","ss":[["W",104.0,14.0,16.0]]}},{"type":"Feature","geometry":{"type":"Point","coordinates":[9.255427,42.717433]},"properties":{"nm":"Punta Mortella","ref":"E 0930","ch":"Oc G 4s 8M","ty":"light_minor","ar":[["G",8.0]]}},{"type":"Feature","geometry":{"type":"Point","coordinates":[9.279547,42.688801]},"properties":{"nm":"Punte de Fornali","ref":"E 0932","ch":"Fl G 4s 6M","ty":"light_minor","ar":[["G",6.0]]}},{"type":"Feature","geometry":{"type":"Point","coordinates":[10.881161,42.388277]},"properties":{"nm":"Punta Fenaio","ref":"E 1486","ch":"Fl(3) W 15s 16M","ty":"light_major","ss":[["W",26.0,249.0,16.0]]}},{"type":"Feature","geometry":{"type":"Point","coordinates":[10.064239,42.358946]},"properties":{"nm":"Scoglio d'Africa","ref":"E 1454","ch":"Fl W 5s 12M","ty":"light_minor","ar":[["W",12.0]]}},{"type":"Feature","geometry":{"type":"Point","coordinates":[10.881865,42.577264]},"properties":{"nm":"Formiche di Grosseto","ref":"E 1474","ch":"Fl W 6s 11M","ty":"light_minor","ar":[["W",11.0]]}},{"type":"Feature","geometry":{"type":"Point","coordinates":[9.144219,41.243727]},"properties":{"nm":"Capo Testa","ref":"E 0938","ch":"Fl(3) W 12s 22M","ty":"light_major","ss":[["W",17.0,256.0,22.0]]}},{"type":"Feature","geometry":{"type":"Point","coordinates":[8.897185,41.678536]},"properties":{"nm":"Propriano","ref":"E 0896","ch":"Oc(3) W 12s 15M","ty":"light_major","ss":[["G",97.0,137.0,12.0],["W",70.0,97.0,15.0],["W",137.0,2.0,15.0]]}},{"type":"Feature","geometry":{"type":"Point","coordinates":[10.732084,42.804376]},"properties":{"nm":"Punta Ala","ref":"E 1466","ch":"Fl W 2s 7M","ty":"light_minor","ar":[["W",7.0]]}},{"type":"Feature","geometry":{"type":"Point","coordinates":[10.331064,42.828578]},"properties":{"nm":"Scoglietto","ref":"","ch":"Fl(2) W 6s 7M","ty":"light_minor","ar":[["W",7.0]]}},{"type":"Feature","geometry":{"type":"Point","coordinates":[10.735934,42.808964]},"properties":{"nm":"E 1466.4","ref":"E 1466.4","ch":"Fl G 2s","ty":"light_minor","ar":[["G",null]]}},{"type":"Feature","geometry":{"type":"Point","coordinates":[8.398989,40.844969]},"properties":{"nm":"E 1140","ref":"E 1140","ch":"LFl R 6s 8M","ty":"light_minor","ar":[["R",8.0]]}},{"type":"Feature","geometry":{"type":"Point","coordinates":[10.329695,42.812013]},"properties":{"nm":"Muro del Torrione, NW","ref":"","ch":"Fl G 4s 3M","ty":"light_minor","ar":[["G",3.0]]}},{"type":"Feature","geometry":{"type":"Point","coordinates":[9.469668,41.168672]},"properties":{"nm":"Isola Caprera","ref":"E 0996","ch":"Fl G 5s 5M","ty":"light_minor","ss":[["G",275.0,110.0,5.0]]}},{"type":"Feature","geometry":{"type":"Point","coordinates":[9.516898,41.215972]},"properties":{"nm":"Isolotti Monaci","ref":"E 0998","ch":"Fl R 5s 8M","ty":"light_minor","ss":[["R",317.0,357.0,8.0],["R",246.0,268.0,8.0],["W",268.0,317.0,11.0],["W",357.0,246.0,11.0]]}},{"type":"Feature","geometry":{"type":"Point","coordinates":[9.358322,43.005353]},"properties":{"nm":"Sémaphore du Cap Corse","ref":"","ch":"","ty":"lh"}},{"type":"Feature","geometry":{"type":"Point","coordinates":[9.454105,42.694246]},"properties":{"nm":"E 0856","ref":"E 0856","ch":"Fl R 4s 12M","ty":"light_major","ss":[["W",215.0,325.0,15.0],["R",40.0,130.0,12.0],["R",130.0,215.0,12.0],["R",325.0,40.0,12.0]]}},{"type":"Feature","geometry":{"type":"Point","coordinates":[8.897836,41.447312]},"properties":{"nm":"Feu des Moines","ref":"","ch":"","ty":"lh"}},{"type":"Feature","geometry":{"type":"Point","coordinates":[8.794195,41.558511]},"properties":{"nm":"Pointe Senetosa","ref":"E 0894","ch":"Fl R 5s 16M","ty":"light_major","ss":[["W",328.0,306.0,20.0],["R",306.0,328.0,16.0]]}},{"type":"Feature","geometry":{"type":"Point","coordinates":[9.386431,41.18024]},"properties":{"nm":"E 0990.4","ref":"E 0990.4","ch":"F R 3M","ty":"light_minor","ar":[["R",3.0]]}},{"type":"Feature","geometry":{"type":"Point","coordinates":[9.362927,41.20692]},"properties":{"nm":"Punta Coda Sardegna","ref":"E 0950","ch":"Fl W 5s 11M","ty":"light_minor","ar":[["W",11.0]]}},{"type":"Feature","geometry":{"type":"Point","coordinates":[9.3886,41.1825]},"properties":{"nm":"E 0990.2","ref":"E 0990.2","ch":"VQ(9) W 10s 5M","ty":"beacon_cardinal","ar":[["W",5.0]]}},{"type":"Feature","geometry":{"type":"Point","coordinates":[9.386115,41.182266]},"properties":{"nm":"Palau","ref":"E 0990","ch":"Fl Y 3s 3M","ty":"beacon_special_purpose","ar":[["Y",3.0]]}},{"type":"Feature","geometry":{"type":"Point","coordinates":[9.381139,41.187524]},"properties":{"nm":"Punta Palau","ref":"E 0988","ch":"Fl(2) G 10s 4M","ty":"light_minor","ar":[["G",4.0]]}},{"type":"Feature","geometry":{"type":"Point","coordinates":[9.389767,41.198533]},"properties":{"nm":"E 0958.2","ref":"E 0958.2","ch":"Fl Y 5s 4M","ty":"beacon_special_purpose","ar":[["Y",4.0]]}},{"type":"Feature","geometry":{"type":"Point","coordinates":[9.3866,41.19645]},"properties":{"nm":"Secca del Palau","ref":"E 0958","ch":"VQ(6) W 10s 5M","ty":"beacon_cardinal","ar":[["W",5.0]]}},{"type":"Feature","geometry":{"type":"Point","coordinates":[9.380327,41.204471]},"properties":{"nm":"1048 Secca di Mezzo Passo","ref":"1048","ch":"Fl(2) W 6s 5M","ty":"beacon_isolated_danger","ar":[["W",5.0]]}},{"type":"Feature","geometry":{"type":"Point","coordinates":[9.451763,41.198929]},"properties":{"nm":"E 0980.1","ref":"E 0980.1","ch":"F G 3M","ty":"light_minor","ar":[["G",3.0]]}},{"type":"Feature","geometry":{"type":"Point","coordinates":[9.451067,41.199517]},"properties":{"nm":"E 0980","ref":"E 0980","ch":"F G 3M","ty":"light_minor","ar":[["G",3.0]]}},{"type":"Feature","geometry":{"type":"Point","coordinates":[9.426717,41.21348]},"properties":{"nm":"1110 camiciotto ovest","ref":"","ch":"F R 3M","ty":"light_minor","ar":[["R",3.0]]}},{"type":"Feature","geometry":{"type":"Point","coordinates":[9.424907,41.21342]},"properties":{"nm":"E 0972","ref":"E 0972","ch":"F R 3M","ty":"light_minor","ar":[["R",3.0]]}},{"type":"Feature","geometry":{"type":"Point","coordinates":[9.411968,41.212581]},"properties":{"nm":"Punta Chiara","ref":"E 0964","ch":"Fl R 3s 3M","ty":"light_minor","ar":[["R",3.0]]}},{"type":"Feature","geometry":{"type":"Point","coordinates":[9.409436,41.21322]},"properties":{"nm":"Cala Mangiavolpe","ref":"E 0963","ch":"Fl Y 3s 3M","ty":"light_minor","ar":[["Y",3.0]]}},{"type":"Feature","geometry":{"type":"Point","coordinates":[9.40488,41.210284]},"properties":{"nm":"Cala Gavetta Ovest (Derubertis)","ref":"E 0961","ch":"Fl R 3s 3M","ty":"light_minor","ar":[["R",3.0]]}},{"type":"Feature","geometry":{"type":"Point","coordinates":[9.405724,41.210527]},"properties":{"nm":"Cala Gavetta Est (Incrociatore Trieste)","ref":"E 0962","ch":"Fl G 3s 3M","ty":"light_minor","ar":[["G",3.0]]}},{"type":"Feature","geometry":{"type":"Point","coordinates":[9.407824,41.212542]},"properties":{"nm":"E 0962.4","ref":"E 0962.4","ch":"F R 3M","ty":"light_minor","ar":[["R",3.0]]}},{"type":"Feature","geometry":{"type":"Point","coordinates":[9.399538,41.22161]},"properties":{"nm":"1046 Guardia Vecchia","ref":"E 0957.1","ch":"Oc G 4s 8M","ty":"light_major","ss":[["G",8.3,19.3,8.0]]}},{"type":"Feature","geometry":{"type":"Point","coordinates":[9.396612,41.215076]},"properties":{"nm":"E 1045 Guardia Vecchia","ref":"E 0957","ch":"Iso G 2s 8M","ty":"light_minor","ss":[["G",8.3,19.8,8.0]]}},{"type":"Feature","geometry":{"type":"Point","coordinates":[9.379136,41.21033]},"properties":{"nm":"1049 Secca punta Tegge","ref":"","ch":"Fl R 4s 3M","ty":"beacon_lateral","ar":[["R",3.0]]}},{"type":"Feature","geometry":{"type":"Point","coordinates":[9.415681,41.209119]},"properties":{"nm":"1090 secca isola chiesa","ref":"E 0968","ch":"F G 3M","ty":"beacon_lateral","ar":[["G",3.0]]}},{"type":"Feature","geometry":{"type":"Point","coordinates":[9.417918,41.213624]},"properties":{"nm":"1080 Isola chiesa","ref":"E 0960","ch":"F G 3M","ty":"light_minor","ar":[["G",3.0]]}},{"type":"Feature","geometry":{"type":"Point","coordinates":[9.417377,41.21006]},"properties":{"nm":"1085 Punta Isola Chiesa","ref":"","ch":"F R 3M","ty":"light_minor","ar":[["R",3.0]]}},{"type":"Feature","geometry":{"type":"Point","coordinates":[9.421964,41.168398]},"properties":{"nm":"Cala Capra","ref":"E 0993","ch":"F G 4M","ty":"light_minor","ar":[["G",4.0]]}},{"type":"Feature","geometry":{"type":"Point","coordinates":[9.409862,41.186604]},"properties":{"nm":"Punta Villamarina","ref":"E 0991","ch":"Fl G 4s 4M","ty":"light_minor","ar":[["G",4.0]]}},{"type":"Feature","geometry":{"type":"Point","coordinates":[9.42317,41.177671]},"properties":{"nm":"Capo d'Orso","ref":"E 0992","ch":"Fl W 3s 10M","ty":"light_minor","ar":[["W",10.0]]}},{"type":"Feature","geometry":{"type":"Point","coordinates":[9.444406,41.107355]},"properties":{"nm":"Porticciolo di Cannigione","ref":"E 0995","ch":"F G 3M","ty":"light_minor","ar":[["G",3.0]]}},{"type":"Feature","geometry":{"type":"Point","coordinates":[9.465161,41.155869]},"properties":{"nm":"Secca di Tre Monti","ref":"E 0994","ch":"Fl(2) W 8s 5M","ty":"beacon_isolated_danger","ar":[["W",5.0]]}},{"type":"Feature","geometry":{"type":"Point","coordinates":[9.494348,41.141815]},"properties":{"nm":"E 0995.42","ref":"E 0995.42","ch":"Fl G 5s 4M","ty":"light_minor","ar":[["G",4.0]]}},{"type":"Feature","geometry":{"type":"Point","coordinates":[9.5435,41.220967]},"properties":{"nm":"Secca dei Monaci","ref":"E 0998.6","ch":"Q W 3M","ty":"beacon_cardinal","ar":[["W",3.0]]}},{"type":"Feature","geometry":{"type":"Point","coordinates":[9.524726,41.161899]},"properties":{"nm":"Isola delle Bisce,","ref":"E 1000","ch":"Fl G 3s 8M","ty":"light_minor","ss":[["G",255.0,110.0,8.0]]}},{"type":"Feature","geometry":{"type":"Point","coordinates":[9.523318,41.154884]},"properties":{"nm":"Capo Ferro","ref":"E 1002","ch":"Fl(3) W 15s 24M","ty":"light_major","ar":[["W",24.0]]}},{"type":"Feature","geometry":{"type":"Point","coordinates":[9.546027,41.144347]},"properties":{"nm":"Secche del Cervo","ref":"E 1004","ch":"Q(3) W 10s 4M","ty":"beacon_cardinal","ar":[["W",4.0]]}},{"type":"Feature","geometry":{"type":"Point","coordinates":[9.567117,41.131647]},"properties":{"nm":"Isole di li Nibani","ref":"E 1008","ch":"Q W 4M","ty":"light_minor","ar":[["W",4.0]]}},{"type":"Feature","geometry":{"type":"Point","coordinates":[9.532384,41.134233]},"properties":{"nm":"E 1007.3","ref":"E 1007.3","ch":"F R 3M","ty":"light_minor","ar":[["R",3.0]]}},{"type":"Feature","geometry":{"type":"Point","coordinates":[9.532223,41.134914]},"properties":{"nm":"E 1007","ref":"E 1007","ch":"F G 3M","ty":"light_minor","ar":[["G",3.0]]}},{"type":"Feature","geometry":{"type":"Point","coordinates":[9.52355,41.133517]},"properties":{"nm":"E 1006","ref":"E 1006","ch":"Iso R 2s 3M","ty":"light_minor","ss":[["R",247.4,252.4,3.0]]}},{"type":"Feature","geometry":{"type":"Point","coordinates":[9.538917,41.136417]},"properties":{"nm":"Porto Cervo","ref":"E 1005.4","ch":"Fl R 4s 6M","ty":"light_minor","ar":[["R",6.0]]}},{"type":"Feature","geometry":{"type":"Point","coordinates":[9.618817,41.086367]},"properties":{"nm":"Isolotti Mortoriotto","ref":"E 1008.7","ch":"Fl(2) W 6s 4M","ty":"beacon_isolated_danger","ar":[["W",4.0]]}},{"type":"Feature","geometry":{"type":"Point","coordinates":[9.588514,41.094901]},"properties":{"nm":"E 1008.5","ref":"E 1008.5","ch":"Q(3) W 10s 4M","ty":"beacon_cardinal","ar":[["W",4.0]]}},{"type":"Feature","geometry":{"type":"Point","coordinates":[9.580483,41.08675]},"properties":{"nm":"Isole Poveri","ref":"E 1008.4","ch":"Fl(2) W 6s 4M","ty":"beacon_isolated_danger","ar":[["W",4.0]]}},{"type":"Feature","geometry":{"type":"Point","coordinates":[9.537391,41.083195]},"properties":{"nm":"E 1009.4","ref":"E 1009.4","ch":"Fl R 4s 1M","ty":"light_minor","ar":[["R",1.0]]}},{"type":"Feature","geometry":{"type":"Point","coordinates":[9.541692,41.081917]},"properties":{"nm":"Cala di Volpe","ref":"E 1009.2","ch":"Fl G 4s 1M","ty":"light_minor","ar":[["G",1.0]]}},{"type":"Feature","geometry":{"type":"Point","coordinates":[9.541194,41.064874]},"properties":{"nm":"Punta Ligata","ref":"E 1009","ch":"Fl W 3s 3M","ty":"light_minor","ar":[["W",3.0]]}},{"type":"Feature","geometry":{"type":"Point","coordinates":[9.526417,41.032735]},"properties":{"nm":"E 1009.5","ref":"E 1009.5","ch":"Fl G 4s 4M","ty":"light_minor","ar":[["G",4.0]]}},{"type":"Feature","geometry":{"type":"Point","coordinates":[9.543199,41.02931]},"properties":{"nm":"E 1009.62","ref":"E 1009.62","ch":"Fl G 2s 3M","ty":"light_minor","ar":[["G",3.0]]}},{"type":"Feature","geometry":{"type":"Point","coordinates":[9.543611,41.02967]},"properties":{"nm":"E 1009.6","ref":"E 1009.6","ch":"Fl R 2s 3M","ty":"light_minor","ar":[["R",3.0]]}},{"type":"Feature","geometry":{"type":"Point","coordinates":[9.543357,41.029747]},"properties":{"nm":"Porto Rotondo","ref":"E 1009.56","ch":"Fl R 5s 5M","ty":"light_minor","ss":[["W",240.0,215.0,7.0],["R",215.0,240.0,5.0]]}},{"type":"Feature","geometry":{"type":"Point","coordinates":[9.559002,41.004266]},"properties":{"nm":"Golfo di Marinella","ref":"E 1009.7","ch":"Iso R 6s 3M","ty":"light_minor","ar":[["R",3.0]]}},{"type":"Feature","geometry":{"type":"Point","coordinates":[9.59465,41.0258]},"properties":{"nm":"Punta Canigione","ref":"E 1009.8","ch":"Q W 4M","ty":"beacon_cardinal","ar":[["W",4.0]]}},{"type":"Feature","geometry":{"type":"Point","coordinates":[9.561547,41.039815]},"properties":{"nm":"Punta Cala Volpe","ref":"E 1009.65","ch":"Q W 4M","ty":"beacon_cardinal","ar":[["W",4.0]]}},{"type":"Feature","geometry":{"type":"Point","coordinates":[9.644567,40.978817]},"properties":{"nm":"Isolotto Figarolo","ref":"E 1010","ch":"Fl W 5s 11M","ty":"light_minor","ss":[["W",225.0,76.0,11.0]]}},{"type":"Feature","geometry":{"type":"Point","coordinates":[9.603405,40.996216]},"properties":{"nm":"E 1013.6","ref":"E 1013.6","ch":"Fl R 2s 2M","ty":"light_minor","ar":[["R",2.0]]}},{"type":"Feature","geometry":{"type":"Point","coordinates":[9.603662,40.995901]},"properties":{"nm":"E 1013.5","ref":"E 1013.5","ch":"Fl G 2s 2M","ty":"light_minor","ar":[["G",2.0]]}},{"type":"Feature","geometry":{"type":"Point","coordinates":[9.622489,40.99316]},"properties":{"nm":"E 1012.4","ref":"E 1012.4","ch":"Oc G 3s 3M","ty":"light_minor","ar":[["G",3.0]]}},{"type":"Feature","geometry":{"type":"Point","coordinates":[9.621491,40.994687]},"properties":{"nm":"Golf of Aranci","ref":"E 1012.2","ch":"Oc Y 3s","ty":"light_minor","ar":[["Y",null]]}},{"type":"Feature","geometry":{"type":"Point","coordinates":[9.514733,40.928757]},"properties":{"nm":"E 1025","ref":"E 1025","ch":"F R 3M","ty":"light_minor","ar":[["R",3.0]]}},{"type":"Feature","geometry":{"type":"Point","coordinates":[9.509308,40.921844]},"properties":{"nm":"E 1020","ref":"E 1020","ch":"F G 3M","ty":"light_minor","ar":[["G",3.0]]}},{"type":"Feature","geometry":{"type":"Point","coordinates":[9.511488,40.920167]},"properties":{"nm":"Isola di Mezzo","ref":"E 1019","ch":"Fl G 3s 4M","ty":"light_minor","ar":[["G",4.0]]}},{"type":"Feature","geometry":{"type":"Point","coordinates":[9.6344,40.926483]},"properties":{"nm":"Capo Ceraso","ref":"E 1013.8","ch":"Q W 5M","ty":"beacon_cardinal","ar":[["W",5.0]]}},{"type":"Feature","geometry":{"type":"Point","coordinates":[9.726892,40.919407]},"properties":{"nm":"E 1028.6","ref":"E 1028.6","ch":"F G 3M","ty":"light_minor","ar":[["G",3.0]]}},{"type":"Feature","geometry":{"type":"Point","coordinates":[9.727031,40.920298]},"properties":{"nm":"Porticciolo","ref":"E 1028.4","ch":"F R 3M","ty":"light_minor","ar":[["R",3.0]]}},{"type":"Feature","geometry":{"type":"Point","coordinates":[8.293656,41.053064]},"properties":{"nm":"Rada della Reale","ref":"E 1132","ch":"Fl R 5s 5M","ty":"light_minor","ss":[["W",320.0,297.0,7.0],["R",297.0,320.0,5.0]]}},{"type":"Feature","geometry":{"type":"Point","coordinates":[8.212646,40.987784]},"properties":{"nm":"Punta Salippi","ref":"E 1133.5","ch":"Fl G 3s 4M","ty":"light_minor","ss":[["W",297.0,305.0,5.0],["G",293.3,297.0,4.0],["R",305.0,308.7,4.0]]}},{"type":"Feature","geometry":{"type":"Point","coordinates":[8.23018,40.935355]},"properties":{"nm":"E 1134.4","ref":"E 1134.4","ch":"Fl G 4s 8M","ty":"light_minor","ar":[["G",8.0]]}},{"type":"Feature","geometry":{"type":"Point","coordinates":[8.306483,40.857667]},"properties":{"nm":"E 1135","ref":"E 1135","ch":"Fl Y 3s 3M","ty":"light_minor","ar":[["Y",3.0]]}},{"type":"Feature","geometry":{"type":"Point","coordinates":[8.355725,40.847922]},"properties":{"nm":"E 1136.55","ref":"E 1136.55","ch":"F G 3M","ty":"light_minor","ar":[["G",3.0]]}},{"type":"Feature","geometry":{"type":"Point","coordinates":[8.374667,40.835383]},"properties":{"nm":"E 1136.51","ref":"E 1136.51","ch":"F R 4s 2M","ty":"light_minor","ss":[["R",135.0,225.0,2.0]]}},{"type":"Feature","geometry":{"type":"Point","coordinates":[8.374683,40.836434]},"properties":{"nm":"E 1136.5","ref":"E 1136.5","ch":"Iso R 2s 2M","ty":"light_minor","ss":[["R",135.0,225.0,2.0]]}},{"type":"Feature","geometry":{"type":"Point","coordinates":[8.370667,40.836484]},"properties":{"nm":"E 1136.4","ref":"E 1136.4","ch":"Iso G 2s 2M","ty":"light_minor","ss":[["G",135.0,225.0,2.0]]}},{"type":"Feature","geometry":{"type":"Point","coordinates":[8.372675,40.847855]},"properties":{"nm":"E 1136.6","ref":"E 1136.6","ch":"F G 3M","ty":"light_minor","ar":[["R",3.0],["G",3.0]]}},{"type":"Feature","geometry":{"type":"Point","coordinates":[8.384782,40.851037]},"properties":{"nm":"E 1136.32","ref":"E 1136.32","ch":"Fl(3) G 10s 4M","ty":"light_minor","ar":[["G",4.0]]}},{"type":"Feature","geometry":{"type":"Point","coordinates":[8.379092,40.848355]},"properties":{"nm":"E 1136.8","ref":"E 1136.8","ch":"Fl(3) R 10s 4M","ty":"light_minor","ar":[["R",4.0]]}},{"type":"Feature","geometry":{"type":"Point","coordinates":[8.40278,40.84099]},"properties":{"nm":"Pontile del Faro","ref":"E 1141","ch":"F R 3M","ty":"light_minor","ar":[["G",3.0],["R",3.0]]}},{"type":"Feature","geometry":{"type":"Point","coordinates":[8.3993,40.848179]},"properties":{"nm":"E 1139","ref":"E 1139","ch":"LFl G 6s 11M","ty":"light_minor","ar":[["G",11.0]]}},{"type":"Feature","geometry":{"type":"Point","coordinates":[8.31856,41.119568]},"properties":{"nm":"Isola Asinara","ref":"E 1130","ch":"Fl(4) W 20s 16M","ty":"light_major","ar":[["W",16.0]]}},{"type":"Feature","geometry":{"type":"Point","coordinates":[9.199059,41.244434]},"properties":{"nm":"Longonsardo","ref":"E 0936","ch":"Fl R 3s 8M","ty":"light_minor","ss":[["W",164.0,184.0,10.0],["R",30.0,164.0,8.0],["R",184.0,210.0,8.0]]}},{"type":"Feature","geometry":{"type":"Point","coordinates":[9.339839,41.307114]},"properties":{"nm":"Faro di Razzoli","ref":"","ch":"Fl W 2.5s 19M","ty":"light_major","ss":[["R",92.0,137.0,15.0],["W",22.0,92.0,19.0],["W",137.0,237.0,19.0],["R",237.0,320.0,15.0]]}},{"type":"Feature","geometry":{"type":"Point","coordinates":[9.400789,41.301612]},"properties":{"nm":"Isola Corcelli","ref":"E 0946","ch":"Fl(2) W 10s 11M","ty":"light_minor","ar":[["W",11.0]]}},{"type":"Feature","geometry":{"type":"Point","coordinates":[9.383979,41.298633]},"properties":{"nm":"Faro di Punta Filetto","ref":"E 0942","ch":"Fl(4) W 20s 10M","ty":"light_minor","ss":[["W",173.0,16.0,10.0]]}},{"type":"Feature","geometry":{"type":"Point","coordinates":[9.39985,41.544067]},"properties":{"nm":"Vacca","ref":"E 0871.5","ch":"Q(3) W 10s","ty":"buoy_cardinal","ar":[["W",null]]}},{"type":"Feature","geometry":{"type":"Point","coordinates":[9.285549,41.590204]},"properties":{"nm":"E 0870.6","ref":"E 0870.6","ch":"Fl(2) R 6s 6M","ty":"light_minor","ss":[["R",212.0,302.0,6.0]]}},{"type":"Feature","geometry":{"type":"Point","coordinates":[9.290367,41.587117]},"properties":{"nm":"Porto Vecchio","ref":"E 0870","ch":"Iso G 4s 10M","ty":"light_minor","ss":[["W",223.5,225.5,11.0],["G",208.5,223.5,10.0]],"ar":[["R",10.0]]}},{"type":"Feature","geometry":{"type":"Point","coordinates":[9.289933,41.591233]},"properties":{"nm":"La Ciocca","ref":"E 0870.3","ch":"Fl R 2s 2M","ty":"beacon_lateral","ar":[["R",2.0]]}},{"type":"Feature","geometry":{"type":"Point","coordinates":[9.2891,41.60905]},"properties":{"nm":"Punta di Fozzoli","ref":"E 0869","ch":"Oc(2) G 6s 13M","ty":"light_major","ss":[["W",271.7,275.2,15.0],["G",258.7,271.7,13.0],["R",275.2,288.2,13.0]]}},{"type":"Feature","geometry":{"type":"Point","coordinates":[9.355201,41.617628]},"properties":{"nm":"Pointe St. Cyprien","ref":"E 0867","ch":"Fl W 4s 11M","ty":"light_minor","ss":[["W",299.0,72.0,11.0],["W",220.0,281.0,11.0],["G",281.0,299.0,8.0],["G",72.0,84.0,8.0]]}},{"type":"Feature","geometry":{"type":"Point","coordinates":[9.370067,41.61285]},"properties":{"nm":"Roches de Pecorella","ref":"E 0866.4","ch":"Fl(3) G 12s 6M","ty":"beacon_lateral","ar":[["G",6.0]]}},{"type":"Feature","geometry":{"type":"Point","coordinates":[9.403104,41.855879]},"properties":{"nm":"E 0865.2","ref":"E 0865.2","ch":"Oc(2) R 6s","ty":"light_minor","ar":[["R",null]]}},{"type":"Feature","geometry":{"type":"Point","coordinates":[9.365502,41.595175]},"properties":{"nm":"Pointe de Chiappa.","ref":"E 0866","ch":"Fl(3+1) W 15s 23M","ty":"light_major","ss":[["W",198.0,27.0,23.0]]}},{"type":"Feature","geometry":{"type":"Point","coordinates":[9.404207,41.856296]},"properties":{"nm":"Solenzara","ref":"E 0865","ch":"Iso G 4s","ty":"light_minor","ar":[["G",null]]}},{"type":"Feature","geometry":{"type":"Point","coordinates":[9.54183,42.341181]},"properties":{"nm":"Campoloro","ref":"E 0863","ch":"Fl R 4s 6M","ty":"light_minor","ar":[["R",6.0]]}},{"type":"Feature","geometry":{"type":"Point","coordinates":[9.455913,42.698215]},"properties":{"nm":"E 0860","ref":"E 0860","ch":"Fl G 4s 11M","ty":"light_minor","ar":[["G",11.0]]}},{"type":"Feature","geometry":{"type":"Point","coordinates":[9.453103,42.69486]},"properties":{"nm":"E 0858","ref":"E 0858","ch":"Fl(2) G 6s 4M","ty":"light_minor","ar":[["G",4.0]]}},{"type":"Feature","geometry":{"type":"Point","coordinates":[9.454128,42.699846]},"properties":{"nm":"E 0861","ref":"E 0861","ch":"Fl(2) R 6s 4M","ty":"light_minor","ss":[["R",153.0,26.0,4.0]]}},{"type":"Feature","geometry":{"type":"Point","coordinates":[9.456209,42.709221]},"properties":{"nm":"E 0862.6","ref":"E 0862.6","ch":"Q G 2M","ty":"light_minor","ar":[["G",2.0]]}},{"type":"Feature","geometry":{"type":"Point","coordinates":[9.456563,42.709995]},"properties":{"nm":"Toga","ref":"E 0862","ch":"Q R 4M","ty":"light_minor","ar":[["R",4.0]]}},{"type":"Feature","geometry":{"type":"Point","coordinates":[9.490989,42.794542]},"properties":{"nm":"Capo Sagro","ref":"E 0855","ch":"Fl(3) W 12s 10M","ty":"light_minor","ar":[["W",10.0]]}},{"type":"Feature","geometry":{"type":"Point","coordinates":[9.454724,42.961426]},"properties":{"nm":"Macinaggio","ref":"E 0854","ch":"Fl(2) R 6s 8M","ty":"light_minor","ss":[["R",331.0,0.0,8.0],["R",120.0,218.0,8.0],["W",218.0,331.0,11.0],["R",0.0,120.0,8.0]]}},{"type":"Feature","geometry":{"type":"Point","coordinates":[9.405516,43.026606]},"properties":{"nm":"Cap Corse","ref":"E 0852","ch":"Fl W 5s 28M","ty":"light_major","ss":[["W",57.0,314.0,28.0]]}},{"type":"Feature","geometry":{"type":"Point","coordinates":[9.349018,42.96711]},"properties":{"nm":"Centuri","ref":"E 0853","ch":"Fl G 4s 6M","ty":"light_minor","ar":[["G",6.0]]}},{"type":"Feature","geometry":{"type":"Point","coordinates":[9.297814,42.679945]},"properties":{"nm":"E 0933.2","ref":"E 0933.2","ch":"Fl(2) G 6s 3M","ty":"light_minor","ar":[["G",3.0]]}},{"type":"Feature","geometry":{"type":"Point","coordinates":[9.29725,42.680383]},"properties":{"nm":"Saint Florent","ref":"E 0933","ch":"Fl(2) R 6s 6M","ty":"light_minor","ss":[["W",80.0,116.0,9.0],["R",116.0,80.0,6.0]]}},{"type":"Feature","geometry":{"type":"Point","coordinates":[9.294128,42.682424]},"properties":{"nm":"Tourelle de Tignosu","ref":"E 0934","ch":"Fl R 4s 3M","ty":"light_minor","ar":[["R",3.0]]}},{"type":"Feature","geometry":{"type":"Point","coordinates":[9.322733,42.716617]},"properties":{"nm":"Pointe Vecchiaia","ref":"E 0935","ch":"Fl(3) W 12s 10M","ty":"light_minor","ss":[["R",174.0,35.0,7.0],["W",35.0,174.0,10.0]]}},{"type":"Feature","geometry":{"type":"Point","coordinates":[8.939641,42.641244]},"properties":{"nm":"E 0928","ref":"E 0928","ch":"Iso G 4s 8M","ty":"light_minor","ss":[["G",143.0,111.0,8.0]]}},{"type":"Feature","geometry":{"type":"Point","coordinates":[8.829032,42.603132]},"properties":{"nm":"Sant-Ambrogio","ref":"E 0924","ch":"Fl G 2s 2M","ty":"light_minor","ar":[["G",2.0]]}},{"type":"Feature","geometry":{"type":"Point","coordinates":[8.759398,42.565178]},"properties":{"nm":"E 0923","ref":"E 0923","ch":"Fl R 4s 7M","ty":"light_minor","ar":[["R",7.0]]}},{"type":"Feature","geometry":{"type":"Point","coordinates":[8.762096,42.569271]},"properties":{"nm":"Calvi, foot of citadel","ref":"E 0920","ch":"Oc(2) G 6s 8M","ty":"light_minor","ss":[["G",95.0,5.0,8.0]]}},{"type":"Feature","geometry":{"type":"Point","coordinates":[8.724512,42.583046]},"properties":{"nm":"Pointe Revellata","ref":"E 0918","ch":"Fl(2) W 10s 21M","ty":"light_major","ss":[["W",60.0,0.0,21.0]]}},{"type":"Feature","geometry":{"type":"Point","coordinates":[8.535182,42.372267]},"properties":{"nm":"Ile Gargalu","ref":"E 0916","ch":"Fl R 4s 6M","ty":"light_minor","ss":[["W",345.0,221.0,8.0]],"ar":[["R",6.0]]}},{"type":"Feature","geometry":{"type":"Point","coordinates":[8.597703,42.131532]},"properties":{"nm":"","ref":"","ch":"Fl(3) G 12s 2M","ty":"light_minor","ar":[["G",2.0]]}},{"type":"Feature","geometry":{"type":"Point","coordinates":[8.598121,42.131046]},"properties":{"nm":"Cargese","ref":"","ch":"Oc(3) R 12s 6M","ty":"light_minor","ss":[["W",325.0,25.0,9.0],["R",25.0,325.0,6.0]]}},{"type":"Feature","geometry":{"type":"Point","coordinates":[8.594339,41.878783]},"properties":{"nm":"Iles Sanguinaires","ref":"E 0902","ch":"Fl(3) W 15s 24M","ty":"light_major","ar":[["W",24.0]]}},{"type":"Feature","geometry":{"type":"Point","coordinates":[8.720333,41.90445]},"properties":{"nm":"La Guardiola","ref":"E 0905","ch":"Fl R 2.5s 2M","ty":"light_minor","ar":[["R",2.0]]}},{"type":"Feature","geometry":{"type":"Point","coordinates":[8.740217,41.912684]},"properties":{"nm":"E 0906","ref":"E 0906","ch":"Fl(4) R 15s 7M","ty":"light_minor","ar":[["R",7.0]]}},{"type":"Feature","geometry":{"type":"Point","coordinates":[8.762861,41.922537]},"properties":{"nm":"E 0915","ref":"E 0915","ch":"Fl R 4s 9M","ty":"light_minor","ar":[["R",9.0]]}},{"type":"Feature","geometry":{"type":"Point","coordinates":[8.761766,41.922243]},"properties":{"nm":"Darse d' Aspretto","ref":"E 0914","ch":"Q G 8M","ty":"light_minor","ss":[["R",300.0,35.0,8.0],["G",35.0,300.0,8.0]]}},{"type":"Feature","geometry":{"type":"Point","coordinates":[8.743782,41.930005]},"properties":{"nm":"Port des Cannes","ref":"E 0912","ch":"Fl(2) R 6s 6M","ty":"light_minor","ar":[["R",6.0]]}},{"type":"Feature","geometry":{"type":"Point","coordinates":[8.743263,41.927911]},"properties":{"nm":"E 0913","ref":"E 0913","ch":"Fl(4) Vi 15s 1M","ty":"light_minor","ar":[["Vi",1.0]]}},{"type":"Feature","geometry":{"type":"Point","coordinates":[8.742141,41.922215]},"properties":{"nm":"E 0911","ref":"E 0911","ch":"Fl R 4s 7M","ty":"light_minor","ss":[["G",271.5,65.0,7.0],["R",110.0,271.5,7.0]]}},{"type":"Feature","geometry":{"type":"Point","coordinates":[8.743822,41.919344]},"properties":{"nm":"Port de Plaisance et de Pêche Tino Rossi","ref":"E 0910","ch":"Oc R 4s 8M","ty":"light_minor","ar":[["R",8.0]]}},{"type":"Feature","geometry":{"type":"Point","coordinates":[8.741152,41.916624]},"properties":{"nm":"Citadelle","ref":"E 0908","ch":"Fl(2) R 10s 16M","ty":"light_major","ss":[["W",57.0,45.0,20.0],["R",45.0,57.0,16.0]]}},{"type":"Feature","geometry":{"type":"Point","coordinates":[8.661252,41.740382]},"properties":{"nm":"Cap de Muro","ref":"E 0900","ch":"Oc W 4s 9M","ty":"light_minor","ss":[["W",276.0,186.0,9.0]]}},{"type":"Feature","geometry":{"type":"Point","coordinates":[8.90611,41.677845]},"properties":{"nm":"E 0899.2","ref":"E 0899.2","ch":"Fl(3) G 12s 6M","ty":"light_minor","ar":[["G",6.0]]}},{"type":"Feature","geometry":{"type":"Point","coordinates":[8.901489,41.676838]},"properties":{"nm":"E 0899","ref":"E 0899","ch":"Fl(2) W 6s","ty":"light_minor","ar":[["W",null]]}},{"type":"Feature","geometry":{"type":"Point","coordinates":[8.900434,41.676993]},"properties":{"nm":"E 0898","ref":"E 0898","ch":"Iso G 4s 10M","ty":"light_minor","ar":[["G",10.0]]}},{"type":"Feature","geometry":{"type":"Point","coordinates":[9.072268,41.474447]},"properties":{"nm":"Caldarello","ref":"E 0889","ch":"Q G 1.2s 6M","ty":"light_minor","ss":[["W",35.5,37.5,7.0],["G",26.0,35.0,6.0],["R",37.5,46.0,6.0]]}},{"type":"Feature","geometry":{"type":"Point","coordinates":[8.897825,41.447328]},"properties":{"nm":"Les Moines","ref":"E 0890","ch":"Q(6) W 15s 9M","ty":"beacon_cardinal","ar":[["W",9.0]]}},{"type":"Feature","geometry":{"type":"Point","coordinates":[9.096337,41.392071]},"properties":{"nm":"Cap de Feno","ref":"E 0888","ch":"Fl(4) W 15s 21M","ty":"light_major","ss":[["W",109.4,111.4,21.0]]}},{"type":"Feature","geometry":{"type":"Point","coordinates":[9.153433,41.389033]},"properties":{"nm":"Point Cacavento","ref":"E 0882","ch":"Fl G 4s 5M","ty":"light_minor","ar":[["G",5.0]]}},{"type":"Feature","geometry":{"type":"Point","coordinates":[9.151017,41.389945]},"properties":{"nm":"Pointe de l'Arenella","ref":"E 0886","ch":"Oc(2) R 6s 3M","ty":"light_minor","ss":[["R",35.0,59.0,3.0]]}},{"type":"Feature","geometry":{"type":"Point","coordinates":[9.315367,41.3661]},"properties":{"nm":"Perduto","ref":"E 0875","ch":"Q(3) W 10s 11M","ty":"beacon_cardinal","ar":[["W",11.0]]}},{"type":"Feature","geometry":{"type":"Point","coordinates":[9.264287,41.360979]},"properties":{"nm":"Ile Cavallo","ref":"E 0874.5","ch":"Iso W 4s 6M","ty":"light_minor","ar":[["R",4.0],["W",6.0],["G",4.0]]}},{"type":"Feature","geometry":{"type":"Point","coordinates":[9.259031,41.334577]},"properties":{"nm":"Ile Lavezzi","ref":"E 0872","ch":"Oc(2) W 6s 17M","ty":"light_major","ss":[["W",243.0,351.0,17.0]],"ar":[["R",14.0]]}},{"type":"Feature","geometry":{"type":"Point","coordinates":[9.526279,41.156707]},"properties":{"nm":"E 1003","ref":"E 1003","ch":"Fl R 3s 8M","ty":"light_minor","ar":[["R",8.0]]}},{"type":"Feature","geometry":{"type":"Point","coordinates":[9.421501,41.214825]},"properties":{"nm":"1100 Forte Camicio","ref":"E 0960.1","ch":"F G 3M","ty":"light_minor","ar":[["G",3.0]]}},{"type":"Feature","geometry":{"type":"Point","coordinates":[10.110466,42.79448]},"properties":{"nm":"Punta Polveraia","ref":"E 1444","ch":"LFl(3) W 15s 16M","ty":"light_major","ar":[["W",16.0]]}},{"type":"Feature","geometry":{"type":"Point","coordinates":[11.211344,42.40362]},"properties":{"nm":"E 1504.4","ref":"E 1504.4","ch":"Iso G 2s 6M","ty":"light_minor","ss":[["G",85.0,275.0,6.0]]}},{"type":"Feature","geometry":{"type":"Point","coordinates":[11.212909,42.40351]},"properties":{"nm":"Cala Galera","ref":"E 1504","ch":"Iso R 2s 7M","ty":"light_minor","ss":[["W",197.0,17.0,10.0],["R",17.0,197.0,7.0]]}},{"type":"Feature","geometry":{"type":"Point","coordinates":[11.209971,42.394993]},"properties":{"nm":"Punta Scoglione","ref":"E 1503","ch":"Fl G 3s 4M","ty":"light_minor","ar":[["G",4.0]]}},{"type":"Feature","geometry":{"type":"Point","coordinates":[11.210845,42.393927]},"properties":{"nm":"Punta Santa Barbara","ref":"E 1502","ch":"Fl R 3s 8M","ty":"light_minor","ar":[["R",8.0]]}},{"type":"Feature","geometry":{"type":"Point","coordinates":[11.212475,42.390054]},"properties":{"nm":"Forte La Rocca","ref":"E 1500","ch":"LFl R 7s 13M","ty":"light_major","ss":[["W",285.0,10.0,16.0],["R",177.0,285.0,13.0]]}},{"type":"Feature","geometry":{"type":"Point","coordinates":[11.108096,42.239384]},"properties":{"nm":"Isola di Giannutri","ref":"E 1496","ch":"Fl W 5s 13M","ty":"light_minor","ss":[["W",195.0,106.0,13.0]]}},{"type":"Feature","geometry":{"type":"Point","coordinates":[10.920409,42.360979]},"properties":{"nm":"E 1490","ref":"E 1490","ch":"Fl G 3s 7M","ty":"light_minor","ar":[["G",7.0]]}},{"type":"Feature","geometry":{"type":"Point","coordinates":[10.921156,42.361384]},"properties":{"nm":"E 1488","ref":"E 1488","ch":"Fl R 3s 7M","ty":"light_major","ar":[["R",7.0]]}},{"type":"Feature","geometry":{"type":"Point","coordinates":[11.124583,42.439253]},"properties":{"nm":"E 1481","ref":"E 1481","ch":"Fl G 3s 2M","ty":"light_minor","ar":[["G",2.0]]}},{"type":"Feature","geometry":{"type":"Point","coordinates":[11.124322,42.437617]},"properties":{"nm":"E 1482","ref":"E 1482","ch":"Fl R 3s 4M","ty":"light_minor","ar":[["R",4.0]]}},{"type":"Feature","geometry":{"type":"Point","coordinates":[11.116088,42.442001]},"properties":{"nm":"Sanita","ref":"E 1483","ch":"F G 3M","ty":"light_minor","ar":[["G",3.0]]}},{"type":"Feature","geometry":{"type":"Point","coordinates":[11.103902,42.446456]},"properties":{"nm":"Punta Lividonia","ref":"E 1480","ch":"Fl W 5s 16M","ty":"light_major","ss":[["W",35.0,228.0,16.0]]}},{"type":"Feature","geometry":{"type":"Point","coordinates":[11.138989,42.554238]},"properties":{"nm":"E 1477.5","ref":"E 1477.5","ch":"Fl(2) R 6s 7M","ty":"light_minor","ar":[["R",7.0]]}},{"type":"Feature","geometry":{"type":"Point","coordinates":[10.980955,42.711894]},"properties":{"nm":"Marina di Grosseto","ref":"E 1472","ch":"F G 3M","ty":"light_minor","ar":[["G",3.0]]}},{"type":"Feature","geometry":{"type":"Point","coordinates":[10.876759,42.760144]},"properties":{"nm":"Castiglione della Pescaia","ref":"E 1468","ch":"Fl G 3s 4M","ty":"light_minor","ar":[["G",4.0]]}},{"type":"Feature","geometry":{"type":"Point","coordinates":[10.772548,42.900936]},"properties":{"nm":"Follonica","ref":"E 1461","ch":"F R 3M","ty":"light_minor","ar":[["G",3.0],["R",3.0],["R",3.0]]}},{"type":"Feature","geometry":{"type":"Point","coordinates":[10.603256,42.952156]},"properties":{"nm":"Torre del Sale","ref":"E 1460","ch":"Oc W 3s 5M","ty":"light_minor","ar":[["W",5.0]]}},{"type":"Feature","geometry":{"type":"Point","coordinates":[10.54005,42.899533]},"properties":{"nm":"No.3","ref":"","ch":"Fl Y 3s 4M","ty":"beacon_special_purpose","ar":[["Y",4.0]]}},{"type":"Feature","geometry":{"type":"Point","coordinates":[10.544502,42.934703]},"properties":{"nm":"E 1459","ref":"E 1459","ch":"F R 3M","ty":"light_minor","ar":[["R",3.0]]}},{"type":"Feature","geometry":{"type":"Point","coordinates":[10.548899,42.933891]},"properties":{"nm":"E 1457","ref":"E 1457","ch":"F G 3M","ty":"light_minor","ar":[["G",3.0]]}},{"type":"Feature","geometry":{"type":"Point","coordinates":[10.545803,42.932072]},"properties":{"nm":"E 1458","ref":"E 1458","ch":"F G 3M","ty":"light_minor","ar":[["R",3.0],["G",3.0]]}},{"type":"Feature","geometry":{"type":"Point","coordinates":[10.561084,42.932665]},"properties":{"nm":"E 1456","ref":"E 1456","ch":"Fl R 5s 8M","ty":"light_minor","ar":[["R",8.0]]}},{"type":"Feature","geometry":{"type":"Point","coordinates":[10.494834,42.993927]},"properties":{"nm":"Porto Baratti","ref":"E 1390","ch":"Fl W 3s 9M","ty":"light_minor","ar":[["W",9.0]]}},{"type":"Feature","geometry":{"type":"Point","coordinates":[10.096239,42.585756]},"properties":{"nm":"Isola Pianosa","ref":"E 1448","ch":"Fl(2) W 10s 16M","ty":"light_major","ar":[["W",16.0]]}},{"type":"Feature","geometry":{"type":"Point","coordinates":[10.237974,42.743385]},"properties":{"nm":"E 1441","ref":"E 1441","ch":"F R 3M","ty":"light_minor","ss":[["R",180.0,293.0,3.0]]}},{"type":"Feature","geometry":{"type":"Point","coordinates":[10.239568,42.7433]},"properties":{"nm":"E 1440","ref":"E 1440","ch":"Fl R 5s 3M","ty":"light_minor","ar":[["R",3.0]]}},{"type":"Feature","geometry":{"type":"Point","coordinates":[10.238309,42.742446]},"properties":{"nm":"Marina di Campo","ref":"E 1439","ch":"Fl W 3s 10M","ty":"light_minor","ar":[["W",10.0]]}},{"type":"Feature","geometry":{"type":"Point","coordinates":[10.409753,42.754333]},"properties":{"nm":"Capo Focardo","ref":"","ch":"Fl(3) W 15s 16M","ty":"light_minor","ar":[["W",16.0]]}},{"type":"Feature","geometry":{"type":"Point","coordinates":[10.394958,42.762633]},"properties":{"nm":"Punta S. Giovanni","ref":"E 1434","ch":"Fl R 3s 6M","ty":"light_minor","ss":[["R",230.0,10.0,6.0]]}},{"type":"Feature","geometry":{"type":"Point","coordinates":[10.398145,42.762983]},"properties":{"nm":"E 1436","ref":"E 1436","ch":"Fl G 3s 6M","ty":"light_minor","ar":[["G",6.0]]}},{"type":"Feature","geometry":{"type":"Point","coordinates":[10.431258,42.816141]},"properties":{"nm":"Rio Marina","ref":"E 1428","ch":"Fl R 3s 3M","ty":"light_minor","ar":[["R",3.0]]}},{"type":"Feature","geometry":{"type":"Point","coordinates":[10.429684,42.815976]},"properties":{"nm":"E 1428.2","ref":"E 1428.2","ch":"Fl G 3s 3M","ty":"light_minor","ar":[["G",3.0]]}},{"type":"Feature","geometry":{"type":"Point","coordinates":[10.424693,42.860655]},"properties":{"nm":"E 1423","ref":"E 1423","ch":"F R 3M","ty":"light_minor","ar":[["R",3.0]]}},{"type":"Feature","geometry":{"type":"Point","coordinates":[10.421842,42.860272]},"properties":{"nm":"Cavo","ref":"E 1424","ch":"F G 3M","ty":"light_minor","ar":[["G",3.0]]}},{"type":"Feature","geometry":{"type":"Point","coordinates":[10.317233,42.808909]},"properties":{"nm":"E 1417.2","ref":"E 1417.2","ch":"F R 3M","ty":"light_minor","ar":[["R",3.0]]}},{"type":"Feature","geometry":{"type":"Point","coordinates":[10.317617,42.809006]},"properties":{"nm":"E 1417","ref":"E 1417","ch":"F G 3M","ty":"light_minor","ar":[["G",3.0]]}},{"type":"Feature","geometry":{"type":"Point","coordinates":[10.324078,42.810755]},"properties":{"nm":"Pontile No.3, Head","ref":"E 1416.4","ch":"F R 4M","ty":"light_minor","ar":[["G",4.0],["R",4.0]]}},{"type":"Feature","geometry":{"type":"Point","coordinates":[10.328537,42.812866]},"properties":{"nm":"Faro del moletto della Sanità","ref":"E 1415","ch":"Fl R 4s 3M","ty":"light_minor","ss":[["R",320.0,68.0,3.0]]}},{"type":"Feature","geometry":{"type":"Point","coordinates":[10.3183,42.825]},"properties":{"nm":"Secca di Capo Bianco","ref":"E 1409","ch":"Q W 3M","ty":"beacon_cardinal","ar":[["W",3.0]]}},{"type":"Feature","geometry":{"type":"Point","coordinates":[10.198944,42.808599]},"properties":{"nm":"Marciana Marina","ref":"E 1408","ch":"Fl G 4s 8M","ty":"light_minor","ar":[["G",8.0]]}},{"type":"Feature","geometry":{"type":"Point","coordinates":[9.836765,43.05046]},"properties":{"nm":"E 1401","ref":"E 1401","ch":"Fl Y 3s","ty":"light_minor","ar":[["Y",null]]}},{"type":"Feature","geometry":{"type":"Point","coordinates":[9.844361,43.051179]},"properties":{"nm":"Punta del Ferraione","ref":"E 1400","ch":"LFl W 6s 16M","ty":"light_major","ar":[["W",16.0]]}},{"type":"Feature","geometry":{"type":"Point","coordinates":[9.334925,41.223259]},"properties":{"nm":"Secca Corsara","ref":"E 0951","ch":"Q(6) W 15s 5M","ty":"beacon_cardinal","ar":[["W",5.0]]}},{"type":"Feature","geometry":{"type":"Point","coordinates":[9.453144,42.694849]},"properties":{"nm":"E 0856","ref":"E 0856","ch":"Fl R 4s 12M","ty":"light_major","ss":[["W",215.0,325.0,15.0],["R",40.0,130.0,12.0],["R",130.0,215.0,12.0],["R",325.0,40.0,12.0]]}},{"type":"Feature","geometry":{"type":"Point","coordinates":[10.877712,42.760542]},"properties":{"nm":"","ref":"","ch":"","ty":"lh"}},{"type":"Feature","geometry":{"type":"Point","coordinates":[9.478967,42.992083]},"properties":{"nm":"Finocchiarola","ref":"","ch":"VQ(3) W 5s","ty":"buoy_cardinal","ar":[["W",null]]}},{"type":"Feature","geometry":{"type":"Point","coordinates":[9.494594,41.142315]},"properties":{"nm":"Porticciolo di Poltu Quatu, E. breakwater.","ref":"","ch":"R","ty":"light_minor","ar":[["R",null]]}},{"type":"Feature","geometry":{"type":"Point","coordinates":[9.294867,41.589867]},"properties":{"nm":"","ref":"","ch":"Fl(3) R 12s","ty":"buoy_lateral","ar":[["R",null]]}},{"type":"Feature","geometry":{"type":"Point","coordinates":[9.293767,41.590383]},"properties":{"nm":"","ref":"","ch":"Fl(3) G 12s","ty":"buoy_lateral","ar":[["G",null]]}},{"type":"Feature","geometry":{"type":"Point","coordinates":[9.2974,41.5931]},"properties":{"nm":"","ref":"","ch":"Fl(2+1) G 10s","ty":"buoy_lateral","ar":[["G",null]]}},{"type":"Feature","geometry":{"type":"Point","coordinates":[9.3097,41.6015]},"properties":{"nm":"","ref":"","ch":"Fl R 4s","ty":"buoy_lateral","ar":[["R",null]]}},{"type":"Feature","geometry":{"type":"Point","coordinates":[9.308917,41.601983]},"properties":{"nm":"","ref":"","ch":"Fl G 4s","ty":"buoy_lateral","ar":[["G",null]]}},{"type":"Feature","geometry":{"type":"Point","coordinates":[9.317306,41.609]},"properties":{"nm":"Benedetto","ref":"","ch":"Fl(4) G 15s","ty":"buoy_lateral","ar":[["G",null]]}},{"type":"Feature","geometry":{"type":"Point","coordinates":[8.763683,42.563283]},"properties":{"nm":"","ref":"","ch":"Q W","ty":"buoy_cardinal","ar":[["W",null]]}},{"type":"Feature","geometry":{"type":"Point","coordinates":[8.778333,42.5647]},"properties":{"nm":"","ref":"","ch":"VQ(9) W 10s","ty":"buoy_cardinal","ar":[["W",null]]}},{"type":"Feature","geometry":{"type":"Point","coordinates":[9.454063,42.960993]},"properties":{"nm":"","ref":"","ch":"Fl(2) G 6s","ty":"light_minor","ar":[["G",null]]}},{"type":"Feature","geometry":{"type":"Point","coordinates":[9.520333,41.132767]},"properties":{"nm":"E 1006.1","ref":"E 1006.1","ch":"Oc R 4s 3M","ty":"light_minor","ss":[["R",247.4,252.4,3.0]]}},{"type":"Feature","geometry":{"type":"Point","coordinates":[11.133885,42.551767]},"properties":{"nm":"Talamone","ref":"","ch":"Fl(2) W 10s 15M","ty":"light_major","ar":[["W",15.0]]}},{"type":"Feature","geometry":{"type":"Point","coordinates":[9.199056,41.244415]},"properties":{"nm":"Fanaletto Terravecchia","ref":"","ch":"","ty":"lh"}},{"type":"Feature","geometry":{"type":"Point","coordinates":[9.427552,41.213926]},"properties":{"nm":"1110.3 camiciotto est","ref":"","ch":"F G","ty":"light_minor","ar":[["G",null]]}},{"type":"Feature","geometry":{"type":"Point","coordinates":[8.370667,40.835367]},"properties":{"nm":"E 1136.41","ref":"E 1136.41","ch":"F G 2M","ty":"light_minor","ss":[["G",135.0,225.0,2.0]]}},{"type":"Feature","geometry":{"type":"Point","coordinates":[9.73565,40.926033]},"properties":{"nm":"Isola Tavolara","ref":"E 1028","ch":"LFl(2) W 10s 15M","ty":"light_major","ss":[["",50.0,341.0,null]],"ar":[["W",15.0]]}},{"type":"Feature","geometry":{"type":"Point","coordinates":[9.253553,41.317425]},"properties":{"nm":"Lavezzi","ref":"E 0874","ch":"Fl(2) W 6s 9M","ty":"beacon_isolated_danger","ar":[["W",9.0]]}},{"type":"Feature","geometry":{"type":"Point","coordinates":[9.523837,40.916985]},"properties":{"nm":"","ref":"","ch":"G","ty":"lh","ar":[["G",null]]}},{"type":"Feature","geometry":{"type":"Point","coordinates":[9.524578,40.917155]},"properties":{"nm":"","ref":"","ch":"R","ty":"lh","ar":[["R",null]]}},{"type":"Feature","geometry":{"type":"Point","coordinates":[9.514513,40.919305]},"properties":{"nm":"","ref":"","ch":"R","ty":"beacon_lateral","ar":[["R",null]]}},{"type":"Feature","geometry":{"type":"Point","coordinates":[9.511659,40.919382]},"properties":{"nm":"","ref":"","ch":"R","ty":"beacon_lateral","ar":[["R",null]]}},{"type":"Feature","geometry":{"type":"Point","coordinates":[9.518434,40.919409]},"properties":{"nm":"","ref":"","ch":"R","ty":"beacon_lateral","ar":[["R",null]]}},{"type":"Feature","geometry":{"type":"Point","coordinates":[9.524869,40.919632]},"properties":{"nm":"","ref":"","ch":"R","ty":"beacon_lateral","ar":[["R",null]]}},{"type":"Feature","geometry":{"type":"Point","coordinates":[9.50763,40.920023]},"properties":{"nm":"","ref":"","ch":"R","ty":"beacon_lateral","ar":[["R",null]]}},{"type":"Feature","geometry":{"type":"Point","coordinates":[9.518592,40.920172]},"properties":{"nm":"","ref":"","ch":"G","ty":"beacon_lateral","ar":[["G",null]]}},{"type":"Feature","geometry":{"type":"Point","coordinates":[9.527174,40.920374]},"properties":{"nm":"","ref":"","ch":"R","ty":"beacon_lateral","ar":[["R",null]]}},{"type":"Feature","geometry":{"type":"Point","coordinates":[9.53206,40.920716]},"properties":{"nm":"","ref":"","ch":"R","ty":"beacon_lateral","ar":[["R",null]]}},{"type":"Feature","geometry":{"type":"Point","coordinates":[9.536938,40.920864]},"properties":{"nm":"","ref":"","ch":"R","ty":"beacon_lateral","ar":[["R",null]]}},{"type":"Feature","geometry":{"type":"Point","coordinates":[9.54813,40.921227]},"properties":{"nm":"","ref":"","ch":"R","ty":"beacon_lateral","ar":[["R",null]]}},{"type":"Feature","geometry":{"type":"Point","coordinates":[9.560442,40.921743]},"properties":{"nm":"","ref":"","ch":"R","ty":"beacon_lateral","ar":[["R",null]]}},{"type":"Feature","geometry":{"type":"Point","coordinates":[9.539997,40.922146]},"properties":{"nm":"","ref":"","ch":"G","ty":"beacon_lateral","ar":[["G",null]]}},{"type":"Feature","geometry":{"type":"Point","coordinates":[9.572464,40.92223]},"properties":{"nm":"","ref":"","ch":"R","ty":"beacon_lateral","ar":[["R",null]]}},{"type":"Feature","geometry":{"type":"Point","coordinates":[9.547995,40.922485]},"properties":{"nm":"","ref":"","ch":"G","ty":"beacon_lateral","ar":[["G",null]]}},{"type":"Feature","geometry":{"type":"Point","coordinates":[9.560205,40.922914]},"properties":{"nm":"","ref":"","ch":"G","ty":"beacon_lateral","ar":[["G",null]]}},{"type":"Feature","geometry":{"type":"Point","coordinates":[9.571856,40.923369]},"properties":{"nm":"","ref":"","ch":"G","ty":"beacon_lateral","ar":[["G",null]]}},{"type":"Feature","geometry":{"type":"Point","coordinates":[9.621623,40.996086]},"properties":{"nm":"","ref":"","ch":"G","ty":"light_minor","ar":[["G",null]]}},{"type":"Feature","geometry":{"type":"Point","coordinates":[9.622103,40.996145]},"properties":{"nm":"","ref":"","ch":"R","ty":"light_minor","ar":[["R",null]]}},{"type":"Feature","geometry":{"type":"Point","coordinates":[9.750688,40.910233]},"properties":{"nm":"","ref":"","ch":"Fl(2) Y 10s","ty":"buoy_special_purpose","ar":[["Y",null]]}},{"type":"Feature","geometry":{"type":"Point","coordinates":[9.396661,41.206635]},"properties":{"nm":"1052 Secca di Punta Nera","ref":"","ch":"Fl R 6s","ty":"buoy_lateral","ar":[["R",null]]}},{"type":"Feature","geometry":{"type":"Point","coordinates":[9.38666,41.205005]},"properties":{"nm":"1050 Secca forte Tegge","ref":"","ch":"Fl R 5s","ty":"buoy_lateral","ar":[["R",null]]}},{"type":"Feature","geometry":{"type":"Point","coordinates":[9.407309,41.205445]},"properties":{"nm":"","ref":"","ch":"F G","ty":"beacon_lateral","ar":[["G",null]]}},{"type":"Feature","geometry":{"type":"Point","coordinates":[9.412275,41.209857]},"properties":{"nm":"","ref":"","ch":"F G","ty":"beacon_lateral","ar":[["G",null]]}},{"type":"Feature","geometry":{"type":"Point","coordinates":[6.674277,43.2006]},"properties":{"nm":"","ref":"","ch":"","ty":"lh"}},{"type":"Feature","geometry":{"type":"Point","coordinates":[10.323258,42.81012]},"properties":{"nm":"Mole No.1, Head","ref":"","ch":"Fl Y 3s 4M","ty":"light_minor","ar":[["Y",4.0]]}},{"type":"Feature","geometry":{"type":"Point","coordinates":[10.32343,42.811663]},"properties":{"nm":"Hydrofoil Pier, Head","ref":"","ch":"F R 4M","ty":"light_minor","ar":[["R",4.0]]}},{"type":"Feature","geometry":{"type":"Point","coordinates":[10.324455,42.812008]},"properties":{"nm":"Nuovo Pontile G Massimo, Head","ref":"E 1416","ch":"F R 4M","ty":"light_minor","ar":[["G",4.0],["R",4.0]]}},{"type":"Feature","geometry":{"type":"Point","coordinates":[10.316028,42.807784]},"properties":{"nm":"","ref":"","ch":"F W","ty":"light_minor","ar":[["W",null]]}},{"type":"Feature","geometry":{"type":"Point","coordinates":[10.535364,43.097858]},"properties":{"nm":"","ref":"","ch":"Fl R","ty":"beacon_lateral","ar":[["R",null]]}},{"type":"Feature","geometry":{"type":"Point","coordinates":[9.838034,43.049513]},"properties":{"nm":"","ref":"","ch":"Fl R","ty":"beacon_lateral","ar":[["R",null]]}},{"type":"Feature","geometry":{"type":"Point","coordinates":[9.838015,43.05001]},"properties":{"nm":"","ref":"","ch":"Fl G","ty":"beacon_lateral","ar":[["G",null]]}},{"type":"Feature","geometry":{"type":"Point","coordinates":[9.837229,43.050508]},"properties":{"nm":"","ref":"","ch":"Fl G 6s","ty":"beacon_lateral","ar":[["G",null]]}},{"type":"Feature","geometry":{"type":"Point","coordinates":[9.838042,43.050574]},"properties":{"nm":"","ref":"","ch":"Fl R 6s","ty":"beacon_lateral","ar":[["R",null]]}},{"type":"Feature","geometry":{"type":"Point","coordinates":[9.452032,42.694856]},"properties":{"nm":"","ref":"","ch":"Fl R","ty":"beacon_lateral","ar":[["R",null]]}},{"type":"Feature","geometry":{"type":"Point","coordinates":[9.322783,42.716685]},"properties":{"nm":"Punta Vecchiaia","ref":"","ch":"","ty":"lh"}},{"type":"Feature","geometry":{"type":"Point","coordinates":[9.434993,41.18]},"properties":{"nm":"Secca di capo Fico","ref":"","ch":"Fl G","ty":"buoy_lateral","ar":[["G",null]]}},{"type":"Feature","geometry":{"type":"Point","coordinates":[9.466659,41.166663]},"properties":{"nm":"Secca di Punta Rossa","ref":"","ch":"Fl G","ty":"beacon_lateral","ar":[["G",null]]}},{"type":"Feature","geometry":{"type":"Point","coordinates":[9.428336,41.211663]},"properties":{"nm":"1108 Camiciotto Sud","ref":"","ch":"W","ty":"beacon_special_purpose","ar":[["W",null]]}},{"type":"Feature","geometry":{"type":"Point","coordinates":[9.42166,41.209994]},"properties":{"nm":"1103 Amm Mirabello","ref":"","ch":"W","ty":"beacon_cardinal","ar":[["W",null]]}},{"type":"Feature","geometry":{"type":"Point","coordinates":[8.922685,42.633112]},"properties":{"nm":"Sémaphore de l'Ile Rousse","ref":"","ch":"","ty":"lh"}},{"type":"Feature","geometry":{"type":"Point","coordinates":[8.759245,42.566388]},"properties":{"nm":"","ref":"","ch":"Q R 2M","ty":"light_minor","ar":[["R",2.0]]}},{"type":"Feature","geometry":{"type":"Point","coordinates":[8.899492,41.678503]},"properties":{"nm":"","ref":"","ch":"G 2M","ty":"light_minor","ar":[["G",2.0]]}},{"type":"Feature","geometry":{"type":"Point","coordinates":[10.199275,42.807144]},"properties":{"nm":"Marciana Marina","ref":"E 1408","ch":"Fl R 4s 8M","ty":"light_minor","ar":[["R",8.0]]}},{"type":"Feature","geometry":{"type":"Point","coordinates":[9.541325,42.340663]},"properties":{"nm":"","ref":"","ch":"","ty":"light_major"}},{"type":"Feature","geometry":{"type":"Point","coordinates":[8.233369,40.935685]},"properties":{"nm":"E 1134.4","ref":"E 1134.4","ch":"Fl G 4s 8M","ty":"light_minor","ar":[["G",8.0]]}},{"type":"Feature","geometry":{"type":"Point","coordinates":[10.781284,42.886933]},"properties":{"nm":"","ref":"","ch":"","ty":"lh"}},{"type":"Feature","geometry":{"type":"Point","coordinates":[10.781953,42.88612]},"properties":{"nm":"","ref":"","ch":"","ty":"lh"}},{"type":"Feature","geometry":{"type":"Point","coordinates":[8.397258,40.836026]},"properties":{"nm":"Porto Torres","ref":"E 1138","ch":"LFl(2) W 10s 16M","ty":"light_major","ar":[["W",16.0]]}},{"type":"Feature","geometry":{"type":"Point","coordinates":[9.540501,42.260424]},"properties":{"nm":"Ruisseau d′Alistro","ref":"E 0864","ch":"Fl(2) W 10s 22M","ty":"light_major","ar":[["W",22.0]]}},{"type":"Feature","geometry":{"type":"Point","coordinates":[9.108667,41.2235]},"properties":{"nm":"","ref":"","ch":"Fl Y 4s","ty":"buoy_special_purpose","ar":[["Y",null]]}},{"type":"Feature","geometry":{"type":"Point","coordinates":[9.1245,41.221667]},"properties":{"nm":"","ref":"","ch":"Fl Y 4s","ty":"buoy_special_purpose","ar":[["Y",null]]}},{"type":"Feature","geometry":{"type":"Point","coordinates":[9.124667,41.249333]},"properties":{"nm":"","ref":"","ch":"Fl Y 4s","ty":"buoy_special_purpose","ar":[["Y",null]]}},{"type":"Feature","geometry":{"type":"Point","coordinates":[9.108667,41.246833]},"properties":{"nm":"","ref":"","ch":"Fl Y 4s","ty":"buoy_special_purpose","ar":[["Y",null]]}},{"type":"Feature","geometry":{"type":"Point","coordinates":[10.736231,42.807903]},"properties":{"nm":"E 1466.2","ref":"E 1466.2","ch":"Fl R 2s 5M","ty":"light_minor","ar":[["R",5.0]]}},{"type":"Feature","geometry":{"type":"Point","coordinates":[10.617243,42.953801]},"properties":{"nm":"","ref":"","ch":"Fl G 3s 3M","ty":"beacon_lateral","ar":[["G",3.0]]}},{"type":"Feature","geometry":{"type":"Point","coordinates":[10.617173,42.953521]},"properties":{"nm":"","ref":"","ch":"Fl R 3s 3M","ty":"beacon_lateral","ar":[["R",3.0]]}},{"type":"Feature","geometry":{"type":"Point","coordinates":[9.491009,42.794554]},"properties":{"nm":"","ref":"","ch":"","ty":"lh"}},{"type":"Feature","geometry":{"type":"Point","coordinates":[10.561826,42.946885]},"properties":{"nm":"N Breakwater","ref":"E 1459.5","ch":"Fl G 3s 3M","ty":"beacon_lateral","ar":[["G",3.0]]}},{"type":"Feature","geometry":{"type":"Point","coordinates":[10.563204,42.946072]},"properties":{"nm":"S Breakwater","ref":"E 1459.4","ch":"Fl R 3s 3M","ty":"beacon_lateral","ar":[["R",3.0]]}},{"type":"Feature","geometry":{"type":"Point","coordinates":[10.238342,42.74175]},"properties":{"nm":"Faro di Marina di Campo","ref":"","ch":"W 3s","ty":"light_major","ar":[["W",null]]}},{"type":"Feature","geometry":{"type":"Point","coordinates":[10.559262,42.947875]},"properties":{"nm":"E 1459.62","ref":"E 1459.62","ch":"Fl G 3s 3M","ty":"light_minor","ar":[["G",3.0]]}},{"type":"Feature","geometry":{"type":"Point","coordinates":[10.559422,42.947439]},"properties":{"nm":"E 1459.63","ref":"E 1459.63","ch":"Fl R 3s 3M","ty":"light_minor","ar":[["R",3.0]]}},{"type":"Feature","geometry":{"type":"Point","coordinates":[10.56059,42.947893]},"properties":{"nm":"E 1459.6","ref":"E 1459.6","ch":"VQ W 3M","ty":"beacon_cardinal","ar":[["W",3.0]]}},{"type":"Feature","geometry":{"type":"Point","coordinates":[8.904643,44.404552]},"properties":{"nm":"Lanterna di Genova","ref":"","ch":"","ty":"lh"}},{"type":"Feature","geometry":{"type":"Point","coordinates":[7.132147,43.590656]},"properties":{"nm":"","ref":"","ch":"","ty":"lh"}},{"type":"Feature","geometry":{"type":"Point","coordinates":[6.206344,42.983478]},"properties":{"nm":"Cap-d'Arme","ref":"","ch":"Fl(2) W 10s 29M","ty":"landmark","ss":[["W",243.0,252.0,29.0],["W",142.0,204.0,29.0],["W",266.0,119.0,29.0]]}},{"type":"Feature","geometry":{"type":"Point","coordinates":[10.237329,43.857942]},"properties":{"nm":"Viareggio","ref":"E 1340","ch":"Fl W 5s 22M","ty":"light_major","ar":[["W",22.0]]}},{"type":"Feature","geometry":{"type":"Point","coordinates":[7.016187,43.545115]},"properties":{"nm":"","ref":"","ch":"","ty":"lh"}},{"type":"Feature","geometry":{"type":"Point","coordinates":[7.132716,43.564341]},"properties":{"nm":"La Garoupe","ref":"E 0818","ch":"Fl(2) W 10s 31M","ty":"light_major","ar":[["W",31.0]]}},{"type":"Feature","geometry":{"type":"Point","coordinates":[6.933253,43.48312]},"properties":{"nm":"","ref":"","ch":"","ty":"lh"}},{"type":"Feature","geometry":{"type":"Point","coordinates":[7.077861,43.564121]},"properties":{"nm":"","ref":"","ch":"","ty":"lh"}},{"type":"Feature","geometry":{"type":"Point","coordinates":[7.061591,43.568173]},"properties":{"nm":"Phare de Vallauris","ref":"","ch":"","ty":"lh"}},{"type":"Feature","geometry":{"type":"Point","coordinates":[10.294946,43.543765]},"properties":{"nm":"Livorno","ref":"E 1356","ch":"Fl(4) W 20s 24M","ty":"light_major","ar":[["W",24.0]]}},{"type":"Feature","geometry":{"type":"Point","coordinates":[10.289394,43.542927]},"properties":{"nm":"Faro della Diga Curvilinea","ref":"","ch":"","ty":"lh"}},{"type":"Feature","geometry":{"type":"Point","coordinates":[7.288204,43.690587]},"properties":{"nm":"Phare de Nice","ref":"E 0822","ch":"Fl R 5s 20M","ty":"light_major","ar":[["R",20.0]]}},{"type":"Feature","geometry":{"type":"Point","coordinates":[7.120816,43.543521]},"properties":{"nm":"Phare de l'Ilette","ref":"","ch":"","ty":"lh"}},{"type":"Feature","geometry":{"type":"Point","coordinates":[7.130097,43.589004]},"properties":{"nm":"","ref":"","ch":"","ty":"lh"}},{"type":"Feature","geometry":{"type":"Point","coordinates":[6.763663,43.422567]},"properties":{"nm":"St. Raphael","ref":"E 0792","ch":"Fl(3) G 12s 10M","ty":"light_minor","ar":[["G",10.0]]}},{"type":"Feature","geometry":{"type":"Point","coordinates":[6.773842,43.406587]},"properties":{"nm":"Ilot Lion de Mer","ref":"E 0794","ch":"Iso W 4s 13M","ty":"light_minor","ss":[["R",249.0,275.0,10.0],["W",275.0,249.0,13.0]]}},{"type":"Feature","geometry":{"type":"Point","coordinates":[6.87073,43.426026]},"properties":{"nm":"Rade d'Agay","ref":"E 0795","ch":"Oc R 4s 12M","ty":"light_major","ss":[["W",294.0,32.0,15.0],["R",260.0,294.0,12.0]]}},{"type":"Feature","geometry":{"type":"Point","coordinates":[6.632545,43.272714]},"properties":{"nm":"","ref":"","ch":"","ty":"lh"}},{"type":"Feature","geometry":{"type":"Point","coordinates":[6.1987,43.004009]},"properties":{"nm":"E 0752","ref":"E 0752","ch":"Oc(2) W 6s 13M","ty":"light_minor","ss":[["R",230.0,150.0,10.0],["W",150.0,230.0,13.0]]}},{"type":"Feature","geometry":{"type":"Point","coordinates":[9.21412,44.301934]},"properties":{"nm":"E 1246","ref":"E 1246","ch":"Fl G 3s 7M","ty":"light_minor","ar":[["G",7.0]]}},{"type":"Feature","geometry":{"type":"Point","coordinates":[9.149187,44.351771]},"properties":{"nm":"Camogli","ref":"E 1236","ch":"Fl W 3s 9M","ty":"light_minor","ar":[["W",9.0]]}},{"type":"Feature","geometry":{"type":"Point","coordinates":[8.023356,43.87768]},"properties":{"nm":"E 1158","ref":"E 1158","ch":"Fl G 3s 2M","ty":"light_minor","ss":[["G",252.0,44.0,2.0]]}},{"type":"Feature","geometry":{"type":"Point","coordinates":[8.172173,43.955294]},"properties":{"nm":"Capo Mele","ref":"E 1168","ch":"Fl(3) W 15s 24M","ty":"light_major","ss":[["W",196.0,56.0,24.0]]}},{"type":"Feature","geometry":{"type":"Point","coordinates":[9.218373,44.298662]},"properties":{"nm":"Punta di Portofino","ref":"E 1244","ch":"Fl W 5s 16M","ty":"light_major","ss":[["W",155.0,98.0,16.0]]}},{"type":"Feature","geometry":{"type":"Point","coordinates":[8.931924,44.394157]},"properties":{"nm":"E 1220","ref":"E 1220","ch":"Fl G 4s 7M","ty":"light_minor","ar":[["G",7.0]]}},{"type":"Feature","geometry":{"type":"Point","coordinates":[8.952755,44.391985]},"properties":{"nm":"Punta Vagno","ref":"E 1230","ch":"LFl(3) W 15s 16M","ty":"light_major","ar":[["W",16.0]]}},{"type":"Feature","geometry":{"type":"Point","coordinates":[9.849373,44.026466]},"properties":{"nm":"Isola del Tino","ref":"E 1262","ch":"Fl(3) W 15s 25M","ty":"light_major","ar":[["W",25.0]]}},{"type":"Feature","geometry":{"type":"Point","coordinates":[6.362861,43.088534]},"properties":{"nm":"Cap Benat","ref":"E 0764","ch":"Fl R 5s 21M","ty":"light_major","ss":[["R",207.0,96.0,21.0]]}},{"type":"Feature","geometry":{"type":"Point","coordinates":[8.838828,44.417482]},"properties":{"nm":"","ref":"","ch":"","ty":"lh"}},{"type":"Feature","geometry":{"type":"Point","coordinates":[10.289594,43.551891]},"properties":{"nm":"Fanale Nord","ref":"","ch":"","ty":"lh"}},{"type":"Feature","geometry":{"type":"Point","coordinates":[10.233015,43.862244]},"properties":{"nm":"E 1342","ref":"E 1342","ch":"Iso G 3s 9M","ty":"light_minor","ar":[["G",9.0]]}},{"type":"Feature","geometry":{"type":"Point","coordinates":[9.031944,44.382444]},"properties":{"nm":"Nervi","ref":"E 1233","ch":"F R 3M","ty":"light_minor","ar":[["R",3.0]]}},{"type":"Feature","geometry":{"type":"Point","coordinates":[8.935069,44.39326]},"properties":{"nm":"E 1226","ref":"E 1226","ch":"Fl G 3s 7M","ty":"light_minor","ar":[["G",7.0]]}},{"type":"Feature","geometry":{"type":"Point","coordinates":[8.916549,44.398583]},"properties":{"nm":"E 1215","ref":"E 1215","ch":"Fl(3) G 7s 7M","ty":"light_minor","ar":[["G",7.0]]}},{"type":"Feature","geometry":{"type":"Point","coordinates":[8.918761,44.40704]},"properties":{"nm":"E 1226","ref":"E 1226","ch":"Fl G 3s 7M","ty":"light_minor","ar":[["G",7.0]]}},{"type":"Feature","geometry":{"type":"Point","coordinates":[9.21409,44.303345]},"properties":{"nm":"","ref":"","ch":"","ty":"lh"}},{"type":"Feature","geometry":{"type":"Point","coordinates":[10.036892,44.036255]},"properties":{"nm":"Marina di Carrara","ref":"E 1328","ch":"Fl W 3s 17M","ty":"light_major","ar":[["W",17.0]]}},{"type":"Feature","geometry":{"type":"Point","coordinates":[10.235295,43.862219]},"properties":{"nm":"E 1341","ref":"E 1341","ch":"Iso R 3s 7M","ty":"light_minor","ar":[["R",7.0]]}},{"type":"Feature","geometry":{"type":"Point","coordinates":[10.211213,43.59146]},"properties":{"nm":"Faro settentrionale della Meloria","ref":"E 1347.8","ch":"Fl(2) W 10s 10M","ty":"light_minor","ar":[["W",10.0]]}},{"type":"Feature","geometry":{"type":"Point","coordinates":[7.083248,43.539573]},"properties":{"nm":"La Fourmigue","ref":"E 0806","ch":"Fl(2) W 10s 7M","ty":"beacon_isolated_danger","ar":[["W",7.0]]}},{"type":"Feature","geometry":{"type":"Point","coordinates":[7.051518,43.499475]},"properties":{"nm":"Les Moines","ref":"E 0805","ch":"Q(6) W 15s 9M","ty":"beacon_cardinal","ar":[["W",9.0]]}},{"type":"Feature","geometry":{"type":"Point","coordinates":[6.144046,43.016508]},"properties":{"nm":"Ile Grand Ribaud","ref":"E 0748","ch":"Fl(4) W 15s 15M","ty":"light_major","ar":[["W",15.0]]}},{"type":"Feature","geometry":{"type":"Point","coordinates":[10.243359,43.864247]},"properties":{"nm":"Faro di Viareggio","ref":"","ch":"","ty":"light_major"}},{"type":"Feature","geometry":{"type":"Point","coordinates":[10.547683,43.734825]},"properties":{"nm":"Monumento ai Caduti del Vega 10","ref":"","ch":"","ty":"lh"}},{"type":"Feature","geometry":{"type":"Point","coordinates":[7.32687,43.675192]},"properties":{"nm":"Cap Ferrat","ref":"E 0828","ch":"Fl W 3s 25M","ty":"light_major","ss":[["W",226.0,167.0,25.0]]}},{"type":"Feature","geometry":{"type":"Point","coordinates":[7.139594,43.632435]},"properties":{"nm":"E 0818.7","ref":"E 0818.7","ch":"Fl(2) G 6s 9M","ty":"light_minor","ar":[["G",9.0]]}},{"type":"Feature","geometry":{"type":"Point","coordinates":[10.364225,43.320099]},"properties":{"nm":"Faro delle Secche di Vada","ref":"","ch":"","ty":"lh"}},{"type":"Feature","geometry":{"type":"Point","coordinates":[6.510236,43.046547]},"properties":{"nm":"Le Titan","ref":"E 0770","ch":"Fl W 5s 28M","ty":"light_major","ss":[["W",154.0,44.0,28.0]]}},{"type":"Feature","geometry":{"type":"Point","coordinates":[8.029316,43.874905]},"properties":{"nm":"Molo Salvo","ref":"E 1157","ch":"Fl R 3s 8M","ty":"light_minor","ar":[["R",8.0]]}},{"type":"Feature","geometry":{"type":"Point","coordinates":[8.038789,43.882686]},"properties":{"nm":"Imperia Levante","ref":"E 1162","ch":"Fl(2) G 6s 8M","ty":"light_minor","ar":[["G",8.0]]}},{"type":"Feature","geometry":{"type":"Point","coordinates":[7.1382,43.631665]},"properties":{"nm":"E 0818.6","ref":"E 0818.6","ch":"Fl(2) R 6s 7M","ty":"light_minor","ar":[["R",7.0]]}},{"type":"Feature","geometry":{"type":"Point","coordinates":[10.362814,43.458211]},"properties":{"nm":"Quercianella","ref":"E 1382","ch":"F R 3M","ty":"light_minor","ar":[["R",3.0]]}},{"type":"Feature","geometry":{"type":"Point","coordinates":[10.321326,43.495898]},"properties":{"nm":"Antignano","ref":"E 1381","ch":"Fl G 3s 4M","ty":"beacon_lateral","ar":[["G",4.0]]}},{"type":"Feature","geometry":{"type":"Point","coordinates":[10.307916,43.524365]},"properties":{"nm":"Porticciolo San Leopoldo","ref":"E 1380.4","ch":"Fl G 8s 4M","ty":"light_minor","ar":[["G",4.0]]}},{"type":"Feature","geometry":{"type":"Point","coordinates":[10.304644,43.52865]},"properties":{"nm":"Porticciolo San Jacopo","ref":"E 1380.2","ch":"Fl G 5s 3M","ty":"light_minor","ar":[["G",3.0]]}},{"type":"Feature","geometry":{"type":"Point","coordinates":[10.286115,43.537852]},"properties":{"nm":"E 1374","ref":"E 1374","ch":"Fl G 3s 12M","ty":"light_minor","ss":[["G",330.0,240.0,12.0]]}},{"type":"Feature","geometry":{"type":"Point","coordinates":[10.295154,43.550062]},"properties":{"nm":"E 1380","ref":"E 1380","ch":"Fl(2) G 6s 5M","ty":"beacon_lateral","ar":[["G",5.0]]}},{"type":"Feature","geometry":{"type":"Point","coordinates":[10.290693,43.557789]},"properties":{"nm":"E 1360","ref":"E 1360","ch":"Fl(3) R 10s 7M","ty":"light_minor","ar":[["R",7.0]]}},{"type":"Feature","geometry":{"type":"Point","coordinates":[10.289407,43.542914]},"properties":{"nm":"E 1368","ref":"E 1368","ch":"Fl R 3s 12M","ty":"light_minor","ss":[["W",78.0,139.0,16.0],["R",180.0,78.0,12.0]]}},{"type":"Feature","geometry":{"type":"Point","coordinates":[10.289755,43.551889]},"properties":{"nm":"E 1370","ref":"E 1370","ch":"Fl G 3s 5M","ty":"light_minor","ss":[["R",288.0,48.0,5.0],["G",160.0,288.0,5.0]]}},{"type":"Feature","geometry":{"type":"Point","coordinates":[10.288837,43.55349]},"properties":{"nm":"E 1359","ref":"E 1359","ch":"Fl W 3s 4M","ty":"light_minor","ss":[["W",222.0,229.0,4.0]]}},{"type":"Feature","geometry":{"type":"Point","coordinates":[10.286608,43.557911]},"properties":{"nm":"E 1358","ref":"E 1358","ch":"Fl(3) W 10s 9M","ty":"light_minor","ss":[["G",138.0,341.0,7.0],["W",64.0,138.0,9.0]]}},{"type":"Feature","geometry":{"type":"Point","coordinates":[10.218917,43.546211]},"properties":{"nm":"Faro meridionale della Meloria","ref":"E 1348","ch":"Q(6) W 15s 12M","ty":"beacon_cardinal","ar":[["W",12.0]]}},{"type":"Feature","geometry":{"type":"Point","coordinates":[10.259967,43.587117]},"properties":{"nm":"E 1348.5","ref":"E 1348.5","ch":"Q(3) W 10s 7M","ty":"beacon_cardinal","ar":[["W",7.0]]}},{"type":"Feature","geometry":{"type":"Point","coordinates":[10.268551,43.677202]},"properties":{"nm":"E 1347","ref":"E 1347","ch":"F R 3M","ty":"light_minor","ar":[["R",3.0]]}},{"type":"Feature","geometry":{"type":"Point","coordinates":[10.097147,44.006151]},"properties":{"nm":"Marina di Massa","ref":"E 1330.4","ch":"F G 3M","ty":"light_minor","ar":[["G",3.0]]}},{"type":"Feature","geometry":{"type":"Point","coordinates":[10.042121,44.029381]},"properties":{"nm":"E 1330","ref":"E 1330","ch":"Iso G 2s 16M","ty":"light_minor","ar":[["G",16.0]]}},{"type":"Feature","geometry":{"type":"Point","coordinates":[10.041642,44.026957]},"properties":{"nm":"E 1329","ref":"E 1329","ch":"Iso R 2s 16M","ty":"light_minor","ar":[["R",16.0]]}},{"type":"Feature","geometry":{"type":"Point","coordinates":[10.035285,44.033683]},"properties":{"nm":"E 1328.5","ref":"E 1328.5","ch":"W 12M","ty":"light_minor","ar":[["R",10.0],["W",12.0],["G",10.0]]}},{"type":"Feature","geometry":{"type":"Point","coordinates":[9.904467,44.074781]},"properties":{"nm":"Lerici","ref":"E 1324","ch":"F G 3M","ty":"light_minor","ar":[["G",3.0]]}},{"type":"Feature","geometry":{"type":"Point","coordinates":[9.881203,44.081158]},"properties":{"nm":"Punta Santa Teresa","ref":"E 1274","ch":"Fl(2) G 6s 8M","ty":"light_minor","ar":[["G",8.0]]}},{"type":"Feature","geometry":{"type":"Point","coordinates":[9.879902,44.079386]},"properties":{"nm":"E 1270.2","ref":"E 1270.2","ch":"Iso R 2s 4M","ty":"light_minor","ar":[["R",4.0]]}},{"type":"Feature","geometry":{"type":"Point","coordinates":[9.878949,44.079669]},"properties":{"nm":"E 1270","ref":"E 1270","ch":"Fl(2) R 6s 8M","ty":"light_minor","ar":[["R",8.0]]}},{"type":"Feature","geometry":{"type":"Point","coordinates":[9.869065,44.088097]},"properties":{"nm":"E 1278","ref":"E 1278","ch":"F G 3M","ty":"light_minor","ar":[["G",3.0]]}},{"type":"Feature","geometry":{"type":"Point","coordinates":[9.863683,44.094634]},"properties":{"nm":"E 1280","ref":"E 1280","ch":"F G 3M","ty":"light_minor","ar":[["G",3.0]]}},{"type":"Feature","geometry":{"type":"Point","coordinates":[9.863517,44.094933]},"properties":{"nm":"E 1280.2","ref":"E 1280.2","ch":"F R 3M","ty":"light_minor","ar":[["R",3.0]]}},{"type":"Feature","geometry":{"type":"Point","coordinates":[9.863583,44.095317]},"properties":{"nm":"E 1281","ref":"E 1281","ch":"F G 3M","ty":"light_minor","ar":[["G",3.0]]}},{"type":"Feature","geometry":{"type":"Point","coordinates":[9.8636,44.0959]},"properties":{"nm":"E 1281.2","ref":"E 1281.2","ch":"F R 3M","ty":"light_minor","ar":[["R",3.0]]}},{"type":"Feature","geometry":{"type":"Point","coordinates":[9.857774,44.097331]},"properties":{"nm":"E 1282.4","ref":"E 1282.4","ch":"Fl R 3s 5M","ty":"beacon_lateral","ar":[["R",5.0]]}},{"type":"Feature","geometry":{"type":"Point","coordinates":[9.85708,44.097067]},"properties":{"nm":"E 1282.2","ref":"E 1282.2","ch":"Fl G 3s 5M","ty":"beacon_lateral","ar":[["G",5.0]]}},{"type":"Feature","geometry":{"type":"Point","coordinates":[9.856815,44.100175]},"properties":{"nm":"E 1283","ref":"E 1283","ch":"F G 3M","ty":"light_minor","ar":[["G",3.0]]}},{"type":"Feature","geometry":{"type":"Point","coordinates":[9.856302,44.102297]},"properties":{"nm":"E 1284","ref":"E 1284","ch":"F R 3M","ty":"light_minor","ar":[["G",3.0],["R",3.0]]}},{"type":"Feature","geometry":{"type":"Point","coordinates":[9.853109,44.10315]},"properties":{"nm":"E 1285","ref":"E 1285","ch":"F G 3M","ty":"light_minor","ar":[["R",3.0],["G",3.0]]}},{"type":"Feature","geometry":{"type":"Point","coordinates":[9.853233,44.108117]},"properties":{"nm":"E 1285.4","ref":"E 1285.4","ch":"F G 3M","ty":"light_minor","ar":[["G",3.0]]}},{"type":"Feature","geometry":{"type":"Point","coordinates":[9.852483,44.108817]},"properties":{"nm":"E 1285.2","ref":"E 1285.2","ch":"F R 3M","ty":"light_minor","ar":[["R",3.0]]}},{"type":"Feature","geometry":{"type":"Point","coordinates":[9.833946,44.104261]},"properties":{"nm":"E 1290","ref":"E 1290","ch":"Fl R 4s 8M","ty":"light_minor","ar":[["R",8.0]]}},{"type":"Feature","geometry":{"type":"Point","coordinates":[9.827741,44.101374]},"properties":{"nm":"E 1292","ref":"E 1292","ch":"Iso R 2s 4M","ty":"light_minor","ar":[["R",4.0]]}},{"type":"Feature","geometry":{"type":"Point","coordinates":[9.821035,44.094955]},"properties":{"nm":"E 1318","ref":"E 1318","ch":"F G 3M","ty":"light_minor","ar":[["G",3.0]]}},{"type":"Feature","geometry":{"type":"Point","coordinates":[9.820446,44.094459]},"properties":{"nm":"E 1319","ref":"E 1319","ch":"F R 3M","ty":"light_minor","ar":[["R",3.0]]}},{"type":"Feature","geometry":{"type":"Point","coordinates":[9.805167,44.102836]},"properties":{"nm":"Pegazzano","ref":"E 1312.1","ch":"Iso W 4s 16M","ty":"light_major","ss":[["W",302.0,310.0,16.0]]}},{"type":"Feature","geometry":{"type":"Point","coordinates":[9.815265,44.097566]},"properties":{"nm":"E 1312","ref":"E 1312","ch":"Fl G 3s 6M","ty":"light_minor","ss":[["W",305.3,306.8,8.0],["G",297.0,305.3,6.0],["R",306.8,315.0,6.0]]}},{"type":"Feature","geometry":{"type":"Point","coordinates":[9.83423,44.093851]},"properties":{"nm":"E 1304","ref":"E 1304","ch":"Fl W 3s 11M","ty":"light_minor","ar":[["W",11.0]]}},{"type":"Feature","geometry":{"type":"Point","coordinates":[9.833296,44.089108]},"properties":{"nm":"E 1302","ref":"E 1302","ch":"Fl G 3s 7M","ty":"light_minor","ar":[["G",7.0]]}},{"type":"Feature","geometry":{"type":"Point","coordinates":[9.832073,44.08808]},"properties":{"nm":"E 1300","ref":"E 1300","ch":"Fl R 3s 5M","ty":"light_minor","ar":[["R",5.0]]}},{"type":"Feature","geometry":{"type":"Point","coordinates":[9.8361,44.0779]},"properties":{"nm":"Seno di Panigaglia","ref":"E 1323","ch":"F G 3M","ty":"light_minor","ar":[["G",3.0]]}},{"type":"Feature","geometry":{"type":"Point","coordinates":[9.855939,44.06874]},"properties":{"nm":"E 1269","ref":"E 1269","ch":"Fl G 4s 9M","ty":"light_minor","ar":[["G",9.0]]}},{"type":"Feature","geometry":{"type":"Point","coordinates":[9.851063,44.066918]},"properties":{"nm":"Punta Santa Maria","ref":"E 1268","ch":"Fl R 4s 9M","ty":"light_minor","ar":[["R",9.0]]}},{"type":"Feature","geometry":{"type":"Point","coordinates":[9.858381,44.051718]},"properties":{"nm":"Scoglio Torre della Scuola","ref":"E 1263","ch":"Fl(2) W 6s 10M","ty":"light_minor","ar":[["W",10.0]]}},{"type":"Feature","geometry":{"type":"Point","coordinates":[9.836477,44.05122]},"properties":{"nm":"E 1265.4","ref":"E 1265.4","ch":"F G 3M","ty":"light_minor","ar":[["G",3.0]]}},{"type":"Feature","geometry":{"type":"Point","coordinates":[9.836337,44.050638]},"properties":{"nm":"Portovenere","ref":"E 1265","ch":"F R 3M","ty":"light_minor","ss":[["R",85.0,25.0,3.0]]}},{"type":"Feature","geometry":{"type":"Point","coordinates":[9.384949,44.272327]},"properties":{"nm":"Sestri Levante","ref":"E 1258","ch":"F G 3M","ty":"light_minor","ar":[["G",3.0]]}},{"type":"Feature","geometry":{"type":"Point","coordinates":[9.341584,44.303911]},"properties":{"nm":"E 1257.8","ref":"E 1257.8","ch":"F R 2M","ty":"light_minor","ar":[["R",2.0]]}},{"type":"Feature","geometry":{"type":"Point","coordinates":[9.341812,44.304555]},"properties":{"nm":"E 1257.9","ref":"E 1257.9","ch":"F G 2M","ty":"light_minor","ar":[["G",2.0]]}},{"type":"Feature","geometry":{"type":"Point","coordinates":[9.320176,44.312103]},"properties":{"nm":"E 1257.4","ref":"E 1257.4","ch":"F R 2M","ty":"light_minor","ar":[["R",2.0]]}},{"type":"Feature","geometry":{"type":"Point","coordinates":[9.342695,44.303262]},"properties":{"nm":"Molo Foraneo","ref":"E 1257.7","ch":"LFl R 6s 6M","ty":"light_minor","ar":[["R",6.0]]}},{"type":"Feature","geometry":{"type":"Point","coordinates":[9.320151,44.311633]},"properties":{"nm":"E 1257.2","ref":"E 1257.2","ch":"F G 2M","ty":"light_minor","ar":[["G",2.0]]}},{"type":"Feature","geometry":{"type":"Point","coordinates":[9.315228,44.312689]},"properties":{"nm":"E 1257","ref":"E 1257","ch":"LFl G 6s 6M","ty":"light_minor","ar":[["G",6.0]]}},{"type":"Feature","geometry":{"type":"Point","coordinates":[9.214122,44.303341]},"properties":{"nm":"Punta del Coppo","ref":"E 1248","ch":"Fl R 3s 7M","ty":"light_minor","ar":[["R",7.0]]}},{"type":"Feature","geometry":{"type":"Point","coordinates":[9.150913,44.351614]},"properties":{"nm":"E 1237","ref":"E 1237","ch":"Fl R 5s 3M","ty":"light_minor","ar":[["R",3.0]]}},{"type":"Feature","geometry":{"type":"Point","coordinates":[9.15057,44.351414]},"properties":{"nm":"E 1238","ref":"E 1238","ch":"Fl G 5s 3M","ty":"light_minor","ss":[["G",110.0,335.0,3.0]]}},{"type":"Feature","geometry":{"type":"Point","coordinates":[8.918579,44.403879]},"properties":{"nm":"E 1225","ref":"E 1225","ch":"Fl R 3s 7M","ty":"light_minor","ar":[["R",7.0]]}},{"type":"Feature","geometry":{"type":"Point","coordinates":[8.916426,44.396684]},"properties":{"nm":"Bacino della Lanterna","ref":"E 1216","ch":"Fl(3) R 7s 7M","ty":"light_minor","ar":[["R",7.0]]}},{"type":"Feature","geometry":{"type":"Point","coordinates":[8.926177,44.393708]},"properties":{"nm":"E 1217","ref":"E 1217","ch":"Fl R 3s 7M","ty":"light_minor","ar":[["R",7.0]]}},{"type":"Feature","geometry":{"type":"Point","coordinates":[8.926813,44.396501]},"properties":{"nm":"Faro Laterale","ref":"E 1221","ch":"Fl G 3s 8M","ty":"light_minor","ar":[["G",8.0]]}},{"type":"Feature","geometry":{"type":"Point","coordinates":[8.93085,44.392066]},"properties":{"nm":"E 1218","ref":"E 1218","ch":"Fl R 2s 6M","ty":"light_minor","ar":[["R",6.0]]}},{"type":"Feature","geometry":{"type":"Point","coordinates":[8.904646,44.404553]},"properties":{"nm":"E 1206","ref":"E 1206","ch":"Fl(2) W 20s 25M","ty":"light_major","ar":[["W",25.0]]}},{"type":"Feature","geometry":{"type":"Point","coordinates":[8.876725,44.402932]},"properties":{"nm":"E 1208.6","ref":"E 1208.6","ch":"Q G 5M","ty":"light_minor","ar":[["G",5.0]]}},{"type":"Feature","geometry":{"type":"Point","coordinates":[8.877139,44.40403]},"properties":{"nm":"E 1208.8","ref":"E 1208.8","ch":"Fl G 1.5s 4M","ty":"light_minor","ar":[["G",4.0]]}},{"type":"Feature","geometry":{"type":"Point","coordinates":[8.880729,44.399822]},"properties":{"nm":"E 1208.2","ref":"E 1208.2","ch":"Fl R 2s 7M","ty":"light_minor","ar":[["R",7.0]]}},{"type":"Feature","geometry":{"type":"Point","coordinates":[8.81703,44.413479]},"properties":{"nm":"E 1208","ref":"E 1208","ch":"Oc W 3s 12M","ty":"light_minor","ar":[["W",12.0]]}},{"type":"Feature","geometry":{"type":"Point","coordinates":[8.828483,44.41857]},"properties":{"nm":"E 1212","ref":"E 1212","ch":"Q R 7M","ty":"light_minor","ar":[["R",7.0]]}},{"type":"Feature","geometry":{"type":"Point","coordinates":[8.831912,44.394448]},"properties":{"nm":"E 7010.5","ref":"E 7010.5","ch":"Fl Y 4s 6M","ty":"beacon_special_purpose","ar":[["Y",6.0]]}},{"type":"Feature","geometry":{"type":"Point","coordinates":[8.810245,44.422123]},"properties":{"nm":"E 1202.2","ref":"E 1202.2","ch":"Fl R 3s 6M","ty":"light_minor","ar":[["R",6.0]]}},{"type":"Feature","geometry":{"type":"Point","coordinates":[8.795062,44.412039]},"properties":{"nm":"E 1202.4","ref":"E 1202.4","ch":"Fl W 2s 7M","ty":"light_minor","ar":[["W",7.0]]}},{"type":"Feature","geometry":{"type":"Point","coordinates":[8.776803,44.417521]},"properties":{"nm":"E 1202.6","ref":"E 1202.6","ch":"Iso R 2s 6M","ty":"light_minor","ar":[["R",6.0]]}},{"type":"Feature","geometry":{"type":"Point","coordinates":[8.769837,44.415973]},"properties":{"nm":"E 1202","ref":"E 1202","ch":"Iso W 2s 11M","ty":"light_minor","ss":[["G",77.0,282.0,8.0],["W",282.0,77.0,11.0]]}},{"type":"Feature","geometry":{"type":"Point","coordinates":[8.687095,44.399749]},"properties":{"nm":"E 1201.3","ref":"E 1201.3","ch":"Fl G 3s 3M","ty":"light_minor","ar":[["G",3.0]]}},{"type":"Feature","geometry":{"type":"Point","coordinates":[8.687804,44.399971]},"properties":{"nm":"Arenzano","ref":"E 1201","ch":"Fl R 3s 3M","ty":"light_minor","ar":[["R",3.0]]}},{"type":"Feature","geometry":{"type":"Point","coordinates":[8.569656,44.352102]},"properties":{"nm":"statua di S. Caterina","ref":"E 1199","ch":"F G 3M","ty":"light_minor","ar":[["G",3.0]]}},{"type":"Feature","geometry":{"type":"Point","coordinates":[8.571046,44.352447]},"properties":{"nm":"Varazze","ref":"E 1198","ch":"F R 3M","ty":"light_minor","ar":[["R",3.0]]}},{"type":"Feature","geometry":{"type":"Point","coordinates":[8.495584,44.316688]},"properties":{"nm":"E 1196","ref":"E 1196","ch":"Fl G 2s 7M","ty":"light_minor","ar":[["G",7.0]]}},{"type":"Feature","geometry":{"type":"Point","coordinates":[8.500785,44.316035]},"properties":{"nm":"E 1194","ref":"E 1194","ch":"F R 3M","ty":"light_minor","ar":[["R",3.0]]}},{"type":"Feature","geometry":{"type":"Point","coordinates":[8.49046,44.313637]},"properties":{"nm":"E 1197","ref":"E 1197","ch":"F G 3M","ty":"light_minor","ar":[["G",3.0]]}},{"type":"Feature","geometry":{"type":"Point","coordinates":[8.504906,44.314818]},"properties":{"nm":"E 1193","ref":"E 1193","ch":"Fl R 2s 7M","ty":"light_minor","ar":[["R",7.0]]}},{"type":"Feature","geometry":{"type":"Point","coordinates":[8.463276,44.29116]},"properties":{"nm":"E 1188","ref":"E 1188","ch":"Fl Y 3s 5M","ty":"light_minor","ar":[["Y",5.0]]}},{"type":"Feature","geometry":{"type":"Point","coordinates":[8.43985,44.272067]},"properties":{"nm":"E 1182","ref":"E 1182","ch":"Fl G 3s 3M","ty":"light_minor","ar":[["G",3.0]]}},{"type":"Feature","geometry":{"type":"Point","coordinates":[8.448006,44.272809]},"properties":{"nm":"E 1181.9","ref":"E 1181.9","ch":"F R 3M","ty":"light_minor","ar":[["R",3.0]]}},{"type":"Feature","geometry":{"type":"Point","coordinates":[8.445367,44.2819]},"properties":{"nm":"E 1186.1","ref":"E 1186.1","ch":"Fl R 3s 3M","ty":"light_minor","ar":[["R",3.0]]}},{"type":"Feature","geometry":{"type":"Point","coordinates":[8.446453,44.275722]},"properties":{"nm":"E 1185","ref":"E 1185","ch":"F G 3M","ty":"light_minor","ar":[["G",3.0]]}},{"type":"Feature","geometry":{"type":"Point","coordinates":[8.446559,44.275841]},"properties":{"nm":"E 1185.2","ref":"E 1185.2","ch":"F R 3M","ty":"light_minor","ar":[["R",3.0]]}},{"type":"Feature","geometry":{"type":"Point","coordinates":[8.46005,44.278383]},"properties":{"nm":"E 1182.3","ref":"E 1182.3","ch":"Fl Y 3s 2M","ty":"light_minor","ar":[["Y",2.0]]}},{"type":"Feature","geometry":{"type":"Point","coordinates":[8.444317,44.2636]},"properties":{"nm":"E 1175.1","ref":"E 1175.1","ch":"Iso G 2s 2M","ty":"light_minor","ar":[["G",2.0]]}},{"type":"Feature","geometry":{"type":"Point","coordinates":[8.453778,44.267453]},"properties":{"nm":"E 1172.8","ref":"E 1172.8","ch":"Fl R 4s 8M","ty":"light_minor","ar":[["R",8.0]]}},{"type":"Feature","geometry":{"type":"Point","coordinates":[8.370615,44.175369]},"properties":{"nm":"E 1171.8","ref":"E 1171.8","ch":"F G 3M","ty":"light_minor","ar":[["G",3.0]]}},{"type":"Feature","geometry":{"type":"Point","coordinates":[8.452519,44.258062]},"properties":{"nm":"Capo di Vado","ref":"E 1172","ch":"Fl(4) W 15s 16M","ty":"light_major","ar":[["W",16.0]]}},{"type":"Feature","geometry":{"type":"Point","coordinates":[8.372026,44.175405]},"properties":{"nm":"Finale Ligure","ref":"E 1171.7","ch":"F R 3M","ty":"light_minor","ar":[["R",3.0]]}},{"type":"Feature","geometry":{"type":"Point","coordinates":[8.271637,44.135501]},"properties":{"nm":"Loano","ref":"E 1171.4","ch":"Fl R 3s 3M","ty":"light_minor","ar":[["R",3.0]]}},{"type":"Feature","geometry":{"type":"Point","coordinates":[8.194278,44.019249]},"properties":{"nm":"E 1171","ref":"E 1171","ch":"Fl R 3s 5M","ty":"light_minor","ar":[["R",5.0]]}},{"type":"Feature","geometry":{"type":"Point","coordinates":[8.173989,44.004405]},"properties":{"nm":"Alassio","ref":"E 1170","ch":"F R 2M","ty":"light_minor","ar":[["R",2.0]]}},{"type":"Feature","geometry":{"type":"Point","coordinates":[8.160804,43.9799]},"properties":{"nm":"Laigueglia","ref":"E 1169","ch":"F R 3M","ty":"light_minor","ar":[["R",3.0]]}},{"type":"Feature","geometry":{"type":"Point","coordinates":[8.084704,43.907615]},"properties":{"nm":"E 1166.2","ref":"E 1166.2","ch":"F R 3M","ty":"light_minor","ar":[["R",3.0]]}},{"type":"Feature","geometry":{"type":"Point","coordinates":[8.086046,43.908054]},"properties":{"nm":"Diana Marina","ref":"E 1166","ch":"F G 3M","ty":"light_minor","ar":[["G",3.0]]}},{"type":"Feature","geometry":{"type":"Point","coordinates":[8.041121,43.885163]},"properties":{"nm":"E 1164","ref":"E 1164","ch":"Fl(2) R 7s 3M","ty":"light_minor","ar":[["R",3.0]]}},{"type":"Feature","geometry":{"type":"Point","coordinates":[8.021389,43.877217]},"properties":{"nm":"E 1160","ref":"E 1160","ch":"F R 2M","ty":"light_minor","ss":[["R",102.0,290.0,2.0]]}},{"type":"Feature","geometry":{"type":"Point","coordinates":[8.027428,43.875382]},"properties":{"nm":"Imperia Ponente","ref":"E 1156","ch":"Iso W 4s 16M","ty":"light_major","ss":[["W",210.0,90.0,16.0]]}},{"type":"Feature","geometry":{"type":"Point","coordinates":[7.783728,43.816214]},"properties":{"nm":"E 1150.6","ref":"E 1150.6","ch":"F G 2M","ty":"light_minor","ar":[["G",2.0]]}},{"type":"Feature","geometry":{"type":"Point","coordinates":[7.787001,43.816782]},"properties":{"nm":"E 1149.08","ref":"E 1149.08","ch":"F G 4M","ty":"light_minor","ar":[["G",4.0]]}},{"type":"Feature","geometry":{"type":"Point","coordinates":[7.786913,43.817328]},"properties":{"nm":"Porto Sole","ref":"E 1150.4","ch":"F R 2M","ty":"light_minor","ar":[["R",2.0]]}},{"type":"Feature","geometry":{"type":"Point","coordinates":[7.788005,43.816108]},"properties":{"nm":"E 1149.2","ref":"E 1149.2","ch":"LFl G 5s 4M","ty":"light_minor","ar":[["G",4.0]]}},{"type":"Feature","geometry":{"type":"Point","coordinates":[7.785839,43.815408]},"properties":{"nm":"E 1149.05","ref":"E 1149.05","ch":"F R 2M","ty":"light_minor","ar":[["R",2.0]]}},{"type":"Feature","geometry":{"type":"Point","coordinates":[7.787059,43.815253]},"properties":{"nm":"E 1149","ref":"E 1149","ch":"LFl R 5s 8M","ty":"light_minor","ar":[["R",8.0]]}},{"type":"Feature","geometry":{"type":"Point","coordinates":[7.741922,43.797622]},"properties":{"nm":"Capo Pino","ref":"E 1147.4","ch":"F R 3M","ty":"light_minor","ar":[["R",3.0]]}},{"type":"Feature","geometry":{"type":"Point","coordinates":[7.741804,43.798017]},"properties":{"nm":"E 1147.6","ref":"E 1147.6","ch":"F G 3M","ty":"light_minor","ar":[["G",3.0]]}},{"type":"Feature","geometry":{"type":"Point","coordinates":[7.678018,43.780528]},"properties":{"nm":"Bordighera","ref":"E 1147","ch":"F R 3M","ty":"light_minor","ar":[["R",3.0]]}},{"type":"Feature","geometry":{"type":"Point","coordinates":[10.444568,43.352474]},"properties":{"nm":"E 1388.4","ref":"E 1388.4","ch":"F G 3M","ty":"light_minor","ar":[["R",3.0],["G",3.0]]}},{"type":"Feature","geometry":{"type":"Point","coordinates":[10.364235,43.320092]},"properties":{"nm":"Secche di Vada","ref":"E 1384","ch":"Fl(2) W 10s 12M","ty":"beacon_isolated_danger","ar":[["W",12.0]]}},{"type":"Feature","geometry":{"type":"Point","coordinates":[9.900776,43.420519]},"properties":{"nm":"Punta Cala Scirocco","ref":"E 1396","ch":"Fl(2) W 10s 9M","ty":"light_minor","ar":[["W",9.0]]}},{"type":"Feature","geometry":{"type":"Point","coordinates":[9.907516,43.430804]},"properties":{"nm":"Cala Dello Scalo","ref":"E 1394","ch":"Fl R 3s 2M","ty":"light_minor","ar":[["R",2.0]]}},{"type":"Feature","geometry":{"type":"Point","coordinates":[9.90246,43.437142]},"properties":{"nm":"Punta Paratella","ref":"E 1392","ch":"LFl W 10s 9M","ty":"light_minor","ar":[["W",9.0]]}},{"type":"Feature","geometry":{"type":"Point","coordinates":[7.521432,43.783615]},"properties":{"nm":"E 0850","ref":"E 0850","ch":"Fl G 4s 2M","ty":"light_minor","ar":[["G",2.0]]}},{"type":"Feature","geometry":{"type":"Point","coordinates":[7.522155,43.783188]},"properties":{"nm":"Menton-Garavan","ref":"E 0849","ch":"Fl R 4s 10M","ty":"light_minor","ar":[["R",10.0]]}},{"type":"Feature","geometry":{"type":"Point","coordinates":[7.512416,43.776659]},"properties":{"nm":"Menton","ref":"E 0848","ch":"VQ(4) R 3s 10M","ty":"light_minor","ar":[["R",10.0]]}},{"type":"Feature","geometry":{"type":"Point","coordinates":[7.415682,43.723992]},"properties":{"nm":"E 0838.44","ref":"E 0838.44","ch":"Fl R 4s","ty":"light_minor","ar":[["R",null]]}},{"type":"Feature","geometry":{"type":"Point","coordinates":[7.415123,43.723256]},"properties":{"nm":"E 0838.42","ref":"E 0838.42","ch":"Fl G 4s 6M","ty":"light_minor","ss":[["G",172.0,262.0,6.0]]}},{"type":"Feature","geometry":{"type":"Point","coordinates":[7.415126,43.723258]},"properties":{"nm":"Cap d′Ail","ref":"E 0838.4","ch":"Fl G 4s 10M","ty":"light_minor","ss":[["G",262.0,172.0,10.0]]}},{"type":"Feature","geometry":{"type":"Point","coordinates":[7.422815,43.728479]},"properties":{"nm":"E 0839.2","ref":"E 0839.2","ch":"Fl(2) G 6s 7M","ty":"beacon_lateral","ar":[["G",7.0]]}},{"type":"Feature","geometry":{"type":"Point","coordinates":[7.42378,43.728057]},"properties":{"nm":"Fontvielle","ref":"E 0839","ch":"Fl(2) R 6s 10M","ty":"beacon_lateral","ar":[["R",10.0]]}},{"type":"Feature","geometry":{"type":"Point","coordinates":[7.431925,43.736424]},"properties":{"nm":"E 0843","ref":"E 0843","ch":"Fl(3) R 15s 8M","ty":"beacon_lateral","ar":[["R",8.0]]}},{"type":"Feature","geometry":{"type":"Point","coordinates":[7.429933,43.73639]},"properties":{"nm":"Monte Carlo","ref":"E 0844","ch":"Fl(3) G 15s 5M","ty":"beacon_lateral","ar":[["G",5.0]]}},{"type":"Feature","geometry":{"type":"Point","coordinates":[7.351732,43.716977]},"properties":{"nm":"Eze-sur-Mer","ref":"E 0838","ch":"Fl(2) R 6s 9M","ty":"light_minor","ar":[["R",9.0]]}},{"type":"Feature","geometry":{"type":"Point","coordinates":[7.337858,43.707341]},"properties":{"nm":"E 0835","ref":"E 0835","ch":"Q G 7M","ty":"light_minor","ar":[["G",7.0]]}},{"type":"Feature","geometry":{"type":"Point","coordinates":[7.337491,43.705983]},"properties":{"nm":"E 0836.2","ref":"E 0836.2","ch":"Fl(3) G 12s 3M","ty":"light_minor","ar":[["G",3.0]]}},{"type":"Feature","geometry":{"type":"Point","coordinates":[7.339479,43.707845]},"properties":{"nm":"E 0836","ref":"E 0836","ch":"Q R 10M","ty":"light_minor","ar":[["R",10.0]]}},{"type":"Feature","geometry":{"type":"Point","coordinates":[7.335557,43.691797]},"properties":{"nm":"Saint Jean-Cap Ferrat","ref":"E 0833","ch":"Fl(4) R 15s 9M","ty":"light_minor","ar":[["R",9.0]]}},{"type":"Feature","geometry":{"type":"Point","coordinates":[7.312732,43.703026]},"properties":{"nm":"E 0832","ref":"E 0832","ch":"Fl(4) R 15s 7M","ty":"light_minor","ar":[["R",7.0]]}},{"type":"Feature","geometry":{"type":"Point","coordinates":[7.310151,43.699688]},"properties":{"nm":"E 0831","ref":"E 0831","ch":"Q G 2M","ty":"light_minor","ar":[["G",2.0]]}},{"type":"Feature","geometry":{"type":"Point","coordinates":[7.310486,43.699374]},"properties":{"nm":"Villefranche","ref":"E 0830","ch":"Q R 6M","ty":"light_minor","ss":[["W",350.0,0.0,8.0],["R",0.0,350.0,6.0],["",335.0,9.0,12.0]]}},{"type":"Feature","geometry":{"type":"Point","coordinates":[7.285101,43.693]},"properties":{"nm":"Bassin des Amiraux","ref":"E 0825","ch":"Fl(3) R 12s 6M","ty":"light_minor","ar":[["R",6.0]]}},{"type":"Feature","geometry":{"type":"Point","coordinates":[7.28539,43.693672]},"properties":{"nm":"E 0826","ref":"E 0826","ch":"Fl(3) G 12s 7M","ty":"light_minor","ar":[["G",7.0]]}},{"type":"Feature","geometry":{"type":"Point","coordinates":[7.288408,43.692015]},"properties":{"nm":"E 0824.2","ref":"E 0824.2","ch":"Fl(2) G 6s 7M","ty":"light_minor","ar":[["G",7.0]]}},{"type":"Feature","geometry":{"type":"Point","coordinates":[7.286977,43.691656]},"properties":{"nm":"E 0824","ref":"E 0824","ch":"Fl(2) R 6s 7M","ty":"light_minor","ar":[["R",7.0]]}},{"type":"Feature","geometry":{"type":"Point","coordinates":[7.289369,43.691397]},"properties":{"nm":"E 0823","ref":"E 0823","ch":"Fl G 4s 7M","ty":"light_minor","ar":[["G",7.0]]}},{"type":"Feature","geometry":{"type":"Point","coordinates":[7.178901,43.65454]},"properties":{"nm":"St. Laurent-du-Var","ref":"E 0821","ch":"Fl(3) G 12s 8M","ty":"light_minor","ar":[["G",8.0]]}},{"type":"Feature","geometry":{"type":"Point","coordinates":[7.13011,43.589005]},"properties":{"nm":"Du Fort Carre","ref":"E 0819.6","ch":"Fl G 4s 5M","ty":"light_minor","ar":[["G",5.0]]}},{"type":"Feature","geometry":{"type":"Point","coordinates":[7.132149,43.590652]},"properties":{"nm":"E 0819","ref":"E 0819","ch":"Fl R 4s 11M","ty":"light_minor","ar":[["R",11.0]]}},{"type":"Feature","geometry":{"type":"Point","coordinates":[7.120823,43.543532]},"properties":{"nm":"Pointe d'Ilette","ref":"E 0814","ch":"Oc(3) W 12s 13M","ty":"light_minor","ss":[["R",70.0,90.0,9.0],["W",90.0,135.0,13.0],["R",45.0,56.0,9.0],["W",185.0,235.0,13.0],["W",235.0,45.0,13.0],["G",56.0,70.0,9.0]]}},{"type":"Feature","geometry":{"type":"Point","coordinates":[7.119237,43.559404]},"properties":{"nm":"E 0812.2","ref":"E 0812.2","ch":"Fl(2) R 6s 5M","ty":"light_minor","ss":[["R",138.0,91.0,5.0]]}},{"type":"Feature","geometry":{"type":"Point","coordinates":[7.112638,43.562542]},"properties":{"nm":"E 0811","ref":"E 0811","ch":"VQ(3) G 2s 9M","ty":"light_minor","ar":[["G",9.0]]}},{"type":"Feature","geometry":{"type":"Point","coordinates":[7.076819,43.562831]},"properties":{"nm":"E 0810.4","ref":"E 0810.4","ch":"Fl(2) G 6s 10M","ty":"light_minor","ar":[["G",10.0]]}},{"type":"Feature","geometry":{"type":"Point","coordinates":[7.077861,43.564121]},"properties":{"nm":"E 0810","ref":"E 0810","ch":"Iso R 4s 9M","ty":"light_minor","ss":[["R",50.0,250.0,9.0]]}},{"type":"Feature","geometry":{"type":"Point","coordinates":[7.061594,43.568166]},"properties":{"nm":"Vallauris","ref":"E 0808","ch":"Oc(2) G 6s 11M","ty":"light_major","ss":[["G",342.0,9.0,11.0],["R",309.0,336.0,12.0],["G",265.0,305.0,11.0],["W",305.0,309.0,16.0],["W",336.0,342.0,16.0]]}},{"type":"Feature","geometry":{"type":"Point","coordinates":[7.042578,43.541612]},"properties":{"nm":"Port de Moure Rouge","ref":"E 0809","ch":"Fl(4) G 15s 6M","ty":"light_minor","ss":[["W",282.0,312.0,9.0],["G",312.0,282.0,6.0]]}},{"type":"Feature","geometry":{"type":"Point","coordinates":[7.030958,43.540809]},"properties":{"nm":"E 0804","ref":"E 0804","ch":"Fl R 4s 3M","ty":"light_minor","ar":[["R",3.0]]}},{"type":"Feature","geometry":{"type":"Point","coordinates":[7.029645,43.541179]},"properties":{"nm":"Porto-Canto","ref":"E 0803","ch":"Fl G 4s 11M","ty":"light_minor","ar":[["G",11.0]]}},{"type":"Feature","geometry":{"type":"Point","coordinates":[7.017677,43.545071]},"properties":{"nm":"Môle de l'Ouest","ref":"E 0800","ch":"VQ(3) R 2s 8M","ty":"light_minor","ar":[["R",8.0]]}},{"type":"Feature","geometry":{"type":"Point","coordinates":[7.016311,43.546496]},"properties":{"nm":"LeSecant","ref":"E 0801","ch":"Fl(2) G 6s 4M","ty":"light_minor","ss":[["G",276.0,178.0,4.0]]}},{"type":"Feature","geometry":{"type":"Point","coordinates":[6.944911,43.523227]},"properties":{"nm":"E 0799.4","ref":"E 0799.4","ch":"Q R 2M","ty":"light_minor","ar":[["R",2.0]]}},{"type":"Feature","geometry":{"type":"Point","coordinates":[6.945084,43.521689]},"properties":{"nm":"Mandelieu-La Napuole","ref":"E 0799","ch":"Fl(3) G 12s 10M","ty":"light_minor","ar":[["G",10.0]]}},{"type":"Feature","geometry":{"type":"Point","coordinates":[6.938198,43.514667]},"properties":{"nm":"E 0798.6","ref":"E 0798.6","ch":"Fl R 2.5s 2M","ty":"light_minor","ar":[["R",2.0]]}},{"type":"Feature","geometry":{"type":"Point","coordinates":[6.939331,43.514338]},"properties":{"nm":"La Rague","ref":"E 0798.4","ch":"Fl(4) G 15s 9M","ty":"light_minor","ar":[["G",9.0]]}},{"type":"Feature","geometry":{"type":"Point","coordinates":[6.939474,43.50943]},"properties":{"nm":"Theoule-sur-mer","ref":"E 0798","ch":"Iso W 4s 9M","ty":"light_minor","ss":[["R",265.0,198.0,6.0],["W",198.0,265.0,9.0]]}},{"type":"Feature","geometry":{"type":"Point","coordinates":[6.957872,43.500242]},"properties":{"nm":"Pointe Saint Marc","ref":"E 0797.8","ch":"Fl(2) G 6s 5M","ty":"beacon_lateral","ar":[["G",5.0]]}},{"type":"Feature","geometry":{"type":"Point","coordinates":[6.955976,43.499276]},"properties":{"nm":"Port de la Galere","ref":"E 0797","ch":"Q R 7M","ty":"light_minor","ar":[["R",7.0]]}},{"type":"Feature","geometry":{"type":"Point","coordinates":[6.95373,43.482267]},"properties":{"nm":"La Vaquette","ref":"E 0796.8","ch":"Q(3) W 10s 2M","ty":"beacon_cardinal","ar":[["W",2.0]]}},{"type":"Feature","geometry":{"type":"Point","coordinates":[6.933251,43.483119]},"properties":{"nm":"La Figueirette","ref":"E 0796","ch":"Fl(3) W 12s 13M","ty":"light_minor","ss":[["G",348.0,275.0,10.0],["W",275.0,348.0,13.0]]}},{"type":"Feature","geometry":{"type":"Point","coordinates":[6.89497,43.422138]},"properties":{"nm":"La Chrétienne","ref":"E 0795.5","ch":"Q(6) W 15s 8M","ty":"beacon_cardinal","ar":[["W",8.0]]}},{"type":"Feature","geometry":{"type":"Point","coordinates":[6.781542,43.409114]},"properties":{"nm":"E 0793","ref":"E 0793","ch":"Oc(2) W 6s 10M","ty":"light_minor","ss":[["W",84.0,122.0,10.0],["W",40.0,57.0,10.0],["R",57.0,84.0,7.0],["R",122.0,40.0,7.0]]}},{"type":"Feature","geometry":{"type":"Point","coordinates":[6.773497,43.415932]},"properties":{"nm":"Santa Lucia","ref":"E 0793.4","ch":"Fl G 4s 9M","ty":"light_minor","ar":[["G",9.0]]}},{"type":"Feature","geometry":{"type":"Point","coordinates":[6.749987,43.419826]},"properties":{"nm":"E 0792.6","ref":"E 0792.6","ch":"Fl G 2.5s 2M","ty":"light_minor","ar":[["G",2.0]]}},{"type":"Feature","geometry":{"type":"Point","coordinates":[6.750694,43.419321]},"properties":{"nm":"Port-Frejus","ref":"E 0792.5","ch":"Fl(4) R 15s 3M","ty":"light_minor","ar":[["R",3.0]]}},{"type":"Feature","geometry":{"type":"Point","coordinates":[6.731411,43.392955]},"properties":{"nm":"Saint Aygulf","ref":"E 0792.4","ch":"Q R","ty":"light_minor","ar":[["R",null]]}},{"type":"Feature","geometry":{"type":"Point","coordinates":[6.717958,43.359381]},"properties":{"nm":"Port Ferreol","ref":"E 0791.7","ch":"Fl W 4s 7M","ty":"light_minor","ss":[["R",310.0,250.0,5.0],["W",250.0,310.0,7.0]]}},{"type":"Feature","geometry":{"type":"Point","coordinates":[6.685189,43.33996]},"properties":{"nm":"E 0791.4","ref":"E 0791.4","ch":"Fl(2) R 6s 4M","ty":"light_minor","ar":[["R",4.0]]}},{"type":"Feature","geometry":{"type":"Point","coordinates":[6.685335,43.33945]},"properties":{"nm":"Les Issambres","ref":"E 0791","ch":"Fl(2) W 6s 11M","ty":"light_minor","ss":[["G",349.0,289.0,8.0],["W",289.0,349.0,11.0]]}},{"type":"Feature","geometry":{"type":"Point","coordinates":[6.637866,43.306312]},"properties":{"nm":"E 0788.4","ref":"E 0788.4","ch":"Fl R 2s 1M","ty":"light_minor","ar":[["R",1.0]]}},{"type":"Feature","geometry":{"type":"Point","coordinates":[6.637424,43.305583]},"properties":{"nm":"Sainte Maxime-sur-Mer","ref":"E 0788","ch":"Q(3) G 4s 14M","ty":"light_minor","ar":[["G",14.0]]}},{"type":"Feature","geometry":{"type":"Point","coordinates":[6.586015,43.271435]},"properties":{"nm":"E 0786.2","ref":"E 0786.2","ch":"Fl R 4s 6M","ty":"light_minor","ar":[["R",6.0]]}},{"type":"Feature","geometry":{"type":"Point","coordinates":[6.587653,43.271543]},"properties":{"nm":"Port Grimaud","ref":"E 0786","ch":"Fl G 4s 10M","ty":"light_minor","ar":[["G",10.0]]}},{"type":"Feature","geometry":{"type":"Point","coordinates":[6.588133,43.269699]},"properties":{"nm":"E 0784.6","ref":"E 0784.6","ch":"Q W 9M","ty":"beacon_cardinal","ar":[["W",9.0]]}},{"type":"Feature","geometry":{"type":"Point","coordinates":[6.58954,43.267076]},"properties":{"nm":"E 0784.2","ref":"E 0784.2","ch":"Fl G 2s 1M","ty":"light_minor","ar":[["G",1.0]]}},{"type":"Feature","geometry":{"type":"Point","coordinates":[6.590166,43.268362]},"properties":{"nm":"Port de Cogolin","ref":"E 0784","ch":"Fl(2) R 6s 10M","ty":"light_minor","ar":[["R",10.0]]}},{"type":"Feature","geometry":{"type":"Point","coordinates":[6.633376,43.272277]},"properties":{"nm":"E 0779","ref":"E 0779","ch":"Fl G 4s 6M","ty":"light_minor","ar":[["G",6.0]]}},{"type":"Feature","geometry":{"type":"Point","coordinates":[6.710398,43.273642]},"properties":{"nm":"La Moutte","ref":"E 0774","ch":"Q(3) R 10s 6M","ty":"beacon_cardinal","ss":[["W",121.0,9.0,9.0],["R",9.0,121.0,6.0]]}},{"type":"Feature","geometry":{"type":"Point","coordinates":[6.538606,43.173344]},"properties":{"nm":"Cavalaire","ref":"E 0771","ch":"Fl(2) R 6s 10M","ty":"light_minor","ar":[["R",10.0]]}},{"type":"Feature","geometry":{"type":"Point","coordinates":[6.404201,43.106033]},"properties":{"nm":"La Fourmigue","ref":"E 0765.3","ch":"Fl(2) W 6s 8M","ty":"beacon_isolated_danger","ar":[["W",8.0]]}},{"type":"Feature","geometry":{"type":"Point","coordinates":[6.372689,43.135608]},"properties":{"nm":"Le Lavandou","ref":"E 0766","ch":"Iso W 4s 13M","ty":"light_minor","ss":[["W",332.0,358.0,13.0],["W",266.0,317.0,13.0],["G",317.0,332.0,10.0],["G",358.0,266.0,10.0]]}},{"type":"Feature","geometry":{"type":"Point","coordinates":[6.366862,43.125434]},"properties":{"nm":"Bormes-Les-Mimosas","ref":"E 0765","ch":"Fl(2) R 6s 10M","ty":"light_minor","ar":[["R",10.0]]}},{"type":"Feature","geometry":{"type":"Point","coordinates":[6.366452,43.092618]},"properties":{"nm":"Le Pradet","ref":"E 0765.4","ch":"Fl R 2s 1M","ty":"light_minor","ar":[["R",1.0]]}},{"type":"Feature","geometry":{"type":"Point","coordinates":[6.246638,43.114138]},"properties":{"nm":"Miramar","ref":"E 0759","ch":"Iso G 4s 8M","ty":"light_minor","ar":[["G",8.0]]}},{"type":"Feature","geometry":{"type":"Point","coordinates":[6.201407,43.115149]},"properties":{"nm":"E 0757","ref":"E 0757","ch":"Fl(2) R 6s 6M","ty":"light_minor","ar":[["R",6.0]]}},{"type":"Feature","geometry":{"type":"Point","coordinates":[6.201763,43.114814]},"properties":{"nm":"Les Salins","ref":"E 0756","ch":"Oc(3) G 12s 10M","ty":"light_minor","ss":[["W",285.0,12.0,13.0],["G",260.0,285.0,10.0],["G",12.0,60.0,10.0]]}},{"type":"Feature","geometry":{"type":"Point","coordinates":[6.160157,43.08372]},"properties":{"nm":"E 0754.8","ref":"E 0754.8","ch":"Fl R 4s 5M","ty":"light_minor","ar":[["R",5.0]]}},{"type":"Feature","geometry":{"type":"Point","coordinates":[6.173482,43.100212]},"properties":{"nm":"Ceinturon","ref":"E 0755.6","ch":"Fl(2) G 6s 6M","ty":"light_minor","ar":[["G",6.0]]}},{"type":"Feature","geometry":{"type":"Point","coordinates":[6.159866,43.082315]},"properties":{"nm":"E 0754.7","ref":"E 0754.7","ch":"Q(6) W 15s 9M","ty":"beacon_cardinal","ar":[["W",9.0]]}},{"type":"Feature","geometry":{"type":"Point","coordinates":[6.161,43.083245]},"properties":{"nm":"E 0754.6","ref":"E 0754.6","ch":"Iso G 4s 10M","ty":"light_minor","ar":[["G",10.0]]}},{"type":"Feature","geometry":{"type":"Point","coordinates":[6.157929,43.078679]},"properties":{"nm":"La Plage W","ref":"E 0754.2","ch":"Oc R 4s 7M","ty":"light_minor","ar":[["R",7.0]]}},{"type":"Feature","geometry":{"type":"Point","coordinates":[6.158695,43.078066]},"properties":{"nm":"La Plage E","ref":"E 0754","ch":"Fl G 4s 10M","ty":"light_minor","ar":[["G",10.0]]}},{"type":"Feature","geometry":{"type":"Point","coordinates":[6.15175,43.064829]},"properties":{"nm":"Le Capte","ref":"E 0753","ch":"Fl G 2s 1M","ty":"light_minor","ar":[["G",1.0]]}},{"type":"Feature","geometry":{"type":"Point","coordinates":[6.153696,43.026701]},"properties":{"nm":"La Tour Fondue","ref":"E 0749","ch":"Iso G 4s 8M","ty":"light_minor","ar":[["G",8.0]]}},{"type":"Feature","geometry":{"type":"Point","coordinates":[6.127585,43.034926]},"properties":{"nm":"Port du Niel","ref":"E 0746","ch":"Fl R 4s 6M","ty":"light_minor","ss":[["R",298.0,28.0,6.0]]}},{"type":"Feature","geometry":{"type":"Point","coordinates":[6.079061,43.086228]},"properties":{"nm":"Les Salettes","ref":"E 0744","ch":"Oc(4) R 12s 7M","ty":"light_minor","ss":[["W",356.0,5.0,10.0],["R",5.0,356.0,7.0]]}},{"type":"Feature","geometry":{"type":"Point","coordinates":[10.041641,44.026957]},"properties":{"nm":"E 1329","ref":"E 1329","ch":"Iso R 2s 16M","ty":"light_minor","ar":[["R",16.0]]}},{"type":"Feature","geometry":{"type":"Point","coordinates":[7.511384,43.776993]},"properties":{"nm":"","ref":"","ch":"G","ty":"beacon_lateral","ar":[["G",null]]}},{"type":"Feature","geometry":{"type":"Point","coordinates":[10.141984,43.978105]},"properties":{"nm":"Fiume Cinquale","ref":"E 1331","ch":"F R 3M","ty":"light_minor","ar":[["R",3.0]]}},{"type":"Feature","geometry":{"type":"Point","coordinates":[9.218293,44.332226]},"properties":{"nm":"","ref":"","ch":"","ty":"lh"}},{"type":"Feature","geometry":{"type":"Point","coordinates":[7.787549,43.814987]},"properties":{"nm":"faro porto","ref":"","ch":"","ty":"lh"}},{"type":"Feature","geometry":{"type":"Point","coordinates":[10.269047,43.676886]},"properties":{"nm":"E 1347.25","ref":"E 1347.25","ch":"Fl G 3s 8M","ty":"beacon","ar":[["G",8.0]]}},{"type":"Feature","geometry":{"type":"Point","coordinates":[9.98841,43.644376]},"properties":{"nm":"FSRU Toscana","ref":"","ch":"Fl(2+1) W 10s","ty":"platform","ar":[["W",null]]}},{"type":"Feature","geometry":{"type":"Point","coordinates":[10.423778,43.396006]},"properties":{"nm":"","ref":"","ch":"Iso R 3s 7M","ty":"light_minor","ar":[["R",7.0]]}},{"type":"Feature","geometry":{"type":"Point","coordinates":[10.422791,43.396883]},"properties":{"nm":"","ref":"","ch":"Iso G 3s 9M","ty":"light_minor","ar":[["G",9.0]]}},{"type":"Feature","geometry":{"type":"Point","coordinates":[10.194892,43.924814]},"properties":{"nm":"","ref":"","ch":"Fl Or","ty":"light_minor","ar":[["Or",null]]}},{"type":"Feature","geometry":{"type":"Point","coordinates":[7.831732,43.817313]},"properties":{"nm":"Capo dell'Arma","ref":"","ch":"(2) W 15s 24M","ty":"landmark","ar":[["W",24.0]]}},{"type":"Feature","geometry":{"type":"Point","coordinates":[10.241478,43.863053]},"properties":{"nm":"","ref":"","ch":"","ty":"light_minor"}},{"type":"Feature","geometry":{"type":"Point","coordinates":[9.211881,44.303688]},"properties":{"nm":"E 1246","ref":"E 1246","ch":"Fl G 3s 7M","ty":"light_minor","ar":[["G",7.0]]}},{"type":"Feature","geometry":{"type":"Point","coordinates":[8.030107,43.875313]},"properties":{"nm":"E 1157","ref":"E 1157","ch":"Fl(2) R 3s 8M","ty":"lh","ar":[["R",8.0]]}},{"type":"Feature","geometry":{"type":"Point","coordinates":[7.537067,44.387402]},"properties":{"nm":"","ref":"","ch":"","ty":"lh"}},{"type":"Feature","geometry":{"type":"Point","coordinates":[8.93813,44.388717]},"properties":{"nm":"E 1219","ref":"E 1219","ch":"Fl R 3s 15M","ty":"light_minor","ar":[["R",15.0]]}},{"type":"Feature","geometry":{"type":"Point","coordinates":[8.569635,44.352082]},"properties":{"nm":"Varazze","ref":"","ch":"G","ty":"light_minor","ar":[["G",null]]}},{"type":"Feature","geometry":{"type":"Point","coordinates":[6.632542,43.272709]},"properties":{"nm":"Sainte Tropez","ref":"E 0778","ch":"Oc(2) W 6s 14M","ty":"light_minor","ss":[["R",245.0,228.0,11.0],["W",228.0,245.0,14.0]]}},{"type":"Feature","geometry":{"type":"Point","coordinates":[7.596618,43.787356]},"properties":{"nm":"","ref":"","ch":"Fl G 3s 5M","ty":"light_major","ar":[["G",5.0]]}},{"type":"Feature","geometry":{"type":"Point","coordinates":[6.078701,43.086611]},"properties":{"nm":"","ref":"","ch":"","ty":"beacon_lateral"}},{"type":"Feature","geometry":{"type":"Point","coordinates":[8.981667,44.376667]},"properties":{"nm":"","ref":"","ch":"Fl Y 3s 3M","ty":"beacon_special_purpose","ar":[["Y",3.0]]}},{"type":"Feature","geometry":{"type":"Point","coordinates":[8.9825,44.376667]},"properties":{"nm":"","ref":"","ch":"Fl Y 3s 3M","ty":"beacon_special_purpose","ar":[["Y",3.0]]}},{"type":"Feature","geometry":{"type":"Point","coordinates":[8.980833,44.376]},"properties":{"nm":"","ref":"","ch":"Fl Y 3s 3M","ty":"beacon_special_purpose","ar":[["Y",3.0]]}},{"type":"Feature","geometry":{"type":"Point","coordinates":[9.148929,44.351864]},"properties":{"nm":"","ref":"","ch":"","ty":"lh"}},{"type":"Feature","geometry":{"type":"Point","coordinates":[10.270921,43.679015]},"properties":{"nm":"","ref":"","ch":"G","ty":"light_minor","ar":[["G",null]]}},{"type":"Feature","geometry":{"type":"Point","coordinates":[10.269794,43.677867]},"properties":{"nm":"","ref":"","ch":"G","ty":"light_minor","ar":[["G",null]]}},{"type":"Feature","geometry":{"type":"Point","coordinates":[10.269652,43.678207]},"properties":{"nm":"","ref":"","ch":"R","ty":"light_minor","ar":[["R",null]]}},{"type":"Feature","geometry":{"type":"Point","coordinates":[6.246594,43.114629]},"properties":{"nm":"","ref":"","ch":"R","ty":"lh","ar":[["R",null]]}},{"type":"Feature","geometry":{"type":"Point","coordinates":[10.294704,43.540794]},"properties":{"nm":"","ref":"","ch":"Fl R","ty":"","ar":[["R",null]]}},{"type":"Feature","geometry":{"type":"Point","coordinates":[10.291644,43.536775]},"properties":{"nm":"","ref":"","ch":"VQ Or","ty":"light_minor","ar":[["Or",null]]}},{"type":"Feature","geometry":{"type":"Point","coordinates":[10.292687,43.539257]},"properties":{"nm":"","ref":"","ch":"G","ty":"light_float","ar":[["G",null]]}},{"type":"Feature","geometry":{"type":"Point","coordinates":[10.163557,43.955642]},"properties":{"nm":"Forte dei Marmi","ref":"E 1334","ch":"F R 3M","ty":"beacon","ar":[["R",3.0]]}},{"type":"Feature","geometry":{"type":"Point","coordinates":[10.368218,43.398812]},"properties":{"nm":"","ref":"","ch":"Y","ty":"buoy_special_purpose","ar":[["Y",null]]}},{"type":"Feature","geometry":{"type":"Point","coordinates":[6.09729,43.027546]},"properties":{"nm":"Phare Escampabariou (XIXe)","ref":"","ch":"","ty":"lh"}},{"type":"Feature","geometry":{"type":"Point","coordinates":[8.822333,44.418349]},"properties":{"nm":"Multedo Entrance No 36","ref":"E1212.2","ch":"Fl G 1,5s 7M","ty":"beacon_lateral","ar":[["G",7.0]]}},{"type":"Feature","geometry":{"type":"Point","coordinates":[8.822837,44.419736]},"properties":{"nm":"Multedo Entrance No 37","ref":"E1212.3","ch":"Fl R 1,5s 7M","ty":"beacon_lateral","ar":[["R",7.0]]}},{"type":"Feature","geometry":{"type":"Point","coordinates":[8.818105,44.41836]},"properties":{"nm":"Multedo Entrance No 34","ref":"E1211.4","ch":"Oc G 2s 6M","ty":"beacon_lateral","ar":[["G",6.0]]}},{"type":"Feature","geometry":{"type":"Point","coordinates":[8.812183,44.41621]},"properties":{"nm":"Multedo Entrance No 31","ref":"E1211","ch":"Q G 7M","ty":"beacon_lateral","ar":[["G",7.0]]}},{"type":"Feature","geometry":{"type":"Point","coordinates":[8.809844,44.418479]},"properties":{"nm":"Multedo Entrance No 32","ref":"E1211.2","ch":"Q R 6M","ty":"beacon_lateral","ar":[["R",6.0]]}},{"type":"Feature","geometry":{"type":"Point","coordinates":[8.814661,44.417122]},"properties":{"nm":"Multedo Entrance No 33","ref":"E1211.3","ch":"Oc G 2s 6M","ty":"beacon_lateral","ar":[["G",6.0]]}},{"type":"Feature","geometry":{"type":"Point","coordinates":[8.817242,44.420483]},"properties":{"nm":"Multedo Entrance No 35","ref":"E1211.5","ch":"Oc R 2s 5M","ty":"beacon_lateral","ar":[["R",5.0]]}},{"type":"Feature","geometry":{"type":"Point","coordinates":[8.039065,43.884102]},"properties":{"nm":"E 1164","ref":"E 1164","ch":"Fl(2) R 6s 3M","ty":"light_minor","ar":[["R",3.0]]}},{"type":"Feature","geometry":{"type":"Point","coordinates":[9.847146,44.088493]},"properties":{"nm":"Pontile ENEL Access Channel","ref":"","ch":"Fl G 3s 5M","ty":"beacon_lateral","ar":[["G",5.0]]}},{"type":"Feature","geometry":{"type":"Point","coordinates":[8.543139,44.337807]},"properties":{"nm":"Entrance","ref":"","ch":"Fl R 2s 3M","ty":"beacon_lateral","ar":[["R",3.0]]}},{"type":"Feature","geometry":{"type":"Point","coordinates":[8.542844,44.337826]},"properties":{"nm":"Inner Breakwater","ref":"","ch":"Fl G","ty":"beacon_lateral","ar":[["G",null]]}},{"type":"Feature","geometry":{"type":"Point","coordinates":[6.537503,43.173281]},"properties":{"nm":"","ref":"","ch":"","ty":"lh"}},{"type":"Feature","geometry":{"type":"Point","coordinates":[6.536455,43.173135]},"properties":{"nm":"","ref":"","ch":"","ty":"lh"}},{"type":"Feature","geometry":{"type":"Point","coordinates":[13.577739,41.206721]},"properties":{"nm":"Monte Orlando","ref":"E 1558","ch":"Fl(3) W 15s 23M","ty":"light_major","ar":[["W",23.0]]}},{"type":"Feature","geometry":{"type":"Point","coordinates":[13.886131,42.952541]},"properties":{"nm":"San Benedetto del Tronto","ref":"E 2332","ch":"Fl(2) W 10s 22M","ty":"light_major","ar":[["W",22.0]]}},{"type":"Feature","geometry":{"type":"Point","coordinates":[12.222897,41.744258]},"properties":{"nm":"Vecchio Faro","ref":"","ch":"","ty":"lh"}},{"type":"Feature","geometry":{"type":"Point","coordinates":[12.460859,41.894751]},"properties":{"nm":"Faro del Gianicolo","ref":"","ch":"","ty":"lh"}},{"type":"Feature","geometry":{"type":"Point","coordinates":[12.621716,41.445796]},"properties":{"nm":"Capo d'Anzio","ref":"E 1538","ch":"Fl(2) W 10s 22M","ty":"light_major","ss":[["W",255.0,155.0,22.0]]}},{"type":"Feature","geometry":{"type":"Point","coordinates":[13.894485,42.959953]},"properties":{"nm":"E 2334","ref":"E 2334","ch":"Fl R 3s 8M","ty":"light_minor","ar":[["R",8.0]]}},{"type":"Feature","geometry":{"type":"Point","coordinates":[11.81005,42.06601]},"properties":{"nm":"","ref":"","ch":"Fl G","ty":"buoy_lateral","ar":[["G",null]]}},{"type":"Feature","geometry":{"type":"Point","coordinates":[11.8108,42.06599]},"properties":{"nm":"","ref":"","ch":"Fl R","ty":"buoy_lateral","ar":[["R",null]]}},{"type":"Feature","geometry":{"type":"Point","coordinates":[13.068564,41.222337]},"properties":{"nm":"Capo Circeo","ref":"E 1542","ch":"Fl W 5s 23M","ty":"light_major","ss":[["W",263.0,107.0,23.0]]}},{"type":"Feature","geometry":{"type":"Point","coordinates":[14.082381,40.8121]},"properties":{"nm":"Fortino Tenaglia","ref":"E 1622","ch":"Iso R 4s 8M","ty":"light_minor","ar":[["R",8.0]]}},{"type":"Feature","geometry":{"type":"Point","coordinates":[12.746854,41.423208]},"properties":{"nm":"","ref":"","ch":"","ty":"lh"}},{"type":"Feature","geometry":{"type":"Point","coordinates":[14.297331,40.831154]},"properties":{"nm":"E 1669","ref":"E 1669","ch":"Fl G 3s 8M","ty":"light_minor","ar":[["G",8.0]]}},{"type":"Feature","geometry":{"type":"Point","coordinates":[14.290467,40.835256]},"properties":{"nm":"E 1667","ref":"E 1667","ch":"F G 2M","ty":"light_minor","ar":[["G",2.0]]}},{"type":"Feature","geometry":{"type":"Point","coordinates":[14.275197,40.840053]},"properties":{"nm":"E 1664","ref":"E 1664","ch":"F G 2M","ty":"light_minor","ar":[["G",2.0]]}},{"type":"Feature","geometry":{"type":"Point","coordinates":[14.275641,40.842111]},"properties":{"nm":"Calata della Marinella","ref":"E 1663","ch":"F R","ty":"light_minor","ar":[["G",null],["R",null]]}},{"type":"Feature","geometry":{"type":"Point","coordinates":[14.270872,40.838322]},"properties":{"nm":"E 1662","ref":"E 1662","ch":"F R 3M","ty":"light_minor","ar":[["R",3.0]]}},{"type":"Feature","geometry":{"type":"Point","coordinates":[14.26612,40.839763]},"properties":{"nm":"E 1658","ref":"E 1658","ch":"F G 3M","ty":"light_minor","ar":[["G",3.0]]}},{"type":"Feature","geometry":{"type":"Point","coordinates":[14.272242,40.83307]},"properties":{"nm":"E 1650","ref":"E 1650","ch":"F R 3M","ty":"light_minor","ar":[["R",3.0]]}},{"type":"Feature","geometry":{"type":"Point","coordinates":[14.27213,40.832849]},"properties":{"nm":"San Vincenzo","ref":"E 1646","ch":"Fl(3) W 15s 22M","ty":"light_major","ar":[["W",22.0]]}},{"type":"Feature","geometry":{"type":"Point","coordinates":[14.276158,40.830248]},"properties":{"nm":"E 1647.5","ref":"E 1647.5","ch":"Fl R 3s 4M","ty":"light_minor","ar":[["R",4.0]]}},{"type":"Feature","geometry":{"type":"Point","coordinates":[14.276556,40.833646]},"properties":{"nm":"E 1648","ref":"E 1648","ch":"Fl G 4s 9M","ty":"light_minor","ar":[["G",9.0]]}},{"type":"Feature","geometry":{"type":"Point","coordinates":[14.279517,40.837214]},"properties":{"nm":"E 1654","ref":"E 1654","ch":"Fl G 4s 5M","ty":"light_minor","ss":[["R",175.0,298.0,5.0],["G",32.0,175.0,5.0]]}},{"type":"Feature","geometry":{"type":"Point","coordinates":[14.290112,40.832999]},"properties":{"nm":"E 1653","ref":"E 1653","ch":"Fl(2) R 10s 4M","ty":"light_minor","ss":[["R",122.0,308.0,4.0]]}},{"type":"Feature","geometry":{"type":"Point","coordinates":[14.25446,40.834488]},"properties":{"nm":"E 1634","ref":"E 1634","ch":"Fl G 5s 3M","ty":"light_minor","ar":[["G",3.0]]}},{"type":"Feature","geometry":{"type":"Point","coordinates":[14.255486,40.83384]},"properties":{"nm":"E 1636","ref":"E 1636","ch":"Fl R 5s 8M","ty":"light_minor","ar":[["R",8.0]]}},{"type":"Feature","geometry":{"type":"Point","coordinates":[14.251272,40.829354]},"properties":{"nm":"E 1632","ref":"E 1632","ch":"Fl R 3s 5M","ty":"light_minor","ar":[["R",5.0]]}},{"type":"Feature","geometry":{"type":"Point","coordinates":[14.25031,40.82959]},"properties":{"nm":"E 1631","ref":"E 1631","ch":"Fl G 3s 4M","ty":"light_minor","ar":[["G",4.0]]}},{"type":"Feature","geometry":{"type":"Point","coordinates":[14.223589,40.827568]},"properties":{"nm":"E 1629.4","ref":"E 1629.4","ch":"Fl G 5s 7M","ty":"light_minor","ar":[["G",7.0]]}},{"type":"Feature","geometry":{"type":"Point","coordinates":[14.225974,40.826972]},"properties":{"nm":"E 1629","ref":"E 1629","ch":"Fl R 5s 8M","ty":"light_minor","ar":[["R",8.0]]}},{"type":"Feature","geometry":{"type":"Point","coordinates":[14.169774,40.804761]},"properties":{"nm":"E 1626.6","ref":"E 1626.6","ch":"F R 3M","ty":"light_minor","ar":[["R",3.0]]}},{"type":"Feature","geometry":{"type":"Point","coordinates":[14.165686,40.804774]},"properties":{"nm":"E 1626.4","ref":"E 1626.4","ch":"F R 3M","ty":"light_minor","ar":[["R",3.0]]}},{"type":"Feature","geometry":{"type":"Point","coordinates":[14.16562,40.808037]},"properties":{"nm":"E 1626.2","ref":"E 1626.2","ch":"F G 3M","ty":"light_minor","ar":[["G",3.0]]}},{"type":"Feature","geometry":{"type":"Point","coordinates":[14.163262,40.80004]},"properties":{"nm":"E 1628.4","ref":"E 1628.4","ch":"Fl G 3s 7M","ty":"light_minor","ar":[["G",7.0]]}},{"type":"Feature","geometry":{"type":"Point","coordinates":[14.158904,40.80793]},"properties":{"nm":"E 1626","ref":"E 1626","ch":"F R 3M","ty":"light_minor","ar":[["R",3.0]]}},{"type":"Feature","geometry":{"type":"Point","coordinates":[14.109775,40.822918]},"properties":{"nm":"E 1625.2","ref":"E 1625.2","ch":"F G 3M","ty":"light_minor","ar":[["G",3.0]]}},{"type":"Feature","geometry":{"type":"Point","coordinates":[14.103543,40.827744]},"properties":{"nm":"Pontile Pirelli","ref":"E 1623","ch":"F Y 4M","ty":"light_minor","ar":[["Y",4.0]]}},{"type":"Feature","geometry":{"type":"Point","coordinates":[13.43195,40.802617]},"properties":{"nm":"E 1595","ref":"E 1595","ch":"Fl G 5s 6M","ty":"light_minor","ar":[["G",6.0]]}},{"type":"Feature","geometry":{"type":"Point","coordinates":[13.43301,40.802385]},"properties":{"nm":"E 1594","ref":"E 1594","ch":"Fl R 5s 6M","ty":"light_minor","ar":[["R",6.0]]}},{"type":"Feature","geometry":{"type":"Point","coordinates":[13.971453,40.973439]},"properties":{"nm":"Coppola Pinetamare","ref":"E 1575.5","ch":"Fl R 5s 6M","ty":"light_minor","ar":[["R",6.0]]}},{"type":"Feature","geometry":{"type":"Point","coordinates":[13.701273,41.252255]},"properties":{"nm":"Scauri","ref":"E 1574","ch":"Fl G 5s 4M","ty":"light_minor","ar":[["G",4.0]]}},{"type":"Feature","geometry":{"type":"Point","coordinates":[13.612828,41.254678]},"properties":{"nm":"E 1572","ref":"E 1572","ch":"Fl G 3s 7M","ty":"light_minor","ar":[["G",7.0]]}},{"type":"Feature","geometry":{"type":"Point","coordinates":[13.614873,41.253411]},"properties":{"nm":"Formia","ref":"E 1573","ch":"Fl W 3s 11M","ty":"light_minor","ss":[["R",72.0,252.0,8.0],["W",252.0,72.0,11.0]]}},{"type":"Feature","geometry":{"type":"Point","coordinates":[13.59911,41.250426]},"properties":{"nm":"E 1570.2","ref":"E 1570.2","ch":"F G 2M","ty":"light_minor","ar":[["G",2.0]]}},{"type":"Feature","geometry":{"type":"Point","coordinates":[13.59959,41.249904]},"properties":{"nm":"Porticciolo di Capossele","ref":"E 1570","ch":"F R 2M","ty":"light_minor","ar":[["R",2.0]]}},{"type":"Feature","geometry":{"type":"Point","coordinates":[13.572046,41.222943]},"properties":{"nm":"E 1567","ref":"E 1567","ch":"F R","ty":"light_minor","ar":[["R",null]]}},{"type":"Feature","geometry":{"type":"Point","coordinates":[13.573253,41.232242]},"properties":{"nm":"Banchino Salvo d′Acquisto","ref":"E 1568","ch":"Fl(2) G 10s 8M","ty":"light_minor","ar":[["G",8.0]]}},{"type":"Feature","geometry":{"type":"Point","coordinates":[13.574374,41.222995]},"properties":{"nm":"E 1566","ref":"E 1566","ch":"F R 1M","ty":"light_minor","ar":[["R",1.0]]}},{"type":"Feature","geometry":{"type":"Point","coordinates":[13.5692,41.223467]},"properties":{"nm":"E 1565.1","ref":"E 1565.1","ch":"F R","ty":"light_minor","ar":[["R",null]]}},{"type":"Feature","geometry":{"type":"Point","coordinates":[13.571467,41.223483]},"properties":{"nm":"E 1565","ref":"E 1565","ch":"Q R","ty":"light_minor","ar":[["R",null]]}},{"type":"Feature","geometry":{"type":"Point","coordinates":[13.572737,41.220823]},"properties":{"nm":"E 1564","ref":"E 1564","ch":"Fl G 3s 8M","ty":"light_minor","ar":[["G",8.0]]}},{"type":"Feature","geometry":{"type":"Point","coordinates":[13.57809,41.217179]},"properties":{"nm":"Punta S. Antonio","ref":"E 1562","ch":"Fl R 3s 8M","ty":"light_minor","ar":[["R",8.0]]}},{"type":"Feature","geometry":{"type":"Point","coordinates":[13.256683,41.283733]},"properties":{"nm":"E 1554","ref":"E 1554","ch":"F G 3M","ty":"light_minor","ar":[["G",3.0]]}},{"type":"Feature","geometry":{"type":"Point","coordinates":[13.256467,41.283467]},"properties":{"nm":"E 1552","ref":"E 1552","ch":"F R 3M","ty":"light_minor","ar":[["R",3.0]]}},{"type":"Feature","geometry":{"type":"Point","coordinates":[13.260589,41.28255]},"properties":{"nm":"Faro Rosso","ref":"E 1550","ch":"Fl R 5s 9M","ty":"light_minor","ar":[["R",9.0]]}},{"type":"Feature","geometry":{"type":"Point","coordinates":[13.258871,41.283734]},"properties":{"nm":"Faro Verde","ref":"E 1551","ch":"Fl G 5s 7M","ty":"light_minor","ar":[["G",7.0]]}},{"type":"Feature","geometry":{"type":"Point","coordinates":[12.965545,40.89994]},"properties":{"nm":"Scoglio Ravia","ref":"E 1582","ch":"Fl G 3s 6M","ty":"light_minor","ar":[["G",6.0]]}},{"type":"Feature","geometry":{"type":"Point","coordinates":[13.0499,40.965017]},"properties":{"nm":"Punta Varo","ref":"E 1576","ch":"LFl W 8s 8M","ty":"light_minor","ss":[["W",270.0,44.0,8.0]]}},{"type":"Feature","geometry":{"type":"Point","coordinates":[13.054917,40.973433]},"properties":{"nm":"Isola Zannone","ref":"E 1577","ch":"Fl(3) W 10s 12M","ty":"light_minor","ss":[["W",60.0,280.0,12.0]]}},{"type":"Feature","geometry":{"type":"Point","coordinates":[12.812342,41.407731]},"properties":{"nm":"Tori di Foce Verde","ref":"E 1541.6","ch":"Fl(2) Y 6s 4M","ty":"light_minor","ar":[["Y",4.0]]}},{"type":"Feature","geometry":{"type":"Point","coordinates":[12.659968,41.453149]},"properties":{"nm":"Avamporto","ref":"E 1541.35","ch":"F G","ty":"light_minor","ss":[["G",355.0,295.0,null]]}},{"type":"Feature","geometry":{"type":"Point","coordinates":[12.659916,41.451618]},"properties":{"nm":"E 1541.2","ref":"E 1541.2","ch":"Fl 5s","ty":"light_minor"}},{"type":"Feature","geometry":{"type":"Point","coordinates":[12.658775,41.451719]},"properties":{"nm":"E 1541.3","ref":"E 1541.3","ch":"Fl R 5s 7M","ty":"light_minor","ar":[["R",7.0]]}},{"type":"Feature","geometry":{"type":"Point","coordinates":[12.637665,41.445955]},"properties":{"nm":"E 1541","ref":"E 1541","ch":"Fl G 3s 4M","ty":"light_minor","ar":[["G",4.0]]}},{"type":"Feature","geometry":{"type":"Point","coordinates":[12.638058,41.443599]},"properties":{"nm":"E 1540.5","ref":"E 1540.5","ch":"Fl R 3s 5M","ty":"light_minor","ar":[["R",5.0]]}},{"type":"Feature","geometry":{"type":"Point","coordinates":[12.153209,41.752633]},"properties":{"nm":"E 7054","ref":"E 7054","ch":"Fl W 2s 5M","ty":"light_minor","ar":[["W",5.0]]}},{"type":"Feature","geometry":{"type":"Point","coordinates":[12.167178,41.7445]},"properties":{"nm":"E 7053","ref":"E 7053","ch":"Fl(2) W 4s 5M","ty":"light_minor","ar":[["W",5.0]]}},{"type":"Feature","geometry":{"type":"Point","coordinates":[12.220938,41.770637]},"properties":{"nm":"E 1526","ref":"E 1526","ch":"Fl W 3s 11M","ty":"light_minor","ar":[["W",11.0]]}},{"type":"Feature","geometry":{"type":"Point","coordinates":[12.217697,41.771187]},"properties":{"nm":"E 1526.2","ref":"E 1526.2","ch":"F G 4M","ty":"light_minor","ar":[["G",4.0]]}},{"type":"Feature","geometry":{"type":"Point","coordinates":[12.214634,41.771107]},"properties":{"nm":"E 1526.3","ref":"E 1526.3","ch":"Fl G 3s 9M","ty":"beacon_lateral","ar":[["G",9.0]]}},{"type":"Feature","geometry":{"type":"Point","coordinates":[12.21825,41.771653]},"properties":{"nm":"E 1524","ref":"E 1524","ch":"Fl R 3s 8M","ty":"beacon_lateral","ar":[["R",8.0]]}},{"type":"Feature","geometry":{"type":"Point","coordinates":[11.872955,42.034815]},"properties":{"nm":"E 1519.4","ref":"E 1519.4","ch":"F G 3M","ty":"light_minor","ar":[["G",3.0]]}},{"type":"Feature","geometry":{"type":"Point","coordinates":[11.873901,42.034424]},"properties":{"nm":"Santa Marinella","ref":"E 1519","ch":"F R 3M","ty":"light_minor","ar":[["R",3.0]]}},{"type":"Feature","geometry":{"type":"Point","coordinates":[11.785797,42.092996]},"properties":{"nm":"E 1518","ref":"E 1518","ch":"F R 3M","ty":"light_minor","ar":[["R",3.0]]}},{"type":"Feature","geometry":{"type":"Point","coordinates":[11.811049,42.066974]},"properties":{"nm":"E 1518.7","ref":"E 1518.7","ch":"Fl R 5s 5M","ty":"beacon_lateral","ar":[["R",5.0]]}},{"type":"Feature","geometry":{"type":"Point","coordinates":[11.809759,42.066162]},"properties":{"nm":"Riva di Traiano","ref":"E 1518.5","ch":"Fl G 5s 6M","ty":"light_minor","ar":[["G",6.0]]}},{"type":"Feature","geometry":{"type":"Point","coordinates":[11.786918,42.091281]},"properties":{"nm":"E 1518.2","ref":"E 1518.2","ch":"F R 3M","ty":"light_minor","ar":[["R",3.0]]}},{"type":"Feature","geometry":{"type":"Point","coordinates":[11.780578,42.097862]},"properties":{"nm":"E 1513","ref":"E 1513","ch":"F R 3M","ty":"light_minor","ar":[["R",3.0]]}},{"type":"Feature","geometry":{"type":"Point","coordinates":[11.781657,42.095453]},"properties":{"nm":"E 1514","ref":"E 1514","ch":"Fl R 4s 8M","ty":"light_minor","ar":[["R",8.0]]}},{"type":"Feature","geometry":{"type":"Point","coordinates":[11.763305,42.106403]},"properties":{"nm":"E 1510","ref":"E 1510","ch":"Fl G 3s 8M","ty":"light_minor","ar":[["G",8.0]]}},{"type":"Feature","geometry":{"type":"Point","coordinates":[11.768238,42.107115]},"properties":{"nm":"E 1507","ref":"E 1507","ch":"Iso Y 2s 8M","ty":"beacon_special_purpose","ar":[["Y",8.0]]}},{"type":"Feature","geometry":{"type":"Point","coordinates":[11.764177,42.120613]},"properties":{"nm":"E 1506.2","ref":"E 1506.2","ch":"Fl Y 2s 4M","ty":"light_minor","ar":[["Y",4.0]]}},{"type":"Feature","geometry":{"type":"Point","coordinates":[11.754318,42.124627]},"properties":{"nm":"E 1505","ref":"E 1505","ch":"Fl Y 3s 5M","ty":"light_minor","ar":[["Y",5.0]]}},{"type":"Feature","geometry":{"type":"Point","coordinates":[11.751592,42.123772]},"properties":{"nm":"E 1505.2","ref":"E 1505.2","ch":"Fl(3) Y 10s 5M","ty":"light_minor","ar":[["Y",5.0]]}},{"type":"Feature","geometry":{"type":"Point","coordinates":[11.763604,42.12082]},"properties":{"nm":"Torre Valdaliga","ref":"E 1506","ch":"Fl Y 3s 4M","ty":"light_minor","ar":[["Y",4.0]]}},{"type":"Feature","geometry":{"type":"Point","coordinates":[11.816733,42.098433]},"properties":{"nm":"Monte Cappuccini","ref":"E 1508","ch":"Fl(2) W 10s 24M","ty":"light_major","ar":[["W",24.0]]}},{"type":"Feature","geometry":{"type":"Point","coordinates":[13.812111,43.167485]},"properties":{"nm":"E 2337.2","ref":"E 2337.2","ch":"Fl(2) G 6s 5M","ty":"light_minor","ar":[["G",5.0]]}},{"type":"Feature","geometry":{"type":"Point","coordinates":[13.812351,43.170161]},"properties":{"nm":"Porto San Giorgio","ref":"E 2337","ch":"Fl(2) R 6s 5M","ty":"light_minor","ar":[["R",5.0]]}},{"type":"Feature","geometry":{"type":"Point","coordinates":[13.845097,43.091181]},"properties":{"nm":"Pedaso","ref":"E 2336","ch":"Fl(3) W 15s 16M","ty":"light_major","ar":[["W",16.0]]}},{"type":"Feature","geometry":{"type":"Point","coordinates":[13.89059,42.95735]},"properties":{"nm":"E 2333","ref":"E 2333","ch":"Fl G 3s 8M","ty":"beacon_lateral","ar":[["G",8.0]]}},{"type":"Feature","geometry":{"type":"Point","coordinates":[13.920579,42.893295]},"properties":{"nm":"Fiume Tronto","ref":"E 2335","ch":"F R 3M","ty":"light_minor","ar":[["R",3.0]]}},{"type":"Feature","geometry":{"type":"Point","coordinates":[13.976655,42.754417]},"properties":{"nm":"E 2326.2","ref":"E 2326.2","ch":"F G","ty":"light_minor","ar":[["G",null]]}},{"type":"Feature","geometry":{"type":"Point","coordinates":[13.977559,42.755149]},"properties":{"nm":"E 2326","ref":"E 2326","ch":"Fl G 5s 4M","ty":"light_minor","ar":[["G",4.0]]}},{"type":"Feature","geometry":{"type":"Point","coordinates":[13.979484,42.755371]},"properties":{"nm":"E 2324","ref":"E 2324","ch":"Fl R 5s 4M","ty":"light_minor","ar":[["R",4.0]]}},{"type":"Feature","geometry":{"type":"Point","coordinates":[13.891617,42.956335]},"properties":{"nm":"E 2334","ref":"E 2334","ch":"Fl R 3s 8M","ty":"light_minor","ar":[["R",8.0]]}},{"type":"Feature","geometry":{"type":"Point","coordinates":[12.970372,40.895234]},"properties":{"nm":"Rotonda della Madonna","ref":"E 1580","ch":"Fl(4) W 15s 12M","ty":"light_minor","ss":[["W",206.0,23.0,12.0]]}},{"type":"Feature","geometry":{"type":"Point","coordinates":[12.953147,40.877718]},"properties":{"nm":"Punta della Guardia","ref":"E 1588","ch":"Fl(3) W 30s 24M","ty":"light_major","ss":[["W",225.0,155.0,24.0]]}},{"type":"Feature","geometry":{"type":"Point","coordinates":[14.036723,42.657439]},"properties":{"nm":"","ref":"","ch":"G","ty":"light_minor","ar":[["G",null]]}},{"type":"Feature","geometry":{"type":"Point","coordinates":[14.037178,42.657469]},"properties":{"nm":"","ref":"","ch":"R","ty":"light_minor","ar":[["R",null]]}},{"type":"Feature","geometry":{"type":"Point","coordinates":[14.229078,42.469637]},"properties":{"nm":"","ref":"","ch":"","ty":"lh"}},{"type":"Feature","geometry":{"type":"Point","coordinates":[14.229927,42.469524]},"properties":{"nm":"","ref":"","ch":"","ty":"lh"}},{"type":"Feature","geometry":{"type":"Point","coordinates":[13.095401,41.225292]},"properties":{"nm":"Fanale Verde","ref":"","ch":"G 2M","ty":"light_major","ar":[["G",2.0]]}},{"type":"Feature","geometry":{"type":"Point","coordinates":[13.097079,41.224815]},"properties":{"nm":"Fanale Rosso","ref":"","ch":"R 2M","ty":"light_major","ar":[["R",2.0]]}},{"type":"Feature","geometry":{"type":"Point","coordinates":[13.894461,42.959951]},"properties":{"nm":"E 2334","ref":"E 2334","ch":"Fl R 3s 8M","ty":"beacon_lateral","ar":[["R",8.0]]}},{"type":"Feature","geometry":{"type":"Point","coordinates":[12.915823,41.38289]},"properties":{"nm":"","ref":"","ch":"","ty":"light_minor"}},{"type":"Feature","geometry":{"type":"Point","coordinates":[12.91537,41.383194]},"properties":{"nm":"","ref":"","ch":"","ty":"light_minor"}},{"type":"Feature","geometry":{"type":"Point","coordinates":[11.727186,42.124826]},"properties":{"nm":"","ref":"","ch":"Mo W 15s 10M","ty":"platform","ar":[["W",10.0]]}},{"type":"Feature","geometry":{"type":"Point","coordinates":[12.964433,40.896346]},"properties":{"nm":"Faro rosso","ref":"E 1583","ch":"Fl R 3s 8M","ty":"beacon","ar":[["R",8.0]]}},{"type":"Feature","geometry":{"type":"Point","coordinates":[12.964738,40.895581]},"properties":{"nm":"Porto di Ponza","ref":"E 1584","ch":"Fl Y 3s 9M","ty":"beacon","ar":[["Y",9.0]]}},{"type":"Feature","geometry":{"type":"Point","coordinates":[12.23381,41.740324]},"properties":{"nm":"","ref":"","ch":"Fl G 5s 5M","ty":"beacon_lateral","ar":[["G",5.0]]}},{"type":"Feature","geometry":{"type":"Point","coordinates":[12.232971,41.740632]},"properties":{"nm":"","ref":"","ch":"Fl R 5s 5M","ty":"beacon_lateral","ar":[["R",5.0]]}},{"type":"Feature","geometry":{"type":"Point","coordinates":[14.285342,42.427548]},"properties":{"nm":"","ref":"","ch":"Fl R 5s 3M","ty":"light_minor","ar":[["R",3.0]]}},{"type":"Feature","geometry":{"type":"Point","coordinates":[12.634656,41.446165]},"properties":{"nm":"","ref":"","ch":"G","ty":"light_minor","ar":[["G",null]]}},{"type":"Feature","geometry":{"type":"Point","coordinates":[13.811298,43.168253]},"properties":{"nm":"","ref":"","ch":"","ty":"lh"}},{"type":"Feature","geometry":{"type":"Point","coordinates":[11.829827,42.059326]},"properties":{"nm":"Semaforo di Fosso Cupo","ref":"","ch":"","ty":"lh"}},{"type":"Feature","geometry":{"type":"Point","coordinates":[12.077955,43.188272]},"properties":{"nm":"","ref":"","ch":"R","ty":"light_minor","ar":[["R",null]]}},{"type":"Feature","geometry":{"type":"Point","coordinates":[12.077451,43.188191]},"properties":{"nm":"","ref":"","ch":"R","ty":"light_minor","ar":[["R",null]]}},{"type":"Feature","geometry":{"type":"Point","coordinates":[13.589247,41.210604]},"properties":{"nm":"Punta dello Stenardo","ref":"E 1560","ch":"Fl(2) R 10s 7M","ty":"beacon","ar":[["R",7.0]]}},{"type":"Feature","geometry":{"type":"Point","coordinates":[14.016809,40.770398]},"properties":{"nm":"Punta Piopetto","ref":"E 1618","ch":"Fl(3) W 10s 11M","ty":"light_minor","ss":[["W",76.0,287.0,11.0]]}},{"type":"Feature","geometry":{"type":"Point","coordinates":[13.942391,40.748158]},"properties":{"nm":"","ref":"","ch":"","ty":"lh"}},{"type":"Feature","geometry":{"type":"Point","coordinates":[15.618502,40.069042]},"properties":{"nm":"","ref":"","ch":"","ty":"lh"}},{"type":"Feature","geometry":{"type":"Point","coordinates":[16.5942,41.208047]},"properties":{"nm":"Faro di Molfetta","ref":"","ch":"","ty":"lh"}},{"type":"Feature","geometry":{"type":"Point","coordinates":[16.591333,41.212033]},"properties":{"nm":"","ref":"","ch":"","ty":"lh"}},{"type":"Feature","geometry":{"type":"Point","coordinates":[16.769132,41.160904]},"properties":{"nm":"","ref":"","ch":"","ty":"lh"}},{"type":"Feature","geometry":{"type":"Point","coordinates":[16.845045,41.139071]},"properties":{"nm":"Faro San Cataldo","ref":"","ch":"","ty":"lh"}},{"type":"Feature","geometry":{"type":"Point","coordinates":[16.848241,41.147826]},"properties":{"nm":"","ref":"","ch":"","ty":"lh"}},{"type":"Feature","geometry":{"type":"Point","coordinates":[16.861433,41.136954]},"properties":{"nm":"Faro Borbonico","ref":"","ch":"","ty":"lh"}},{"type":"Feature","geometry":{"type":"Point","coordinates":[16.862233,41.133385]},"properties":{"nm":"","ref":"","ch":"","ty":"lh"}},{"type":"Feature","geometry":{"type":"Point","coordinates":[16.879465,41.126785]},"properties":{"nm":"","ref":"","ch":"","ty":"lh"}},{"type":"Feature","geometry":{"type":"Point","coordinates":[17.304733,40.955799]},"properties":{"nm":"","ref":"","ch":"","ty":"lh"}},{"type":"Feature","geometry":{"type":"Point","coordinates":[17.179435,40.436843]},"properties":{"nm":"Faro di San Paolo","ref":"","ch":"","ty":"lh"}},{"type":"Feature","geometry":{"type":"Point","coordinates":[16.892168,40.428146]},"properties":{"nm":"","ref":"","ch":"","ty":"lh"}},{"type":"Feature","geometry":{"type":"Point","coordinates":[17.220549,40.423736]},"properties":{"nm":"","ref":"","ch":"","ty":"lh"}},{"type":"Feature","geometry":{"type":"Point","coordinates":[17.203513,40.411775]},"properties":{"nm":"Capo San Vito","ref":"E 2132","ch":"Fl W 15s","ty":"light_major","ar":[["W",null]]}},{"type":"Feature","geometry":{"type":"Point","coordinates":[14.341764,40.812191]},"properties":{"nm":"","ref":"","ch":"","ty":"lh"}},{"type":"Feature","geometry":{"type":"Point","coordinates":[16.294809,41.333625]},"properties":{"nm":"Fanale Rosso Entrata Porto Barletta","ref":"E 2268","ch":"Fl R 4s 8M","ty":"light_minor","ar":[["R",8.0]]}},{"type":"Feature","geometry":{"type":"Point","coordinates":[14.24313,40.557996]},"properties":{"nm":"","ref":"","ch":"","ty":"lh"}},{"type":"Feature","geometry":{"type":"Point","coordinates":[14.244391,40.55725]},"properties":{"nm":"","ref":"","ch":"","ty":"lh"}},{"type":"Feature","geometry":{"type":"Point","coordinates":[14.089031,40.77828]},"properties":{"nm":"Capo Miseno","ref":"E 1620","ch":"Fl(2) W 10s 16M","ty":"light_major","ss":[["W",199.0,112.0,16.0]]}},{"type":"Feature","geometry":{"type":"Point","coordinates":[16.751825,39.621719]},"properties":{"nm":"","ref":"","ch":"","ty":"lh"}},{"type":"Feature","geometry":{"type":"Point","coordinates":[15.419982,39.991196]},"properties":{"nm":"Vecchio Faro di Punta Infreschi","ref":"","ch":"","ty":"lh"}},{"type":"Feature","geometry":{"type":"Point","coordinates":[16.84505,41.139107]},"properties":{"nm":"Punta San Cataldo","ref":"E 2232","ch":"Fl(3) W 20s 24M","ty":"light_major","ar":[["W",24.0]]}},{"type":"Feature","geometry":{"type":"Point","coordinates":[16.291021,41.330619]},"properties":{"nm":"E 2266","ref":"E 2266","ch":"Fl G 4s 8M","ty":"light_minor","ss":[["G",160.0,80.0,8.0]]}},{"type":"Feature","geometry":{"type":"Point","coordinates":[16.290712,41.330529]},"properties":{"nm":"E 2264","ref":"E 2264","ch":"LFl(2) W 12s 17M","ty":"light_major","ar":[["W",17.0]]}},{"type":"Feature","geometry":{"type":"Point","coordinates":[14.362287,40.782806]},"properties":{"nm":"Torre del Greco","ref":"E 1680","ch":"Fl R 5s","ty":"light_minor","ar":[["R",null]]}},{"type":"Feature","geometry":{"type":"Point","coordinates":[17.135936,39.078425]},"properties":{"nm":"","ref":"","ch":"R","ty":"lh","ar":[["R",null]]}},{"type":"Feature","geometry":{"type":"Point","coordinates":[17.13731,39.077671]},"properties":{"nm":"","ref":"","ch":"G","ty":"lh","ar":[["G",null]]}},{"type":"Feature","geometry":{"type":"Point","coordinates":[17.126086,39.09217]},"properties":{"nm":"","ref":"","ch":"G","ty":"light_minor","ar":[["G",null]]}},{"type":"Feature","geometry":{"type":"Point","coordinates":[17.12621,39.095863]},"properties":{"nm":"","ref":"","ch":"R","ty":"light_minor","ar":[["R",null]]}},{"type":"Feature","geometry":{"type":"Point","coordinates":[16.030522,39.356315]},"properties":{"nm":"Paola","ref":"E 1752","ch":"Fl(3) W 15s 15M","ty":"light_major","ss":[["W",315.0,160.0,15.0]]}},{"type":"Feature","geometry":{"type":"Point","coordinates":[15.883237,39.544822]},"properties":{"nm":"Capo Bonifati","ref":"E 1750","ch":"Fl(2) W 10s 15M","ty":"light_major","ar":[["W",15.0]]}},{"type":"Feature","geometry":{"type":"Point","coordinates":[15.70811,39.986745]},"properties":{"nm":"E 1747.2","ref":"E 1747.2","ch":"Fl G 3s 6M","ty":"light_minor","ar":[["G",6.0]]}},{"type":"Feature","geometry":{"type":"Point","coordinates":[15.709569,39.988019]},"properties":{"nm":"E 1747.3","ref":"E 1747.3","ch":"F G 4M","ty":"light_minor","ar":[["G",4.0]]}},{"type":"Feature","geometry":{"type":"Point","coordinates":[15.709168,39.987354]},"properties":{"nm":"Maratea","ref":"E 1747","ch":"Fl R 3s 6M","ty":"light_minor","ar":[["R",6.0]]}},{"type":"Feature","geometry":{"type":"Point","coordinates":[15.49401,40.053016]},"properties":{"nm":"E 1743.2","ref":"E 1743.2","ch":"F G 3M","ty":"light_minor","ar":[["G",3.0]]}},{"type":"Feature","geometry":{"type":"Point","coordinates":[15.494779,40.052644]},"properties":{"nm":"E 1743","ref":"E 1743","ch":"Fl R 3s 4M","ty":"light_minor","ar":[["R",4.0]]}},{"type":"Feature","geometry":{"type":"Point","coordinates":[15.490246,40.048598]},"properties":{"nm":"Scario","ref":"E 1742","ch":"Fl(4) W 12s 15M","ty":"light_major","ar":[["W",15.0]]}},{"type":"Feature","geometry":{"type":"Point","coordinates":[15.273608,40.02462]},"properties":{"nm":"Capo Palinuro","ref":"E 1740","ch":"Fl(3) W 15s 25M","ty":"light_major","ss":[["W",286.0,132.0,25.0]]}},{"type":"Feature","geometry":{"type":"Point","coordinates":[15.119072,40.174983]},"properties":{"nm":"E 1739.8","ref":"E 1739.8","ch":"Fl R 3s 5M","ty":"light_minor","ar":[["R",5.0]]}},{"type":"Feature","geometry":{"type":"Point","coordinates":[15.118051,40.174607]},"properties":{"nm":"Casalvelino Marina","ref":"E 1739.7","ch":"Fl G 3s 5M","ty":"light_minor","ar":[["G",5.0]]}},{"type":"Feature","geometry":{"type":"Point","coordinates":[15.027161,40.176895]},"properties":{"nm":"E 1739.2","ref":"E 1739.2","ch":"F G 1M","ty":"light_minor","ar":[["G",1.0]]}},{"type":"Feature","geometry":{"type":"Point","coordinates":[14.900234,40.251283]},"properties":{"nm":"Isolotto Licosa","ref":"E 1738","ch":"Fl(2) W 10s 11M","ty":"light_minor","ar":[["W",11.0]]}},{"type":"Feature","geometry":{"type":"Point","coordinates":[15.02742,40.175537]},"properties":{"nm":"Acciaroli","ref":"E 1739","ch":"Fl R 3s 4M","ty":"light_minor","ss":[["W",346.0,126.0,6.0],["R",293.0,346.0,4.0]]}},{"type":"Feature","geometry":{"type":"Point","coordinates":[14.98697,40.354945]},"properties":{"nm":"Agropoli","ref":"E 1735","ch":"Fl(2) W 6s 16M","ty":"lh","ar":[["W",16.0]]}},{"type":"Feature","geometry":{"type":"Point","coordinates":[14.934423,40.270885]},"properties":{"nm":"E 1737","ref":"E 1737","ch":"Fl G 4s 3M","ty":"light_minor","ar":[["G",3.0]]}},{"type":"Feature","geometry":{"type":"Point","coordinates":[14.766319,40.673083]},"properties":{"nm":"E 1734.3","ref":"E 1734.3","ch":"F R 3M","ty":"light_minor","ar":[["R",3.0]]}},{"type":"Feature","geometry":{"type":"Point","coordinates":[14.7467,40.66666]},"properties":{"nm":"E 1730.4","ref":"E 1730.4","ch":"Fl R 5s 8M","ty":"light_minor","ar":[["R",8.0]]}},{"type":"Feature","geometry":{"type":"Point","coordinates":[14.752022,40.673736]},"properties":{"nm":"Banchina Manfredi","ref":"E 1733","ch":"F G 3M","ty":"light_minor","ar":[["G",3.0]]}},{"type":"Feature","geometry":{"type":"Point","coordinates":[14.744118,40.663676]},"properties":{"nm":"E 1730.2","ref":"E 1730.2","ch":"Fl G 5s 9M","ty":"light_minor","ar":[["G",9.0]]}},{"type":"Feature","geometry":{"type":"Point","coordinates":[14.755244,40.671957]},"properties":{"nm":"E 1730","ref":"E 1730","ch":"Fl W 3s 11M","ty":"light_minor","ar":[["W",11.0]]}},{"type":"Feature","geometry":{"type":"Point","coordinates":[14.68065,40.633212]},"properties":{"nm":"Capo d'Orso","ref":"E 1722","ch":"Fl(3) W 15s 16M","ty":"light_major","ss":[["W",263.0,93.0,16.0]]}},{"type":"Feature","geometry":{"type":"Point","coordinates":[14.600246,40.630868]},"properties":{"nm":"E 1718","ref":"E 1718","ch":"Fl R 5s 8M","ty":"light_minor","ar":[["R",8.0]]}},{"type":"Feature","geometry":{"type":"Point","coordinates":[14.601545,40.632306]},"properties":{"nm":"E 1720","ref":"E 1720","ch":"F G 3M","ty":"light_minor","ar":[["G",3.0]]}},{"type":"Feature","geometry":{"type":"Point","coordinates":[14.4336,40.582867]},"properties":{"nm":"Isolotti Li Galli","ref":"E 1716","ch":"Fl W 5s 6M","ty":"light_minor","ar":[["W",6.0]]}},{"type":"Feature","geometry":{"type":"Point","coordinates":[14.244336,40.557256]},"properties":{"nm":"E 1711","ref":"E 1711","ch":"Fl R 3s 8M","ty":"light_minor","ar":[["R",8.0]]}},{"type":"Feature","geometry":{"type":"Point","coordinates":[14.324881,40.56946]},"properties":{"nm":"Punta Campanella","ref":"E 1702","ch":"Fl W 5s 10M","ty":"light_minor","ss":[["W",270.0,166.0,10.0]]}},{"type":"Feature","geometry":{"type":"Point","coordinates":[14.324734,40.618768]},"properties":{"nm":"Scoglio Vervece","ref":"E 1700","ch":"Fl(2) W 6s 7M","ty":"beacon_isolated_danger","ar":[["W",7.0]]}},{"type":"Feature","geometry":{"type":"Point","coordinates":[14.377731,40.630974]},"properties":{"nm":"Sorrento","ref":"E 1698","ch":"Fl G 3s 5M","ty":"light_minor","ar":[["G",5.0]]}},{"type":"Feature","geometry":{"type":"Point","coordinates":[14.405076,40.647631]},"properties":{"nm":"Marina di Meta","ref":"E 1695.6","ch":"Fl G 3s 5M","ty":"light_minor","ar":[["G",5.0]]}},{"type":"Feature","geometry":{"type":"Point","coordinates":[14.475165,40.696017]},"properties":{"nm":"E 1694","ref":"E 1694","ch":"Fl R 5s 3M","ty":"light_minor","ar":[["R",3.0]]}},{"type":"Feature","geometry":{"type":"Point","coordinates":[14.473368,40.699207]},"properties":{"nm":"E 1693","ref":"E 1693","ch":"Fl G 5s 8M","ty":"light_minor","ar":[["G",8.0]]}},{"type":"Feature","geometry":{"type":"Point","coordinates":[14.470266,40.688741]},"properties":{"nm":"E 1692","ref":"E 1692","ch":"Fl(2) W 10s 16M","ty":"light_minor","ss":[["W",95.0,223.0,16.0]]}},{"type":"Feature","geometry":{"type":"Point","coordinates":[14.45035,40.716984]},"properties":{"nm":"E 1688","ref":"E 1688","ch":"Fl(2) Y 4s 4M","ty":"beacon_special_purpose","ar":[["Y",4.0]]}},{"type":"Feature","geometry":{"type":"Point","coordinates":[14.45969,40.741733]},"properties":{"nm":"E 1683","ref":"E 1683","ch":"F G 2M","ty":"light_minor","ar":[["G",2.0]]}},{"type":"Feature","geometry":{"type":"Point","coordinates":[14.458957,40.74146]},"properties":{"nm":"Marina di Aprea","ref":"E 1683.5","ch":"F R 2M","ty":"light_minor","ar":[["R",2.0]]}},{"type":"Feature","geometry":{"type":"Point","coordinates":[14.446409,40.753568]},"properties":{"nm":"E 1687","ref":"E 1687","ch":"F R 4M","ty":"light_minor","ar":[["R",4.0]]}},{"type":"Feature","geometry":{"type":"Point","coordinates":[14.449765,40.744325]},"properties":{"nm":"E 1684","ref":"E 1684","ch":"Fl(2) R 6s 4M","ty":"light_minor","ar":[["R",4.0]]}},{"type":"Feature","geometry":{"type":"Point","coordinates":[14.448444,40.748333]},"properties":{"nm":"Torre Annunziat","ref":"E 1685","ch":"Fl(2) G 6s 5M","ty":"beacon_lateral","ar":[["G",5.0]]}},{"type":"Feature","geometry":{"type":"Point","coordinates":[14.361927,40.784818]},"properties":{"nm":"E 1681","ref":"E 1681","ch":"Fl G 5s 3M","ty":"light_minor","ar":[["G",3.0]]}},{"type":"Feature","geometry":{"type":"Point","coordinates":[14.332775,40.81034]},"properties":{"nm":"E 1679","ref":"E 1679","ch":"Fl G 3s 3M","ty":"light_minor","ar":[["G",3.0]]}},{"type":"Feature","geometry":{"type":"Point","coordinates":[14.333346,40.810155]},"properties":{"nm":"Portici","ref":"E 1678","ch":"Fl W 3s 11M","ty":"light_minor","ar":[["W",11.0]]}},{"type":"Feature","geometry":{"type":"Point","coordinates":[14.299481,40.826173]},"properties":{"nm":"E 1652","ref":"E 1652","ch":"Fl R 4s 5M","ty":"light_minor","ar":[["R",5.0]]}},{"type":"Feature","geometry":{"type":"Point","coordinates":[14.187796,40.784207]},"properties":{"nm":"Secca della Cavallara","ref":"E 1628.7","ch":"Q(6) W 15s 5M","ty":"beacon_cardinal","ar":[["W",5.0]]}},{"type":"Feature","geometry":{"type":"Point","coordinates":[14.192382,40.794486]},"properties":{"nm":"Scoglio Traverso","ref":"E 1628.6","ch":"Fl(2) Y 10s 4M","ty":"beacon_special_purpose","ar":[["Y",4.0]]}},{"type":"Feature","geometry":{"type":"Point","coordinates":[14.184033,40.7944]},"properties":{"nm":"E 1628.5","ref":"E 1628.5","ch":"Q Y 4M","ty":"beacon_special_purpose","ar":[["Y",4.0]]}},{"type":"Feature","geometry":{"type":"Point","coordinates":[14.042683,40.776117]},"properties":{"nm":"Secca del Torrione","ref":"E 1619","ch":"Q(6) W 15s 5M","ty":"beacon_cardinal","ar":[["W",5.0]]}},{"type":"Feature","geometry":{"type":"Point","coordinates":[14.02889,40.767951]},"properties":{"nm":"E 1617","ref":"E 1617","ch":"Fl R 3s 8M","ty":"light_minor","ar":[["R",8.0]]}},{"type":"Feature","geometry":{"type":"Point","coordinates":[14.028492,40.769676]},"properties":{"nm":"Procida","ref":"E 1616","ch":"Fl G 3s 8M","ty":"light_minor","ar":[["G",8.0]]}},{"type":"Feature","geometry":{"type":"Point","coordinates":[14.005542,40.747602]},"properties":{"nm":"E 1615.2","ref":"E 1615.2","ch":"F R 4M","ty":"light_minor","ar":[["R",4.0]]}},{"type":"Feature","geometry":{"type":"Point","coordinates":[14.006019,40.746935]},"properties":{"nm":"Porticciolo della Chiaiolella","ref":"E 1615","ch":"F G 4M","ty":"light_minor","ar":[["G",4.0]]}},{"type":"Feature","geometry":{"type":"Point","coordinates":[13.977217,40.7434]},"properties":{"nm":"Secche Formiche di Vivara","ref":"E 1614.3","ch":"Q(9) W 15s 5M","ty":"beacon_cardinal","ar":[["W",5.0]]}},{"type":"Feature","geometry":{"type":"Point","coordinates":[13.941161,40.746204]},"properties":{"nm":"E 1610","ref":"E 1610","ch":"Fl G 3s 8M","ty":"light_minor","ar":[["G",8.0]]}},{"type":"Feature","geometry":{"type":"Point","coordinates":[13.942405,40.748162]},"properties":{"nm":"Bagno","ref":"E 1608","ch":"Fl R 3s 12M","ty":"light_major","ss":[["W",197.0,127.0,15.0],["R",127.0,197.0,12.0]]}},{"type":"Feature","geometry":{"type":"Point","coordinates":[13.909815,40.751187]},"properties":{"nm":"E 1606.2","ref":"E 1606.2","ch":"F R 2M","ty":"light_minor","ar":[["R",2.0]]}},{"type":"Feature","geometry":{"type":"Point","coordinates":[13.911564,40.752654]},"properties":{"nm":"Casamiccola","ref":"E 1606","ch":"Fl G 4s 5M","ty":"light_minor","ar":[["G",5.0]]}},{"type":"Feature","geometry":{"type":"Point","coordinates":[16.010033,41.4339]},"properties":{"nm":"Foce Aloisa","ref":"E 2275","ch":"F R 3M","ty":"light_minor","ar":[["R",3.0]]}},{"type":"Feature","geometry":{"type":"Point","coordinates":[16.133924,41.389655]},"properties":{"nm":"E 2274.6","ref":"E 2274.6","ch":"Fl G 5s 4M","ty":"light_minor","ar":[["G",4.0]]}},{"type":"Feature","geometry":{"type":"Point","coordinates":[16.134634,41.390394]},"properties":{"nm":"Margherita de Savoia","ref":"E 2274.4","ch":"Fl R 5s 4M","ty":"light_minor","ar":[["R",4.0]]}},{"type":"Feature","geometry":{"type":"Point","coordinates":[16.424014,41.284601]},"properties":{"nm":"Braccio di San Nicola","ref":"E 2262","ch":"LFl G 5s 8M","ty":"light_minor","ar":[["G",8.0]]}},{"type":"Feature","geometry":{"type":"Point","coordinates":[16.422598,41.282806]},"properties":{"nm":"E 2261","ref":"E 2261","ch":"F R 3M","ty":"light_minor","ar":[["R",3.0]]}},{"type":"Feature","geometry":{"type":"Point","coordinates":[16.590996,41.208162]},"properties":{"nm":"E 2254","ref":"E 2254","ch":"F G 4M","ty":"light_minor","ar":[["G",4.0]]}},{"type":"Feature","geometry":{"type":"Point","coordinates":[16.590766,41.214549]},"properties":{"nm":"E 2250","ref":"E 2250","ch":"Fl G 5s 7M","ty":"light_minor","ar":[["G",7.0]]}},{"type":"Feature","geometry":{"type":"Point","coordinates":[16.591376,41.212019]},"properties":{"nm":"E 2252","ref":"E 2252","ch":"Fl R 5s 7M","ty":"light_minor","ar":[["R",7.0]]}},{"type":"Feature","geometry":{"type":"Point","coordinates":[16.594219,41.208041]},"properties":{"nm":"Molfetta","ref":"E 2248","ch":"Iso W 6s 16M","ty":"light_major","ar":[["W",16.0]]}},{"type":"Feature","geometry":{"type":"Point","coordinates":[16.672401,41.190535]},"properties":{"nm":"Giovinazzo","ref":"E 2247","ch":"F G 4M","ty":"light_minor","ar":[["G",4.0]]}},{"type":"Feature","geometry":{"type":"Point","coordinates":[16.672459,41.191411]},"properties":{"nm":"E 2247.3","ref":"E 2247.3","ch":"F R 4M","ty":"light_minor","ar":[["R",4.0]]}},{"type":"Feature","geometry":{"type":"Point","coordinates":[16.750725,41.165443]},"properties":{"nm":"E 2246.2","ref":"E 2246.2","ch":"F R 3M","ty":"light_minor","ar":[["R",3.0]]}},{"type":"Feature","geometry":{"type":"Point","coordinates":[16.750591,41.166472]},"properties":{"nm":"Santo Spirito","ref":"E 2246","ch":"F G 3M","ty":"light_minor","ar":[["G",3.0]]}},{"type":"Feature","geometry":{"type":"Point","coordinates":[16.879491,41.126773]},"properties":{"nm":"E 2244","ref":"E 2244","ch":"Fl G 5s 9M","ty":"light_minor","ss":[["G",190.0,130.0,9.0]]}},{"type":"Feature","geometry":{"type":"Point","coordinates":[16.862216,41.133434]},"properties":{"nm":"E 2242","ref":"E 2242","ch":"F G 4M","ty":"light_minor","ar":[["G",4.0]]}},{"type":"Feature","geometry":{"type":"Point","coordinates":[16.86535,41.133867]},"properties":{"nm":"E 2243","ref":"E 2243","ch":"Fl Y 2s 3M","ty":"light_minor","ar":[["Y",3.0]]}},{"type":"Feature","geometry":{"type":"Point","coordinates":[16.86143,41.136957]},"properties":{"nm":"E 2238","ref":"E 2238","ch":"F R 4M","ty":"light_minor","ar":[["R",4.0]]}},{"type":"Feature","geometry":{"type":"Point","coordinates":[16.866015,41.140166]},"properties":{"nm":"E 2240","ref":"E 2240","ch":"Fl G 5s 3M","ty":"light_minor","ar":[["G",3.0]]}},{"type":"Feature","geometry":{"type":"Point","coordinates":[16.852632,41.142045]},"properties":{"nm":"San Cataldo","ref":"E 2234","ch":"Fl G 3s 7M","ty":"light_minor","ar":[["G",7.0]]}},{"type":"Feature","geometry":{"type":"Point","coordinates":[16.866112,41.142284]},"properties":{"nm":"E 2241","ref":"E 2241","ch":"Fl R 5s 3M","ty":"light_minor","ar":[["R",3.0]]}},{"type":"Feature","geometry":{"type":"Point","coordinates":[16.855107,41.14364]},"properties":{"nm":"E 2236","ref":"E 2236","ch":"Fl R 5s 4M","ty":"light_minor","ss":[["R",273.0,129.0,4.0]]}},{"type":"Feature","geometry":{"type":"Point","coordinates":[16.848244,41.147846]},"properties":{"nm":"E 2233","ref":"E 2233","ch":"Fl R 3s 7M","ty":"light_minor","ar":[["R",7.0]]}},{"type":"Feature","geometry":{"type":"Point","coordinates":[16.998323,41.090023]},"properties":{"nm":"Torra Mare","ref":"E 2231","ch":"F R 3M","ty":"light_minor","ar":[["R",3.0]]}},{"type":"Feature","geometry":{"type":"Point","coordinates":[17.088488,41.06488]},"properties":{"nm":"Nord Zone","ref":"E 2230.4","ch":"F G 7M","ty":"light_minor","ar":[["G",7.0]]}},{"type":"Feature","geometry":{"type":"Point","coordinates":[17.088984,41.065264]},"properties":{"nm":"Cala Portecchia","ref":"E 2230","ch":"F R 7M","ty":"light_minor","ar":[["R",7.0]]}},{"type":"Feature","geometry":{"type":"Point","coordinates":[17.101409,41.062347]},"properties":{"nm":"E 2228.5","ref":"E 2228.5","ch":"Fl R 3s 8M","ty":"light_minor","ar":[["R",8.0]]}},{"type":"Feature","geometry":{"type":"Point","coordinates":[17.099382,41.061116]},"properties":{"nm":"Mola di Bari","ref":"E 2228","ch":"Fl G 3s 7M","ty":"light_minor","ar":[["G",7.0]]}},{"type":"Feature","geometry":{"type":"Point","coordinates":[17.308826,40.956088]},"properties":{"nm":"E 2226","ref":"E 2226","ch":"Fl G 3s 8M","ty":"light_minor","ar":[["G",8.0]]}},{"type":"Feature","geometry":{"type":"Point","coordinates":[17.304882,40.955911]},"properties":{"nm":"Monopoli","ref":"E 2224","ch":"Fl R 3s 8M","ty":"light_minor","ar":[["R",8.0]]}},{"type":"Feature","geometry":{"type":"Point","coordinates":[17.173967,40.4765]},"properties":{"nm":"E 2142.9","ref":"E 2142.9","ch":"Q R 3M","ty":"light_minor","ar":[["R",3.0]]}},{"type":"Feature","geometry":{"type":"Point","coordinates":[17.1731,40.47605]},"properties":{"nm":"E 2142.92","ref":"E 2142.92","ch":"Q G 3M","ty":"light_minor","ar":[["G",3.0]]}},{"type":"Feature","geometry":{"type":"Point","coordinates":[17.15525,40.496567]},"properties":{"nm":"E 2162.6","ref":"E 2162.6","ch":"F G 3M","ty":"light_minor","ar":[["G",3.0]]}},{"type":"Feature","geometry":{"type":"Point","coordinates":[17.144637,40.49499]},"properties":{"nm":"E 2162.4","ref":"E 2162.4","ch":"Fl R 5s 8M","ty":"light_minor","ar":[["R",8.0]]}},{"type":"Feature","geometry":{"type":"Point","coordinates":[17.144503,40.481851]},"properties":{"nm":"E 2162.2","ref":"E 2162.2","ch":"Q R 4M","ty":"light_minor","ar":[["R",4.0]]}},{"type":"Feature","geometry":{"type":"Point","coordinates":[17.137779,40.492281]},"properties":{"nm":"E 2162","ref":"E 2162","ch":"Fl G 5s 8M","ty":"light_minor","ar":[["G",8.0]]}},{"type":"Feature","geometry":{"type":"Point","coordinates":[17.219892,40.469726]},"properties":{"nm":"E 2144.5","ref":"E 2144.5","ch":"Fl R 5s 6M","ty":"light_minor","ar":[["R",6.0]]}},{"type":"Feature","geometry":{"type":"Point","coordinates":[17.194756,40.470632]},"properties":{"nm":"E 2142.8","ref":"E 2142.8","ch":"Fl Y 2s 3M","ty":"light_minor","ar":[["Y",3.0]]}},{"type":"Feature","geometry":{"type":"Point","coordinates":[17.206285,40.473711]},"properties":{"nm":"E 2144.45","ref":"E 2144.45","ch":"F R 3M","ty":"light_minor","ar":[["G",3.0],["R",3.0]]}},{"type":"Feature","geometry":{"type":"Point","coordinates":[17.204917,40.479717]},"properties":{"nm":"E 2144.47","ref":"E 2144.47","ch":"Q R 6M","ty":"light_minor","ar":[["R",6.0]]}},{"type":"Feature","geometry":{"type":"Point","coordinates":[17.209981,40.473669]},"properties":{"nm":"E 2144.44","ref":"E 2144.44","ch":"F G 3M","ty":"light_minor","ar":[["R",3.0],["G",3.0]]}},{"type":"Feature","geometry":{"type":"Point","coordinates":[17.212508,40.473816]},"properties":{"nm":"E 2144.43","ref":"E 2144.43","ch":"F R 3M","ty":"light_minor","ar":[["G",3.0],["R",3.0]]}},{"type":"Feature","geometry":{"type":"Point","coordinates":[17.216891,40.473881]},"properties":{"nm":"E 2144.4","ref":"E 2144.4","ch":"F R 5M","ty":"light_minor","ar":[["G",5.0],["R",5.0]]}},{"type":"Feature","geometry":{"type":"Point","coordinates":[17.227929,40.448241]},"properties":{"nm":"Mar Grande","ref":"E 2150","ch":"Fl G 3s 7M","ty":"light_minor","ss":[["G",198.5,25.0,7.0],["G",57.0,187.5,7.0],["W",187.5,198.5,9.0]]}},{"type":"Feature","geometry":{"type":"Point","coordinates":[17.209017,40.46525]},"properties":{"nm":"E 2142.6","ref":"E 2142.6","ch":"Q R 4M","ty":"light_minor","ar":[["R",4.0]]}},{"type":"Feature","geometry":{"type":"Point","coordinates":[17.216067,40.459617]},"properties":{"nm":"E 2142.5","ref":"E 2142.5","ch":"Q G 7M","ty":"beacon_lateral","ar":[["G",7.0]]}},{"type":"Feature","geometry":{"type":"Point","coordinates":[17.210833,40.461234]},"properties":{"nm":"E 2142.4","ref":"E 2142.4","ch":"Q R 6M","ty":"beacon_lateral","ar":[["R",6.0]]}},{"type":"Feature","geometry":{"type":"Point","coordinates":[17.162503,40.454267]},"properties":{"nm":"E 2137","ref":"E 2137","ch":"Fl Y 4s 4M","ty":"light_minor","ar":[["Y",4.0]]}},{"type":"Feature","geometry":{"type":"Point","coordinates":[17.179499,40.436832]},"properties":{"nm":"Isolotto San Paolo","ref":"E 2138","ch":"Fl(2) R 7s 7M","ty":"light_minor","ar":[["R",7.0]]}},{"type":"Feature","geometry":{"type":"Point","coordinates":[17.194356,40.429572]},"properties":{"nm":"E 2134","ref":"E 2134","ch":"Fl(2) G 7s 9M","ty":"light_minor","ar":[["G",9.0]]}},{"type":"Feature","geometry":{"type":"Point","coordinates":[17.173917,40.422417]},"properties":{"nm":"Mar Grande","ref":"E 2133","ch":"Q(9) W 15s 5M","ty":"beacon_cardinal","ar":[["W",5.0]]}},{"type":"Feature","geometry":{"type":"Point","coordinates":[16.509125,39.735779]},"properties":{"nm":"E 2131.2","ref":"E 2131.2","ch":"Q G 3M","ty":"light_minor","ar":[["G",3.0]]}},{"type":"Feature","geometry":{"type":"Point","coordinates":[16.510028,39.735971]},"properties":{"nm":"Laghi di Sibari","ref":"E 2131","ch":"Q R 5M","ty":"light_minor","ar":[["R",5.0]]}},{"type":"Feature","geometry":{"type":"Point","coordinates":[16.505593,39.730844]},"properties":{"nm":"Punta Coscio","ref":"E 2130.5","ch":"Fl(4) W 20s 12M","ty":"light_minor","ar":[["W",12.0]]}},{"type":"Feature","geometry":{"type":"Point","coordinates":[16.286304,41.32851]},"properties":{"nm":"Stella del Mare","ref":"","ch":"","ty":"lh"}},{"type":"Feature","geometry":{"type":"Point","coordinates":[15.276671,40.032258]},"properties":{"nm":"","ref":"","ch":"G","ty":"light_minor","ar":[["G",null]]}},{"type":"Feature","geometry":{"type":"Point","coordinates":[15.788288,39.819127]},"properties":{"nm":"Faro di Scalea","ref":"","ch":"","ty":"lh"}},{"type":"Feature","geometry":{"type":"Point","coordinates":[14.400666,40.640504]},"properties":{"nm":"E 1696","ref":"E 1696","ch":"F G 3M","ty":"light_minor","ar":[["G",3.0]]}},{"type":"Feature","geometry":{"type":"Point","coordinates":[14.473446,40.715742]},"properties":{"nm":"","ref":"","ch":"R","ty":"light_minor","ar":[["R",null]]}},{"type":"Feature","geometry":{"type":"Point","coordinates":[14.474519,40.716012]},"properties":{"nm":"","ref":"","ch":"G","ty":"light_minor","ar":[["G",null]]}},{"type":"Feature","geometry":{"type":"Point","coordinates":[14.469941,40.725006]},"properties":{"nm":"","ref":"","ch":"G","ty":"light_minor","ar":[["G",null]]}},{"type":"Feature","geometry":{"type":"Point","coordinates":[14.471009,40.725031]},"properties":{"nm":"","ref":"","ch":"R","ty":"light_minor","ar":[["R",null]]}},{"type":"Feature","geometry":{"type":"Point","coordinates":[14.038993,40.791268]},"properties":{"nm":"","ref":"","ch":"R","ty":"light_minor","ar":[["R",null]]}},{"type":"Feature","geometry":{"type":"Point","coordinates":[14.040544,40.79141]},"properties":{"nm":"","ref":"","ch":"G","ty":"light_minor","ar":[["G",null]]}},{"type":"Feature","geometry":{"type":"Point","coordinates":[17.153337,39.398865]},"properties":{"nm":"Punta Alice","ref":"E 2128","ch":"Fl(2) W 10s 16M","ty":"light_major","ar":[["W",16.0]]}},{"type":"Feature","geometry":{"type":"Point","coordinates":[16.946545,39.505446]},"properties":{"nm":"","ref":"","ch":"","ty":"light_minor"}},{"type":"Feature","geometry":{"type":"Point","coordinates":[17.20441,39.025657]},"properties":{"nm":"Capo Colonna","ref":"","ch":"","ty":"light_major"}},{"type":"Feature","geometry":{"type":"Point","coordinates":[16.42209,41.281455]},"properties":{"nm":"E 2260","ref":"E 2260","ch":"Fl W 5s 12M","ty":"light_minor","ar":[["W",12.0]]}},{"type":"Feature","geometry":{"type":"Point","coordinates":[14.810458,40.645197]},"properties":{"nm":"","ref":"","ch":"G","ty":"light_minor","ar":[["G",null]]}},{"type":"Feature","geometry":{"type":"Point","coordinates":[14.812563,40.644068]},"properties":{"nm":"","ref":"","ch":"R","ty":"light_minor","ar":[["R",null]]}},{"type":"Feature","geometry":{"type":"Point","coordinates":[13.852749,40.711035]},"properties":{"nm":"Punta Imperatore","ref":"E 1598","ch":"Fl(2) W 15s 22M","ty":"light_major","ss":[["W",316.0,190.0,22.0]]}},{"type":"Feature","geometry":{"type":"Point","coordinates":[14.263939,40.560262]},"properties":{"nm":"","ref":"","ch":"","ty":"lh"}},{"type":"Feature","geometry":{"type":"Point","coordinates":[14.475961,40.697046]},"properties":{"nm":"","ref":"","ch":"Fl R 5s 3M","ty":"light_major","ar":[["R",3.0]]}},{"type":"Feature","geometry":{"type":"Point","coordinates":[13.434627,40.796865]},"properties":{"nm":"Porto Nicolo","ref":"E 1592","ch":"Fl W 5s 15M","ty":"light_major","ss":[["W",158.0,22.0,15.0]]}},{"type":"Feature","geometry":{"type":"Point","coordinates":[13.965628,40.732186]},"properties":{"nm":"Castello d'Ischia","ref":"E 1614","ch":"LFl W 6s 16 nmiM","ty":"light_major","ss":[["W",119.0,1.0,null]]}},{"type":"Feature","geometry":{"type":"Point","coordinates":[14.243252,40.558102]},"properties":{"nm":"E 1710","ref":"E 1710","ch":"Fl G 3s 8M","ty":"light_minor","ar":[["G",8.0]]}},{"type":"Feature","geometry":{"type":"Point","coordinates":[16.75181,39.621695]},"properties":{"nm":"","ref":"","ch":"","ty":"lh"}},{"type":"Feature","geometry":{"type":"Point","coordinates":[14.198797,40.536286]},"properties":{"nm":"Punta Carena","ref":"","ch":"","ty":"light_major"}},{"type":"Feature","geometry":{"type":"Point","coordinates":[16.031479,39.362286]},"properties":{"nm":"","ref":"","ch":"","ty":"light_major"}},{"type":"Feature","geometry":{"type":"Point","coordinates":[17.131255,39.087007]},"properties":{"nm":"","ref":"","ch":"G","ty":"light_minor","ar":[["G",null]]}},{"type":"Feature","geometry":{"type":"Point","coordinates":[15.378219,39.999038]},"properties":{"nm":"","ref":"","ch":"G","ty":"light_minor","ar":[["G",null]]}},{"type":"Feature","geometry":{"type":"Point","coordinates":[15.378635,39.998096]},"properties":{"nm":"","ref":"","ch":"R","ty":"light_minor","ar":[["R",null]]}},{"type":"Feature","geometry":{"type":"Point","coordinates":[15.525594,40.071323]},"properties":{"nm":"","ref":"","ch":"G","ty":"light_minor","ar":[["G",null]]}},{"type":"Feature","geometry":{"type":"Point","coordinates":[15.52616,40.070389]},"properties":{"nm":"","ref":"","ch":"R","ty":"light_minor","ar":[["R",null]]}},{"type":"Feature","geometry":{"type":"Point","coordinates":[15.626555,40.065057]},"properties":{"nm":"","ref":"","ch":"R","ty":"light_minor","ar":[["R",null]]}},{"type":"Feature","geometry":{"type":"Point","coordinates":[15.625007,40.064814]},"properties":{"nm":"","ref":"","ch":"G","ty":"light_minor","ar":[["G",null]]}},{"type":"Feature","geometry":{"type":"Point","coordinates":[15.852641,39.614146]},"properties":{"nm":"","ref":"","ch":"R","ty":"light_minor","ar":[["R",null]]}},{"type":"Feature","geometry":{"type":"Point","coordinates":[15.852612,39.613658]},"properties":{"nm":"","ref":"","ch":"G","ty":"light_minor","ar":[["G",null]]}},{"type":"Feature","geometry":{"type":"Point","coordinates":[17.242725,40.497349]},"properties":{"nm":"","ref":"","ch":"","ty":"lh"}},{"type":"Feature","geometry":{"type":"Point","coordinates":[14.755606,40.674632]},"properties":{"nm":"","ref":"","ch":"F G 2M","ty":"light_minor","ar":[["G",2.0]]}},{"type":"Feature","geometry":{"type":"Point","coordinates":[14.755587,40.673102]},"properties":{"nm":"","ref":"","ch":"F R 2M","ty":"light_minor","ar":[["R",2.0]]}},{"type":"Feature","geometry":{"type":"Point","coordinates":[14.765012,40.672041]},"properties":{"nm":"","ref":"","ch":"F G 3M","ty":"light_minor","ar":[["G",3.0]]}},{"type":"Feature","geometry":{"type":"Point","coordinates":[14.938713,40.341409]},"properties":{"nm":"","ref":"","ch":"Iso Y 4M","ty":"beacon_special_purpose","ar":[["Y",4.0]]}},{"type":"Feature","geometry":{"type":"Point","coordinates":[14.930828,40.324806]},"properties":{"nm":"","ref":"","ch":"Iso Y 4M","ty":"beacon_special_purpose","ar":[["Y",4.0]]}},{"type":"Feature","geometry":{"type":"Point","coordinates":[14.908994,40.229792]},"properties":{"nm":"","ref":"","ch":"Fl Y 3s 4M","ty":"beacon_special_purpose","ar":[["Y",4.0]]}},{"type":"Feature","geometry":{"type":"Point","coordinates":[14.917535,40.222288]},"properties":{"nm":"","ref":"","ch":"Fl Y 3s 4M","ty":"beacon_special_purpose","ar":[["Y",4.0]]}},{"type":"Feature","geometry":{"type":"Point","coordinates":[14.479167,40.700833]},"properties":{"nm":"","ref":"","ch":"Fl Y 3s","ty":"buoy_special_purpose","ar":[["Y",null]]}},{"type":"Feature","geometry":{"type":"Point","coordinates":[14.478,40.707167]},"properties":{"nm":"","ref":"","ch":"Fl Y 3s","ty":"buoy_special_purpose","ar":[["Y",null]]}},{"type":"Feature","geometry":{"type":"Point","coordinates":[14.475833,40.713833]},"properties":{"nm":"","ref":"","ch":"Fl Y 3s","ty":"buoy_special_purpose","ar":[["Y",null]]}},{"type":"Feature","geometry":{"type":"Point","coordinates":[14.334399,40.609619]},"properties":{"nm":"","ref":"","ch":"","ty":"lh"}},{"type":"Feature","geometry":{"type":"Point","coordinates":[16.528574,39.673226]},"properties":{"nm":"","ref":"","ch":"Fl G 3s 3M","ty":"beacon_lateral","ar":[["G",3.0]]}},{"type":"Feature","geometry":{"type":"Point","coordinates":[16.529103,39.671195]},"properties":{"nm":"","ref":"","ch":"Fl R 3s 3M","ty":"beacon_lateral","ar":[["R",3.0]]}},{"type":"Feature","geometry":{"type":"Point","coordinates":[13.896667,40.753333]},"properties":{"nm":"","ref":"","ch":"Fl G 4s 8M","ty":"light_minor","ar":[["G",8.0]]}},{"type":"Feature","geometry":{"type":"Point","coordinates":[14.332557,40.811916]},"properties":{"nm":"","ref":"","ch":"Fl R 3s 3M","ty":"light_minor","ar":[["R",3.0]]}},{"type":"Feature","geometry":{"type":"Point","coordinates":[13.941628,40.746051]},"properties":{"nm":"E 1612","ref":"E 1612","ch":"Fl R 3s 8 nmiM","ty":"light_minor","ss":[["",196.0,217.0,null]],"ar":[["R",null]]}},{"type":"Feature","geometry":{"type":"Point","coordinates":[13.859091,40.740926]},"properties":{"nm":"E 1600.5","ref":"E 1600.5","ch":"R 3s 2 nmiM","ty":"light_minor","ar":[["R",null]]}},{"type":"Feature","geometry":{"type":"Point","coordinates":[13.858153,40.741792]},"properties":{"nm":"E 1600","ref":"E 1600","ch":"Fl R 3s 5 nmiM","ty":"light_minor","ss":[["G",5.0,110.0,null],["R",110.0,5.0,null]]}},{"type":"Feature","geometry":{"type":"Point","coordinates":[14.734944,40.652694]},"properties":{"nm":"","ref":"","ch":"Fl Y 4s","ty":"buoy_special_purpose","ar":[["Y",null]]}},{"type":"Feature","geometry":{"type":"Point","coordinates":[14.731333,40.653361]},"properties":{"nm":"","ref":"","ch":"Fl Y 4s","ty":"buoy_special_purpose","ar":[["Y",null]]}},{"type":"Feature","geometry":{"type":"Point","coordinates":[14.740056,40.659361]},"properties":{"nm":"","ref":"","ch":"Fl Y 4s","ty":"buoy_special_purpose","ar":[["Y",null]]}},{"type":"Feature","geometry":{"type":"Point","coordinates":[14.733611,40.660389]},"properties":{"nm":"","ref":"","ch":"Fl Y 4s","ty":"buoy_special_purpose","ar":[["Y",null]]}},{"type":"Feature","geometry":{"type":"Point","coordinates":[14.7355,40.665861]},"properties":{"nm":"","ref":"","ch":"Fl Y 4s","ty":"buoy_special_purpose","ar":[["Y",null]]}},{"type":"Feature","geometry":{"type":"Point","coordinates":[14.742152,40.66291]},"properties":{"nm":"","ref":"","ch":"","ty":"lh"}},{"type":"Feature","geometry":{"type":"Point","coordinates":[14.74593,40.667225]},"properties":{"nm":"","ref":"","ch":"","ty":"lh"}},{"type":"Feature","geometry":{"type":"Point","coordinates":[16.527412,39.66768]},"properties":{"nm":"","ref":"","ch":"F R 3M","ty":"beacon_lateral","ar":[["R",3.0]]}},{"type":"Feature","geometry":{"type":"Point","coordinates":[16.525724,39.663574]},"properties":{"nm":"","ref":"","ch":"F G 3M","ty":"beacon_lateral","ar":[["G",3.0]]}},{"type":"Feature","geometry":{"type":"Point","coordinates":[16.945746,39.505183]},"properties":{"nm":"Outer Breakwater Spur","ref":"E 2128.6","ch":"F G 2M","ty":"beacon_lateral","ar":[["G",2.0]]}},{"type":"Feature","geometry":{"type":"Point","coordinates":[16.943547,39.505527]},"properties":{"nm":"Inner Breakwater","ref":"E2128.7","ch":"Fl R","ty":"beacon_lateral","ar":[["R",null]]}},{"type":"Feature","geometry":{"type":"Point","coordinates":[14.374328,40.630035]},"properties":{"nm":"Terminal Aliscafi 8 & 9","ref":"E1699","ch":"F R","ty":"beacon_lateral","ar":[["R",null]]}},{"type":"Feature","geometry":{"type":"Point","coordinates":[15.23767,41.248826]},"properties":{"nm":"","ref":"","ch":"","ty":"lh"}},{"type":"Feature","geometry":{"type":"Point","coordinates":[15.23779,41.24896]},"properties":{"nm":"","ref":"","ch":"","ty":"lh"}},{"type":"Feature","geometry":{"type":"Point","coordinates":[13.444667,40.790833]},"properties":{"nm":"","ref":"","ch":"Fl Y 5s","ty":"","ar":[["Y",null]]}},{"type":"Feature","geometry":{"type":"Point","coordinates":[17.223697,40.475641]},"properties":{"nm":"Passaggio Piccolo East mole","ref":"E 2146","ch":"Fl G 5s 8M","ty":"beacon","ar":[["G",8.0]]}},{"type":"Feature","geometry":{"type":"Point","coordinates":[17.221618,40.476312]},"properties":{"nm":"Passaggio Piccolo Commercial port West mole","ref":"E 2145","ch":"Fl R 5s 4M","ty":"beacon","ar":[["R",4.0]]}},{"type":"Feature","geometry":{"type":"Point","coordinates":[17.219975,40.475869]},"properties":{"nm":"Passaggio Piccolo West side","ref":"E 2145.20","ch":"F G 4M","ty":"beacon","ar":[["G",4.0]]}},{"type":"Feature","geometry":{"type":"Point","coordinates":[15.574191,38.193529]},"properties":{"nm":"Punta San Raineri","ref":"E 1814","ch":"Fl(3) W 15s 22M","ty":"light_major","ar":[["W",22.0]]}},{"type":"Feature","geometry":{"type":"Point","coordinates":[12.495684,38.01153]},"properties":{"nm":"","ref":"","ch":"","ty":"lh"}},{"type":"Feature","geometry":{"type":"Point","coordinates":[15.828691,38.61945]},"properties":{"nm":"Faro di Capo Vaticano","ref":"","ch":"","ty":"lh"}},{"type":"Feature","geometry":{"type":"Point","coordinates":[14.871231,38.537222]},"properties":{"nm":"","ref":"","ch":"","ty":"lh"}},{"type":"Feature","geometry":{"type":"Point","coordinates":[14.991704,38.367102]},"properties":{"nm":"Faro di Gelso","ref":"","ch":"","ty":"lh"}},{"type":"Feature","geometry":{"type":"Point","coordinates":[16.060594,37.925654]},"properties":{"nm":"Faro di Capo Spartivento","ref":"","ch":"","ty":"lh"}},{"type":"Feature","geometry":{"type":"Point","coordinates":[14.983018,38.368472]},"properties":{"nm":"Faro Vecchio","ref":"","ch":"","ty":"lh"}},{"type":"Feature","geometry":{"type":"Point","coordinates":[15.886546,38.436148]},"properties":{"nm":"","ref":"","ch":"","ty":"lh"}},{"type":"Feature","geometry":{"type":"Point","coordinates":[12.365378,37.906748]},"properties":{"nm":"Punta Marsala","ref":"","ch":"Fl(4) W 15s 15M","ty":"light_major","ss":[["W",202.0,95.0,15.0]]}},{"type":"Feature","geometry":{"type":"Point","coordinates":[12.438669,38.043353]},"properties":{"nm":"Scogli Porcelli","ref":"E 1968","ch":"Fl(2) W 10s 11M","ty":"light_minor","ar":[["W",11.0]]}},{"type":"Feature","geometry":{"type":"Point","coordinates":[15.176083,37.576909]},"properties":{"nm":"Capo Molini","ref":"","ch":"Fl(3) W 15s 22M","ty":"light_major","ar":[["W",22.0]]}},{"type":"Feature","geometry":{"type":"Point","coordinates":[15.636594,38.231068]},"properties":{"nm":"Punta Pezzo","ref":"E 1770","ch":"Fl","ty":"lh"}},{"type":"Feature","geometry":{"type":"Point","coordinates":[13.619504,38.018508]},"properties":{"nm":"","ref":"","ch":"F G","ty":"light_minor","ar":[["G",null]]}},{"type":"Feature","geometry":{"type":"Point","coordinates":[13.537503,38.1121]},"properties":{"nm":"Capo Zafferano","ref":"E 2023","ch":"Fl(3) W 10s 16M","ty":"light_major","ss":[["R",298.0,344.0,12.0],["W",105.0,298.0,16.0],["W",344.0,355.0,16.0]]}},{"type":"Feature","geometry":{"type":"Point","coordinates":[13.316651,38.223503]},"properties":{"nm":"Capo Gallo","ref":"E 2004","ch":"LFl(2) W 15s 16M","ty":"light_major","ss":[["W",77.0,297.0,16.0]]}},{"type":"Feature","geometry":{"type":"Point","coordinates":[14.961954,38.477105]},"properties":{"nm":"","ref":"","ch":"Fl Y 3s","ty":"light_minor","ar":[["Y",null]]}},{"type":"Feature","geometry":{"type":"Point","coordinates":[14.962849,38.477335]},"properties":{"nm":"","ref":"","ch":"Fl Y 3s","ty":"light_minor","ar":[["Y",null]]}},{"type":"Feature","geometry":{"type":"Point","coordinates":[13.154881,38.694136]},"properties":{"nm":"Punta Gavazzi","ref":"E 2000","ch":"Fl(4) W 12s 16M","ty":"light_major","ss":[["W",297.0,194.0,16.0]]}},{"type":"Feature","geometry":{"type":"Point","coordinates":[12.662082,37.565925]},"properties":{"nm":"Capo Granitola","ref":"","ch":"LFl W 10s 18M","ty":"landmark","ar":[["W",18.0]]}},{"type":"Feature","geometry":{"type":"Point","coordinates":[15.252164,38.817329]},"properties":{"nm":"Faro di Strombolicchio","ref":"E 1802","ch":"Fl(3) W 15s 11M","ty":"light_minor","ar":[["W",11.0]]}},{"type":"Feature","geometry":{"type":"Point","coordinates":[12.520656,37.660943]},"properties":{"nm":"Capo Feto","ref":"","ch":"LFl W 10s 11M","ty":"light_minor","ar":[["W",11.0]]}},{"type":"Feature","geometry":{"type":"Point","coordinates":[12.439319,37.786891]},"properties":{"nm":"E 1944","ref":"E 1944","ch":"Fl G 3s 8M","ty":"light_minor","ar":[["G",8.0]]}},{"type":"Feature","geometry":{"type":"Point","coordinates":[12.43671,37.787432]},"properties":{"nm":"","ref":"","ch":"","ty":"lh"}},{"type":"Feature","geometry":{"type":"Point","coordinates":[12.771041,38.175024]},"properties":{"nm":"Punta Solanto","ref":"E 1990","ch":"Fl R 3s 8M","ty":"light_minor","ss":[["W",144.0,122.0,10.0],["R",122.0,144.0,8.0]]}},{"type":"Feature","geometry":{"type":"Point","coordinates":[12.3245,37.93385]},"properties":{"nm":"E 1949","ref":"E 1949","ch":"Fl R 4s 7M","ty":"light_minor","ar":[["R",7.0]]}},{"type":"Feature","geometry":{"type":"Point","coordinates":[12.407,37.906]},"properties":{"nm":"Punta Scario","ref":"E 1947.5","ch":"Q(9) W 15s 5M","ty":"beacon_cardinal","ar":[["W",5.0]]}},{"type":"Feature","geometry":{"type":"Point","coordinates":[12.434973,37.783547]},"properties":{"nm":"E 1942","ref":"E 1942","ch":"Fl R 3s 8M","ty":"beacon_lateral","ar":[["R",8.0]]}},{"type":"Feature","geometry":{"type":"Point","coordinates":[12.43931,37.78687]},"properties":{"nm":"","ref":"","ch":"Fl G 3s","ty":"beacon_lateral","ar":[["G",null]]}},{"type":"Feature","geometry":{"type":"Point","coordinates":[12.586196,37.642558]},"properties":{"nm":"E 1932","ref":"E 1932","ch":"Fl R 4s 5M","ty":"beacon_lateral","ar":[["R",5.0]]}},{"type":"Feature","geometry":{"type":"Point","coordinates":[12.582735,37.647273]},"properties":{"nm":"E 1933","ref":"E 1933","ch":"Fl G 4s 8M","ty":"beacon_lateral","ar":[["G",8.0]]}},{"type":"Feature","geometry":{"type":"Point","coordinates":[12.91026,37.57255]},"properties":{"nm":"","ref":"","ch":"Fl R 4s","ty":"light_minor","ar":[["R",null]]}},{"type":"Feature","geometry":{"type":"Point","coordinates":[12.9091,37.57373]},"properties":{"nm":"","ref":"","ch":"Fl G 4s","ty":"light_minor","ar":[["G",null]]}},{"type":"Feature","geometry":{"type":"Point","coordinates":[12.581065,37.648143]},"properties":{"nm":"E 1932.5","ref":"E 1932.5","ch":"F R 2s 3M","ty":"beacon_lateral","ar":[["R",3.0]]}},{"type":"Feature","geometry":{"type":"Point","coordinates":[12.425611,37.989211]},"properties":{"nm":"Isolotto Formica","ref":"E 1966","ch":"Fl W 4s 11M","ty":"light_minor","ar":[["W",11.0]]}},{"type":"Feature","geometry":{"type":"Point","coordinates":[12.334133,38.020409]},"properties":{"nm":"Levanzo","ref":"E 1962","ch":"Fl(3) W 15s 11M","ty":"light_minor","ss":[["W",32.0,331.0,11.0]]}},{"type":"Feature","geometry":{"type":"Point","coordinates":[15.714713,38.256283]},"properties":{"nm":"Scilla","ref":"E 1766","ch":"Fl W 5s 22M","ty":"light_major","ar":[["W",22.0]]}},{"type":"Feature","geometry":{"type":"Point","coordinates":[12.43867,38.043357]},"properties":{"nm":"","ref":"","ch":"","ty":"lh"}},{"type":"Feature","geometry":{"type":"Point","coordinates":[15.209033,37.733763]},"properties":{"nm":"E 1824","ref":"E 1824","ch":"Fl G 3s 4M","ty":"light_minor","ar":[["G",4.0]]}},{"type":"Feature","geometry":{"type":"Point","coordinates":[15.210061,37.734949]},"properties":{"nm":"E 1823","ref":"E 1823","ch":"Fl R 3s 5M","ty":"light_minor","ar":[["R",5.0]]}},{"type":"Feature","geometry":{"type":"Point","coordinates":[15.275921,37.826875]},"properties":{"nm":"Giardini Naxos","ref":"","ch":"Fl R 4s 8M","ty":"light_minor","ar":[["R",8.0]]}},{"type":"Feature","geometry":{"type":"Point","coordinates":[15.21093,37.728531]},"properties":{"nm":"E 1822","ref":"E 1822","ch":"LFl W 5s 17M","ty":"light_major","ar":[["W",17.0]]}},{"type":"Feature","geometry":{"type":"Point","coordinates":[12.537376,37.658765]},"properties":{"nm":"E 1938.3","ref":"E 1938.3","ch":"Fl(3) Y 10s 4M","ty":"beacon_special_purpose","ar":[["Y",4.0]]}},{"type":"Feature","geometry":{"type":"Point","coordinates":[12.437006,37.787723]},"properties":{"nm":"E 1940","ref":"E 1940","ch":"Fl(2) W 10s 15M","ty":"light_minor","ar":[["W",15.0]]}},{"type":"Feature","geometry":{"type":"Point","coordinates":[12.499534,38.013262]},"properties":{"nm":"","ref":"","ch":"Fl R 6s 4M","ty":"light_minor","ss":[["R",73.0,23.0,4.0]]}},{"type":"Feature","geometry":{"type":"Point","coordinates":[12.505401,38.011274]},"properties":{"nm":"E 1978","ref":"E 1978","ch":"F G 3M","ty":"light_minor","ar":[["G",3.0]]}},{"type":"Feature","geometry":{"type":"Point","coordinates":[12.497227,38.005165]},"properties":{"nm":"E 1976","ref":"E 1976","ch":"Fl R 3s 8M","ty":"light_minor","ar":[["R",8.0]]}},{"type":"Feature","geometry":{"type":"Point","coordinates":[12.529386,38.064159]},"properties":{"nm":"Isolotto Asinelli","ref":"E 1982","ch":"Fl(2) W 6s 7M","ty":"beacon_isolated_danger","ar":[["W",7.0]]}},{"type":"Feature","geometry":{"type":"Point","coordinates":[12.734117,38.180453]},"properties":{"nm":"E 1988","ref":"E 1988","ch":"F R 3M","ty":"light_minor","ar":[["R",3.0]]}},{"type":"Feature","geometry":{"type":"Point","coordinates":[12.736619,38.181495]},"properties":{"nm":"E 1987","ref":"E 1987","ch":"Fl G 5s 5M","ty":"light_minor","ar":[["G",5.0]]}},{"type":"Feature","geometry":{"type":"Point","coordinates":[13.08184,38.157767]},"properties":{"nm":"E 1993.6","ref":"E 1993.6","ch":"Fl R 3s 4M","ty":"light_minor","ar":[["R",4.0]]}},{"type":"Feature","geometry":{"type":"Point","coordinates":[12.884815,38.033629]},"properties":{"nm":"E 1993","ref":"E 1993","ch":"Fl G 8s 3M","ty":"light_minor","ar":[["G",3.0]]}},{"type":"Feature","geometry":{"type":"Point","coordinates":[13.079342,38.159521]},"properties":{"nm":"E 1993.5","ref":"E 1993.5","ch":"Fl G 3s 4M","ty":"light_minor","ar":[["G",4.0]]}},{"type":"Feature","geometry":{"type":"Point","coordinates":[12.881931,38.030732]},"properties":{"nm":"Castellammare del Golfo","ref":"E 1992","ch":"Fl(2) W 10s 10M","ty":"light_minor","ss":[["W",263.0,93.0,10.0]]}},{"type":"Feature","geometry":{"type":"Point","coordinates":[13.196381,38.708013]},"properties":{"nm":"Cala Santa Maria","ref":"E 1997","ch":"F R 3M","ty":"light_minor","ar":[["R",3.0]]}},{"type":"Feature","geometry":{"type":"Point","coordinates":[13.198626,38.712502]},"properties":{"nm":"Punta Omo Morto","ref":"E 1996","ch":"Fl(3) W 15s 25M","ty":"light_major","ss":[["W",87.0,356.0,25.0]]}},{"type":"Feature","geometry":{"type":"Point","coordinates":[13.080698,38.160147]},"properties":{"nm":"","ref":"","ch":"F R","ty":"light_minor","ar":[["R",null]]}},{"type":"Feature","geometry":{"type":"Point","coordinates":[13.335508,38.197652]},"properties":{"nm":"Mondello Valdesi","ref":"E 2005","ch":"F R 3M","ty":"light_minor","ar":[["R",3.0]]}},{"type":"Feature","geometry":{"type":"Point","coordinates":[13.372116,38.144133]},"properties":{"nm":"E 2012","ref":"E 2012","ch":"F R 3M","ty":"light_minor","ar":[["R",3.0]]}},{"type":"Feature","geometry":{"type":"Point","coordinates":[13.373254,38.144406]},"properties":{"nm":"Aquasanta","ref":"E 2011","ch":"F G 3M","ty":"light_minor","ar":[["G",3.0]]}},{"type":"Feature","geometry":{"type":"Point","coordinates":[13.368157,38.127147]},"properties":{"nm":"E 2019","ref":"E 2019","ch":"F G 3M","ty":"light_minor","ar":[["G",3.0]]}},{"type":"Feature","geometry":{"type":"Point","coordinates":[13.371877,38.125531]},"properties":{"nm":"E 2014","ref":"E 2014","ch":"LFl R 5s 8M","ty":"light_minor","ar":[["R",8.0]]}},{"type":"Feature","geometry":{"type":"Point","coordinates":[13.377655,38.132533]},"properties":{"nm":"E 2010","ref":"E 2010","ch":"F G","ty":"light_minor","ar":[["G",null]]}},{"type":"Feature","geometry":{"type":"Point","coordinates":[13.380433,38.122412]},"properties":{"nm":"E 2013","ref":"E 2013","ch":"LFl G 5s 5M","ty":"light_minor","ar":[["G",5.0]]}},{"type":"Feature","geometry":{"type":"Point","coordinates":[13.375147,38.126509]},"properties":{"nm":"Diga Foranea","ref":"E 2008","ch":"Fl(4) W 15s 15M","ty":"light_major","ar":[["W",15.0]]}},{"type":"Feature","geometry":{"type":"Point","coordinates":[13.54104,38.087796]},"properties":{"nm":"E 2026","ref":"E 2026","ch":"Fl R 3s 4M","ty":"light_minor","ar":[["R",4.0]]}},{"type":"Feature","geometry":{"type":"Point","coordinates":[13.542274,38.087431]},"properties":{"nm":"E 2025","ref":"E 2025","ch":"Fl G 3s 5M","ty":"light_minor","ar":[["G",5.0]]}},{"type":"Feature","geometry":{"type":"Point","coordinates":[13.750649,37.97694]},"properties":{"nm":"Water Intake","ref":"E 2035.2","ch":"Fl R 5s 3M","ty":"light_minor","ar":[["R",3.0]]}},{"type":"Feature","geometry":{"type":"Point","coordinates":[13.752082,37.990226]},"properties":{"nm":"Pontile ENEL","ref":"E 2035","ch":"Q R 5M","ty":"light_minor","ar":[["R",5.0]]}},{"type":"Feature","geometry":{"type":"Point","coordinates":[14.029437,38.039786]},"properties":{"nm":"Capo Cefalu","ref":"E 2036","ch":"Fl W 5s 25M","ty":"light_major","ar":[["W",25.0]]}},{"type":"Feature","geometry":{"type":"Point","coordinates":[14.746816,38.164773]},"properties":{"nm":"Capo d'Orlando","ref":"E 2038","ch":"LFl(2) W 12s 16M","ty":"light_major","ar":[["W",16.0]]}},{"type":"Feature","geometry":{"type":"Point","coordinates":[14.871419,38.537211]},"properties":{"nm":"Punta Lingua","ref":"E 1796","ch":"Fl W 3s 11M","ty":"light_minor","ss":[["W",186.0,76.0,11.0]]}},{"type":"Feature","geometry":{"type":"Point","coordinates":[14.871386,38.580591]},"properties":{"nm":"Capo Faro","ref":"E 1798","ch":"LFl W 6s 18M","ty":"light_major","ss":[["W",123.0,357.0,18.0]]}},{"type":"Feature","geometry":{"type":"Point","coordinates":[14.361084,38.533767]},"properties":{"nm":"Isola di Alicudi","ref":"E 1784","ch":"Fl W 3s 10M","ty":"light_minor","ar":[["W",10.0]]}},{"type":"Feature","geometry":{"type":"Point","coordinates":[14.581492,38.562123]},"properties":{"nm":"Filicudi Porto","ref":"","ch":"F R 4M","ty":"light_minor","ar":[["R",4.0]]}},{"type":"Feature","geometry":{"type":"Point","coordinates":[15.078331,38.636566]},"properties":{"nm":"Punta Peppemaria","ref":"E 1800","ch":"Fl R 5s 8M","ty":"light_minor","ss":[["W",343.0,319.0,10.0],["R",319.0,343.0,8.0]]}},{"type":"Feature","geometry":{"type":"Point","coordinates":[14.960605,38.517158]},"properties":{"nm":"Porticello","ref":"E 1793","ch":"F R 3M","ty":"light_minor","ar":[["R",3.0]]}},{"type":"Feature","geometry":{"type":"Point","coordinates":[14.957749,38.464766]},"properties":{"nm":"Marina Corta","ref":"E 1792","ch":"Fl(3) W 15s 15M","ty":"light_major","ar":[["W",15.0]]}},{"type":"Feature","geometry":{"type":"Point","coordinates":[14.957084,38.469856]},"properties":{"nm":"Punta Scaliddi","ref":"E 1790","ch":"Fl R 3s 7M","ty":"light_minor","ar":[["R",7.0]]}},{"type":"Feature","geometry":{"type":"Point","coordinates":[14.961918,38.415461]},"properties":{"nm":"Porto Levante","ref":"E 1786.5","ch":"F G 3M","ty":"light_minor","ar":[["G",3.0]]}},{"type":"Feature","geometry":{"type":"Point","coordinates":[14.967012,38.413721]},"properties":{"nm":"Punte Nere","ref":"E 1786.3","ch":"Fl Y 3s 3M","ty":"light_minor","ss":[["Y",176.0,285.0,3.0]]}},{"type":"Feature","geometry":{"type":"Point","coordinates":[14.991693,38.367109]},"properties":{"nm":"Punta dei Porci","ref":"E 1786","ch":"Fl W 20s 16M","ty":"light_major","ss":[["W",251.0,93.0,16.0]]}},{"type":"Feature","geometry":{"type":"Point","coordinates":[15.315865,38.212802]},"properties":{"nm":"Nave di contrabbandieri affondata","ref":"E 2045.7","ch":"Fl Y 6s 3M","ty":"beacon_special_purpose","ar":[["Y",3.0]]}},{"type":"Feature","geometry":{"type":"Point","coordinates":[15.270614,38.214582]},"properties":{"nm":"Pier No 2","ref":"E2045.2","ch":"F R 5M","ty":"light_minor","ar":[["R",5.0]]}},{"type":"Feature","geometry":{"type":"Point","coordinates":[15.264385,38.213071]},"properties":{"nm":"Oil pier No. 1, head","ref":"E 2045","ch":"F G 5M","ty":"light_minor","ar":[["G",5.0]]}},{"type":"Feature","geometry":{"type":"Point","coordinates":[15.241488,38.217721]},"properties":{"nm":"Pontile Eolie","ref":"E 2044.4","ch":"Fl Y 3s 3M","ty":"light_minor","ar":[["Y",3.0]]}},{"type":"Feature","geometry":{"type":"Point","coordinates":[15.246786,38.214377]},"properties":{"nm":"E 2044.2","ref":"E 2044.2","ch":"LFl R 5s 6M","ty":"beacon_lateral","ar":[["R",6.0]]}},{"type":"Feature","geometry":{"type":"Point","coordinates":[15.282497,38.20911]},"properties":{"nm":"E 2045.4","ref":"E 2045.4","ch":"Fl Y 3s 3M","ty":"light_minor","ar":[["Y",3.0]]}},{"type":"Feature","geometry":{"type":"Point","coordinates":[15.249609,38.216007]},"properties":{"nm":"E 2044","ref":"E 2044","ch":"LFl G 5s 7M","ty":"beacon_lateral","ar":[["G",7.0]]}},{"type":"Feature","geometry":{"type":"Point","coordinates":[15.519119,38.295709]},"properties":{"nm":"Capo Rasocolmo","ref":"E 2046","ch":"Fl(3) W 10s 15M","ty":"light_major","ss":[["W",280.0,255.0,15.0]]}},{"type":"Feature","geometry":{"type":"Point","coordinates":[15.611858,38.273262]},"properties":{"nm":"Mortelle","ref":"E 1810","ch":"Fl(2) Y 4s 2M","ty":"beacon_special_purpose","ar":[["Y",2.0]]}},{"type":"Feature","geometry":{"type":"Point","coordinates":[15.650699,38.268212]},"properties":{"nm":"Capo Peloro","ref":"E 1806","ch":"Fl G 10s 19M","ty":"light_major","ss":[["R",100.0,127.0,9.0],["G",112.5,69.0,19.0]]}},{"type":"Feature","geometry":{"type":"Point","coordinates":[15.572546,38.197185]},"properties":{"nm":"Punta Secca","ref":"E 1816","ch":"Oc Y 3s 10M","ty":"light_minor","ss":[["Y",97.0,335.0,10.0]]}},{"type":"Feature","geometry":{"type":"Point","coordinates":[15.559741,38.200148]},"properties":{"nm":"Marina del Nettuno","ref":"E 1813","ch":"Fl R 3s 3M","ty":"light_minor","ar":[["R",3.0]]}},{"type":"Feature","geometry":{"type":"Point","coordinates":[15.726491,37.928846]},"properties":{"nm":"E 1780.8","ref":"E 1780.8","ch":"Fl Y 3s 3M","ty":"light_minor","ar":[["Y",3.0]]}},{"type":"Feature","geometry":{"type":"Point","coordinates":[15.73278,37.924461]},"properties":{"nm":"E 1780.7","ref":"E 1780.7","ch":"F R 1M","ty":"light_minor","ar":[["G",1.0],["R",1.0]]}},{"type":"Feature","geometry":{"type":"Point","coordinates":[15.73332,37.926569]},"properties":{"nm":"E 1780.6","ref":"E 1780.6","ch":"Fl R 4s 4M","ty":"light_minor","ar":[["R",4.0]]}},{"type":"Feature","geometry":{"type":"Point","coordinates":[15.733373,37.925162]},"properties":{"nm":"Saline de Montebello","ref":"E 1780.5","ch":"Fl G 4s 4M","ty":"light_minor","ar":[["G",4.0]]}},{"type":"Feature","geometry":{"type":"Point","coordinates":[15.651218,38.127327]},"properties":{"nm":"Molo di Sottoflutto","ref":"E 1777","ch":"Iso R 2s 8M","ty":"light_minor","ar":[["R",8.0]]}},{"type":"Feature","geometry":{"type":"Point","coordinates":[15.632915,38.219467]},"properties":{"nm":"E 1773","ref":"E 1773","ch":"Fl R 3s 7M","ty":"light_minor","ar":[["R",7.0]]}},{"type":"Feature","geometry":{"type":"Point","coordinates":[15.740544,38.255465]},"properties":{"nm":"E 1764.1","ref":"E 1764.1","ch":"Fl(2) Y 4s 2M","ty":"beacon_special_purpose","ar":[["Y",2.0]]}},{"type":"Feature","geometry":{"type":"Point","coordinates":[15.889802,38.442717]},"properties":{"nm":"E 1763.2","ref":"E 1763.2","ch":"Fl G 4s 8M","ty":"light_minor","ar":[["G",8.0]]}},{"type":"Feature","geometry":{"type":"Point","coordinates":[15.904859,38.443294]},"properties":{"nm":"E 1763.35","ref":"E 1763.35","ch":"Fl G 6M","ty":"light_minor","ss":[["R",103.5,105.75,6.0],["R",105.75,107.0,6.0],["G",100.25,102.5,6.0],["G",98.0,99.0,6.0],["G",99.0,100.25,6.0],["W",102.5,103.5,6.0],["R",107.0,108.0,6.0]]}},{"type":"Feature","geometry":{"type":"Point","coordinates":[15.892044,38.445702]},"properties":{"nm":"Gioia Tauro","ref":"E 1763","ch":"Fl R 4s 8M","ty":"light_minor","ar":[["R",8.0]]}},{"type":"Feature","geometry":{"type":"Point","coordinates":[15.905429,38.683347]},"properties":{"nm":"Tropea","ref":"E 1760","ch":"F G 4M","ty":"light_minor","ar":[["G",4.0]]}},{"type":"Feature","geometry":{"type":"Point","coordinates":[16.128088,38.7207]},"properties":{"nm":"E 1758","ref":"E 1758","ch":"Fl R 5s 8M","ty":"light_minor","ar":[["R",8.0]]}},{"type":"Feature","geometry":{"type":"Point","coordinates":[16.1286,38.724279]},"properties":{"nm":"Vibo Valentia Marina","ref":"E 1757","ch":"Fl W 5s 15M","ty":"light_minor","ss":[["G",230.0,68.0,12.0],["W",68.0,230.0,15.0]]}},{"type":"Feature","geometry":{"type":"Point","coordinates":[16.213959,38.856472]},"properties":{"nm":"Turina","ref":"E 1756.5","ch":"F R","ty":"light_minor","ar":[["G",null],["R",null]]}},{"type":"Feature","geometry":{"type":"Point","coordinates":[16.157711,38.952152]},"properties":{"nm":"Capo Suvero","ref":"E 1756","ch":"Fl(2) W 10s 16M","ty":"light_major","ss":[["W",280.0,155.0,16.0]]}},{"type":"Feature","geometry":{"type":"Point","coordinates":[16.060704,37.925619]},"properties":{"nm":"Capo Spartivento","ref":"E 1782","ch":"Fl W 8s 24M","ty":"light_major","ss":[["W",222.0,82.0,24.0]]}},{"type":"Feature","geometry":{"type":"Point","coordinates":[15.67931,37.954338]},"properties":{"nm":"Capo dell'Armi","ref":"E 1780","ch":"Fl(2) W 10s 22M","ty":"light_major","ss":[["W",295.0,148.0,22.0]]}},{"type":"Feature","geometry":{"type":"Point","coordinates":[15.82854,38.619427]},"properties":{"nm":"Capo Vaticano","ref":"E 1762","ch":"Fl(4) W 20s 24M","ty":"light_major","ar":[["W",24.0]]}},{"type":"Feature","geometry":{"type":"Point","coordinates":[15.631945,38.223409]},"properties":{"nm":"E 1773.6","ref":"E 1773.6","ch":"F G 4M","ty":"light_minor","ar":[["G",4.0]]}},{"type":"Feature","geometry":{"type":"Point","coordinates":[15.558063,38.196876]},"properties":{"nm":"Porto di Messina","ref":"E 1818","ch":"Fl G 5s 8M","ty":"light_minor","ar":[["G",8.0]]}},{"type":"Feature","geometry":{"type":"Point","coordinates":[15.629938,38.218693]},"properties":{"nm":"Villa San Giovanni","ref":"E 1772","ch":"Fl G 3s 8M","ty":"light_minor","ar":[["G",8.0]]}},{"type":"Feature","geometry":{"type":"Point","coordinates":[15.860479,38.389812]},"properties":{"nm":"","ref":"","ch":"R","ty":"light_minor","ar":[["R",null]]}},{"type":"Feature","geometry":{"type":"Point","coordinates":[15.86136,38.3902]},"properties":{"nm":"","ref":"","ch":"G","ty":"light_minor","ar":[["G",null]]}},{"type":"Feature","geometry":{"type":"Point","coordinates":[15.861085,38.390786]},"properties":{"nm":"","ref":"","ch":"R","ty":"light_minor","ar":[["R",null]]}},{"type":"Feature","geometry":{"type":"Point","coordinates":[15.230969,38.270466]},"properties":{"nm":"Capo di Milazzo","ref":"E 2042","ch":"LFl W 6s 16M","ty":"light_major","ar":[["W",16.0]]}},{"type":"Feature","geometry":{"type":"Point","coordinates":[13.618103,38.017499]},"properties":{"nm":"","ref":"","ch":"F R","ty":"light_minor","ar":[["R",null]]}},{"type":"Feature","geometry":{"type":"Point","coordinates":[13.71124,37.985745]},"properties":{"nm":"","ref":"","ch":"F R","ty":"light_minor","ar":[["R",null]]}},{"type":"Feature","geometry":{"type":"Point","coordinates":[13.709318,37.9863]},"properties":{"nm":"","ref":"","ch":"F G","ty":"light_minor","ar":[["G",null]]}},{"type":"Feature","geometry":{"type":"Point","coordinates":[14.034327,38.038857]},"properties":{"nm":"","ref":"","ch":"F R","ty":"light_minor","ar":[["R",null]]}},{"type":"Feature","geometry":{"type":"Point","coordinates":[14.034597,38.039593]},"properties":{"nm":"","ref":"","ch":"F G","ty":"light_minor","ar":[["G",null]]}},{"type":"Feature","geometry":{"type":"Point","coordinates":[14.037231,38.041375]},"properties":{"nm":"","ref":"","ch":"F G","ty":"light_minor","ar":[["G",null]]}},{"type":"Feature","geometry":{"type":"Point","coordinates":[14.961965,38.515205]},"properties":{"nm":"","ref":"","ch":"F G","ty":"light_minor","ar":[["G",null]]}},{"type":"Feature","geometry":{"type":"Point","coordinates":[14.963182,38.516261]},"properties":{"nm":"","ref":"","ch":"F G","ty":"light_minor","ar":[["G",null]]}},{"type":"Feature","geometry":{"type":"Point","coordinates":[14.871813,38.554592]},"properties":{"nm":"","ref":"","ch":"F G","ty":"light_minor","ar":[["G",null]]}},{"type":"Feature","geometry":{"type":"Point","coordinates":[14.870799,38.555121]},"properties":{"nm":"","ref":"","ch":"F R","ty":"light_minor","ar":[["R",null]]}},{"type":"Feature","geometry":{"type":"Point","coordinates":[14.872243,38.556847]},"properties":{"nm":"","ref":"","ch":"F R","ty":"light_minor","ar":[["R",null]]}},{"type":"Feature","geometry":{"type":"Point","coordinates":[14.873552,38.557164]},"properties":{"nm":"","ref":"","ch":"F G","ty":"light_minor","ar":[["G",null]]}},{"type":"Feature","geometry":{"type":"Point","coordinates":[14.872219,38.557641]},"properties":{"nm":"","ref":"","ch":"F R","ty":"light_minor","ar":[["R",null]]}},{"type":"Feature","geometry":{"type":"Point","coordinates":[14.828641,38.546702]},"properties":{"nm":"","ref":"","ch":"F R","ty":"light_minor","ar":[["R",null]]}},{"type":"Feature","geometry":{"type":"Point","coordinates":[13.615726,38.016728]},"properties":{"nm":"","ref":"","ch":"F G","ty":"light_minor","ar":[["G",null]]}},{"type":"Feature","geometry":{"type":"Point","coordinates":[13.616577,38.017271]},"properties":{"nm":"","ref":"","ch":"F G","ty":"light_minor","ar":[["G",null]]}},{"type":"Feature","geometry":{"type":"Point","coordinates":[15.611626,38.27304]},"properties":{"nm":"E 1810.1","ref":"E 1810.1","ch":"Fl(2) Y 4s 2M","ty":"beacon_special_purpose","ar":[["Y",2.0]]}},{"type":"Feature","geometry":{"type":"Point","coordinates":[15.11115,38.127196]},"properties":{"nm":"E 2040.2","ref":"E 2040.2","ch":"Fl R 4s 5M","ty":"light_minor","ar":[["R",5.0]]}},{"type":"Feature","geometry":{"type":"Point","coordinates":[15.1109,38.127984]},"properties":{"nm":"E 2040","ref":"E 2040","ch":"Fl G 4s 5M","ty":"light_minor","ar":[["G",5.0]]}},{"type":"Feature","geometry":{"type":"Point","coordinates":[15.110896,38.127983]},"properties":{"nm":"E 2040","ref":"E 2040","ch":"Fl G 4s 5M","ty":"light_minor","ar":[["G",5.0]]}},{"type":"Feature","geometry":{"type":"Point","coordinates":[14.566011,38.55833]},"properties":{"nm":"Pecorini a mare","ref":"","ch":"F G 4M","ty":"light_minor","ar":[["G",4.0]]}},{"type":"Feature","geometry":{"type":"Point","coordinates":[15.649382,38.128232]},"properties":{"nm":"","ref":"","ch":"G","ty":"light_minor","ar":[["G",null]]}},{"type":"Feature","geometry":{"type":"Point","coordinates":[15.5626,38.196584]},"properties":{"nm":"Punta San Salvatore","ref":"E 1817","ch":"Fl R 5s","ty":"light_minor","ss":[["R",340.0,250.0,null]]}},{"type":"Feature","geometry":{"type":"Point","coordinates":[14.963078,38.491365]},"properties":{"nm":"E 1792.7","ref":"E 1792.7","ch":"F G 7M","ty":"light_minor","ar":[["G",7.0]]}},{"type":"Feature","geometry":{"type":"Point","coordinates":[14.962916,38.476827]},"properties":{"nm":"E 1788","ref":"E 1788","ch":"Fl G 3s 7M","ty":"light_minor","ar":[["G",7.0]]}},{"type":"Feature","geometry":{"type":"Point","coordinates":[14.774821,38.155924]},"properties":{"nm":"E 2038.2","ref":"E 2038.2","ch":"Fl R 3s 5M","ty":"","ar":[["R",5.0]]}},{"type":"Feature","geometry":{"type":"Point","coordinates":[14.77374,38.157649]},"properties":{"nm":"E 2038.1","ref":"E 2038.1","ch":"Fl W 5s 5M","ty":"","ar":[["W",5.0]]}},{"type":"Feature","geometry":{"type":"Point","coordinates":[14.777166,38.157057]},"properties":{"nm":"","ref":"","ch":"G","ty":"light_minor","ar":[["G",null]]}},{"type":"Feature","geometry":{"type":"Point","coordinates":[14.774865,38.156282]},"properties":{"nm":"","ref":"","ch":"R","ty":"light_minor","ar":[["R",null]]}},{"type":"Feature","geometry":{"type":"Point","coordinates":[16.431232,38.326053]},"properties":{"nm":"","ref":"","ch":"Fl R 3s 5M","ty":"light_minor","ar":[["R",5.0]]}},{"type":"Feature","geometry":{"type":"Point","coordinates":[16.431121,38.324828]},"properties":{"nm":"","ref":"","ch":"Fl G 3s 5M","ty":"light_minor","ar":[["G",5.0]]}},{"type":"Feature","geometry":{"type":"Point","coordinates":[12.424714,37.989401]},"properties":{"nm":"","ref":"","ch":"","ty":"light_major"}},{"type":"Feature","geometry":{"type":"Point","coordinates":[14.527078,38.582191]},"properties":{"nm":"Isola Filicudi","ref":"E 1785","ch":"IQ W 15s 11M","ty":"light_minor","ss":[["W",95.0,255.0,11.0],["W",317.0,90.0,11.0]]}},{"type":"Feature","geometry":{"type":"Point","coordinates":[14.957202,38.463657]},"properties":{"nm":"Marina Corta Entrance","ref":"","ch":"Fl R 1s 5M","ty":"light_minor","ar":[["R",5.0]]}},{"type":"Feature","geometry":{"type":"Point","coordinates":[14.958012,38.463639]},"properties":{"nm":"Marina Corta","ref":"E 1792","ch":"Fl W 15s 14M","ty":"light_minor","ar":[["W",14.0]]}},{"type":"Feature","geometry":{"type":"Point","coordinates":[14.967962,38.42628]},"properties":{"nm":"Fanale","ref":"","ch":"Fl W 3s 3M","ty":"light_minor","ar":[["W",3.0]]}},{"type":"Feature","geometry":{"type":"Point","coordinates":[14.960237,38.432142]},"properties":{"nm":"Isola Di Vulcano","ref":"","ch":"Fl R 3s 3M","ty":"light_minor","ar":[["R",3.0]]}},{"type":"Feature","geometry":{"type":"Point","coordinates":[12.73342,38.188423]},"properties":{"nm":"Capo San Vito","ref":"E 1986","ch":"Fl W 5s 25M","ty":"light_major","ar":[["W",25.0]]}},{"type":"Feature","geometry":{"type":"Point","coordinates":[15.232644,38.280794]},"properties":{"nm":"","ref":"","ch":"Fl Y 5s 3M","ty":"beacon_special_purpose","ar":[["Y",3.0]]}},{"type":"Feature","geometry":{"type":"Point","coordinates":[15.217667,38.276858]},"properties":{"nm":"","ref":"","ch":"Fl Y 5s 3M","ty":"beacon_special_purpose","ar":[["Y",3.0]]}},{"type":"Feature","geometry":{"type":"Point","coordinates":[15.232631,38.276828]},"properties":{"nm":"M","ref":"","ch":"Fl Y 5s 3M","ty":"beacon_special_purpose","ar":[["Y",3.0]]}},{"type":"Feature","geometry":{"type":"Point","coordinates":[15.217678,38.280822]},"properties":{"nm":"","ref":"","ch":"Fl Y 5s 3M","ty":"beacon_special_purpose","ar":[["Y",3.0]]}},{"type":"Feature","geometry":{"type":"Point","coordinates":[16.577634,38.447541]},"properties":{"nm":"Punta Stilo","ref":"","ch":"","ty":"lh"}},{"type":"Feature","geometry":{"type":"Point","coordinates":[15.814775,38.300312]},"properties":{"nm":"","ref":"","ch":"G","ty":"light_minor","ar":[["G",null]]}},{"type":"Feature","geometry":{"type":"Point","coordinates":[15.814868,38.29951]},"properties":{"nm":"","ref":"","ch":"R","ty":"light_minor","ar":[["R",null]]}},{"type":"Feature","geometry":{"type":"Point","coordinates":[15.525575,38.132207]},"properties":{"nm":"E 1820.5","ref":"E 1820.5","ch":"Fl G 4s 8M","ty":"light_minor","ar":[["G",8.0]]}},{"type":"Feature","geometry":{"type":"Point","coordinates":[15.189119,38.785382]},"properties":{"nm":"Ginostra","ref":"E 1801","ch":"F G 5M","ty":"light_minor","ar":[["R",5.0],["G",5.0]]}},{"type":"Feature","geometry":{"type":"Point","coordinates":[15.078136,38.638118]},"properties":{"nm":"","ref":"","ch":"Fl G 3s 5M","ty":"light_minor","ar":[["G",5.0]]}},{"type":"Feature","geometry":{"type":"Point","coordinates":[15.274125,38.21188]},"properties":{"nm":"Pier, head","ref":"E 2045.3","ch":"F R 5M","ty":"light_minor","ar":[["R",5.0]]}},{"type":"Feature","geometry":{"type":"Point","coordinates":[12.570645,38.055125]},"properties":{"nm":"Faro Erice","ref":"","ch":"","ty":"lh"}},{"type":"Feature","geometry":{"type":"Point","coordinates":[12.500697,38.005203]},"properties":{"nm":"","ref":"","ch":"Fl G 3s 8M","ty":"light_minor","ar":[["G",8.0]]}},{"type":"Feature","geometry":{"type":"Point","coordinates":[12.50183,38.012508]},"properties":{"nm":"Boa Secca Mauda","ref":"","ch":"Q W 15s 4M","ty":"buoy_cardinal","ar":[["W",4.0]]}},{"type":"Feature","geometry":{"type":"Point","coordinates":[12.507009,38.013177]},"properties":{"nm":"","ref":"","ch":"F R 3M","ty":"light_minor","ar":[["R",3.0]]}},{"type":"Feature","geometry":{"type":"Point","coordinates":[12.488522,38.01261]},"properties":{"nm":"Scoglio Palumbo","ref":"E 1970","ch":"Fl W 5s 11M","ty":"light_major","ar":[["W",11.0]]}},{"type":"Feature","geometry":{"type":"Point","coordinates":[15.634242,38.227128]},"properties":{"nm":"","ref":"","ch":"Fl R 5s 3M","ty":"light_minor","ar":[["R",3.0]]}},{"type":"Feature","geometry":{"type":"Point","coordinates":[15.633698,38.227328]},"properties":{"nm":"","ref":"","ch":"Fl G 5s 3M","ty":"light_minor","ar":[["G",3.0]]}},{"type":"Feature","geometry":{"type":"Point","coordinates":[15.633758,38.228006]},"properties":{"nm":"","ref":"","ch":"Fl G 5s 5M","ty":"light_minor","ar":[["G",5.0]]}},{"type":"Feature","geometry":{"type":"Point","coordinates":[12.882312,38.032261]},"properties":{"nm":"E 1993","ref":"E 1993","ch":"Fl R 8s 3M","ty":"light_minor","ar":[["R",3.0]]}},{"type":"Feature","geometry":{"type":"Point","coordinates":[13.381444,38.112965]},"properties":{"nm":"","ref":"","ch":"G","ty":"light_minor","ar":[["G",null]]}},{"type":"Feature","geometry":{"type":"Point","coordinates":[13.380314,38.112529]},"properties":{"nm":"","ref":"","ch":"R","ty":"light_minor","ar":[["R",null]]}},{"type":"Feature","geometry":{"type":"Point","coordinates":[15.223575,38.267466]},"properties":{"nm":"","ref":"","ch":"Q Y 1s 1M","ty":"buoy_special_purpose","ar":[["Y",1.0]]}},{"type":"Feature","geometry":{"type":"Point","coordinates":[15.224218,38.271029]},"properties":{"nm":"","ref":"","ch":"Q Y 1s 1M","ty":"buoy_special_purpose","ar":[["Y",1.0]]}},{"type":"Feature","geometry":{"type":"Point","coordinates":[15.243611,38.275914]},"properties":{"nm":"","ref":"","ch":"Q Y 1s 1M","ty":"buoy_special_purpose","ar":[["Y",1.0]]}},{"type":"Feature","geometry":{"type":"Point","coordinates":[15.222491,38.274373]},"properties":{"nm":"","ref":"","ch":"Q Y 1s 1M","ty":"buoy_special_purpose","ar":[["Y",1.0]]}},{"type":"Feature","geometry":{"type":"Point","coordinates":[14.04925,38.048957]},"properties":{"nm":"","ref":"","ch":"Fl Y 5s 3M","ty":"beacon_special_purpose","ar":[["Y",3.0]]}},{"type":"Feature","geometry":{"type":"Point","coordinates":[15.295057,38.210499]},"properties":{"nm":"Giammoro Industrial Area","ref":"E2045.8","ch":"Fl Y 4s 3M","ty":"beacon_special_purpose","ar":[["Y",3.0]]}},{"type":"Feature","geometry":{"type":"Point","coordinates":[15.286195,38.20866]},"properties":{"nm":"Intake","ref":"E2045.6","ch":"Fl Y 3s 3M","ty":"beacon_special_purpose","ar":[["Y",3.0]]}},{"type":"Feature","geometry":{"type":"Point","coordinates":[15.062922,38.142016]},"properties":{"nm":"Laghetti di Marinello","ref":"E2039.5","ch":"Fl Y 4s 4M","ty":"beacon_special_purpose","ar":[["Y",4.0]]}},{"type":"Feature","geometry":{"type":"Point","coordinates":[15.055108,38.134535]},"properties":{"nm":"Laghetti di Marinello","ref":"E2039","ch":"Fl Y 4s 4M","ty":"beacon_special_purpose","ar":[["Y",4.0]]}},{"type":"Feature","geometry":{"type":"Point","coordinates":[13.723064,37.985395]},"properties":{"nm":"Diga Foranea","ref":"","ch":"Fl G 3s 3M","ty":"beacon_lateral","ar":[["G",3.0]]}},{"type":"Feature","geometry":{"type":"Point","coordinates":[13.71495,37.986363]},"properties":{"nm":"Molo di Sottoflutto","ref":"E2030","ch":"Fl R 3s 5M","ty":"beacon_lateral","ar":[["R",5.0]]}},{"type":"Feature","geometry":{"type":"Point","coordinates":[12.880362,38.030633]},"properties":{"nm":"E1993.2","ref":"E1993.2","ch":"F R","ty":"beacon_lateral","ar":[["R",null]]}},{"type":"Feature","geometry":{"type":"Point","coordinates":[13.080698,38.16014]},"properties":{"nm":"","ref":"","ch":"F R","ty":"light_minor","ar":[["R",null]]}},{"type":"Feature","geometry":{"type":"Point","coordinates":[14.627341,38.076651]},"properties":{"nm":"Outer Breakwater","ref":"E2037.6","ch":"Fl G 4M","ty":"beacon_lateral","ar":[["G",4.0]]}},{"type":"Feature","geometry":{"type":"Point","coordinates":[14.626526,38.075021]},"properties":{"nm":"Inner Breakwater","ref":"E2037.5","ch":"Fl R 4M","ty":"beacon_lateral","ar":[["R",4.0]]}},{"type":"Feature","geometry":{"type":"Point","coordinates":[14.774549,38.157031]},"properties":{"nm":"Outer Mole Spur","ref":"","ch":"Fl G","ty":"beacon_lateral","ar":[["G",null]]}},{"type":"Feature","geometry":{"type":"Point","coordinates":[17.008678,43.294885]},"properties":{"nm":"Svjetionik sveti Petar","ref":"","ch":"","ty":"lh"}},{"type":"Feature","geometry":{"type":"Point","coordinates":[16.884482,42.724317]},"properties":{"nm":"Svjetionik Struga","ref":"","ch":"","ty":"lh"}},{"type":"Feature","geometry":{"type":"Point","coordinates":[15.519229,42.138744]},"properties":{"nm":"Faro di Capraia","ref":"","ch":"","ty":"lh"}},{"type":"Feature","geometry":{"type":"Point","coordinates":[16.056669,43.466805]},"properties":{"nm":"Svjetionik Velika Murvica","ref":"","ch":"","ty":"lh"}},{"type":"Feature","geometry":{"type":"Point","coordinates":[14.714633,42.171043]},"properties":{"nm":"Faro di Punta Penna","ref":"","ch":"","ty":"lh"}},{"type":"Feature","geometry":{"type":"Point","coordinates":[16.408678,43.319809]},"properties":{"nm":"Svjetionik Rt Ražanj","ref":"","ch":"","ty":"lh"}},{"type":"Feature","geometry":{"type":"Point","coordinates":[16.254588,43.072237]},"properties":{"nm":"Svjetionik Rt Stončica","ref":"","ch":"","ty":"lh"}},{"type":"Feature","geometry":{"type":"Point","coordinates":[15.918528,43.514489]},"properties":{"nm":"Svjetionik Hrid Mulo","ref":"","ch":"","ty":"lh"}},{"type":"Feature","geometry":{"type":"Point","coordinates":[16.25571,42.392554]},"properties":{"nm":"Svjetionik Palagruža","ref":"","ch":"","ty":"lh"}},{"type":"Feature","geometry":{"type":"Point","coordinates":[16.490209,42.750366]},"properties":{"nm":"Svjetionik Sušac","ref":"","ch":"","ty":"lh"}},{"type":"Feature","geometry":{"type":"Point","coordinates":[16.831536,43.34054]},"properties":{"nm":"","ref":"","ch":"","ty":"lh"}},{"type":"Feature","geometry":{"type":"Point","coordinates":[16.443182,43.500886]},"properties":{"nm":"Svjetionik Pomorac","ref":"","ch":"","ty":"lh"}},{"type":"Feature","geometry":{"type":"Point","coordinates":[14.820227,44.152061]},"properties":{"nm":"Svjetionik Veli rat","ref":"","ch":"","ty":"lh"}},{"type":"Feature","geometry":{"type":"Point","coordinates":[16.452672,43.156528]},"properties":{"nm":"Svjetionik Pokonji Dol","ref":"","ch":"","ty":"lh"}},{"type":"Feature","geometry":{"type":"Point","coordinates":[17.058362,43.262765]},"properties":{"nm":"Tucepi","ref":"E 3393","ch":"Fl R 5s 4M","ty":"light_minor","ar":[["R",4.0]]}},{"type":"Feature","geometry":{"type":"Point","coordinates":[17.072762,43.242904]},"properties":{"nm":"Uvala Podgora","ref":"E 3394","ch":"Fl R 3s 4M","ty":"light_minor","ar":[["R",4.0]]}},{"type":"Feature","geometry":{"type":"Point","coordinates":[13.515757,43.622816]},"properties":{"nm":"Colle Cappuccini","ref":"E 2344","ch":"Fl(4) W 30s","ty":"light_major","ar":[["W",null]]}},{"type":"Feature","geometry":{"type":"Point","coordinates":[13.015422,43.851039]},"properties":{"nm":"Faro di Fano","ref":"E 2362","ch":"Fl W 5s 15M","ty":"light_major","ar":[["W",15.0]]}},{"type":"Feature","geometry":{"type":"Point","coordinates":[16.204601,43.076238]},"properties":{"nm":"Svjetionik Host","ref":"","ch":"","ty":"lh"}},{"type":"Feature","geometry":{"type":"Point","coordinates":[16.816494,43.030566]},"properties":{"nm":"Svjetionik Pločica","ref":"","ch":"","ty":"lh"}},{"type":"Feature","geometry":{"type":"Point","coordinates":[15.679619,43.768213]},"properties":{"nm":"Otocic Maslinjak","ref":"E 3220","ch":"Fl G 3s 3M","ty":"light_minor","ss":[["G",282.0,195.0,3.0]]}},{"type":"Feature","geometry":{"type":"Point","coordinates":[15.205031,43.85322]},"properties":{"nm":"Otocic Sestrice","ref":"E 3134","ch":"Fl W 8s 20M","ty":"light_major","ar":[["W",20.0]]}},{"type":"Feature","geometry":{"type":"Point","coordinates":[15.168354,43.935809]},"properties":{"nm":"E 3131","ref":"E 3131","ch":"Fl R 3s 3M","ty":"light_minor","ar":[["R",3.0]]}},{"type":"Feature","geometry":{"type":"Point","coordinates":[16.696212,43.163001]},"properties":{"nm":"Jelsa","ref":"E 3428","ch":"Fl G 3s 4M","ty":"light_minor","ar":[["G",4.0]]}},{"type":"Feature","geometry":{"type":"Point","coordinates":[13.72818,43.310689]},"properties":{"nm":"Chiesa di Cristo Re","ref":"E 2337.6","ch":"Mo(C) W 20s 11M","ty":"light_minor","ar":[["W",11.0]]}},{"type":"Feature","geometry":{"type":"Point","coordinates":[15.558825,43.825372]},"properties":{"nm":"Svjetionik Prišnjak","ref":"","ch":"","ty":"lh"}},{"type":"Feature","geometry":{"type":"Point","coordinates":[15.574458,43.625064]},"properties":{"nm":"Svjetionik hrid Blitvenica","ref":"","ch":"","ty":"lh"}},{"type":"Feature","geometry":{"type":"Point","coordinates":[17.019021,43.29342]},"properties":{"nm":"E 3390","ref":"E 3390","ch":"Fl W 3s 4M","ty":"light_minor","ar":[["W",4.0]]}},{"type":"Feature","geometry":{"type":"Point","coordinates":[15.968919,43.493264]},"properties":{"nm":"Rt Ploca","ref":"E 3292.5","ch":"Fl G 5s 5M","ty":"light_minor","ss":[["G",288.0,198.0,5.0]]}},{"type":"Feature","geometry":{"type":"Point","coordinates":[17.008667,43.294889]},"properties":{"nm":"Makarska","ref":"E 3388","ch":"Fl W 5s 11M","ty":"light_minor","ss":[["W",321.0,141.0,11.0]]}},{"type":"Feature","geometry":{"type":"Point","coordinates":[15.631023,43.776176]},"properties":{"nm":"Sv. Nikola","ref":"E 3222","ch":"Fl G 5s 4M","ty":"light_minor","ar":[["G",4.0]]}},{"type":"Feature","geometry":{"type":"Point","coordinates":[15.621288,43.775559]},"properties":{"nm":"Rt Murteric","ref":"E 3219","ch":"Fl G 3s 3M","ty":"light_minor","ar":[["G",3.0]]}},{"type":"Feature","geometry":{"type":"Point","coordinates":[15.600663,43.828993]},"properties":{"nm":"","ref":"","ch":"Fl R 3s 3M","ty":"light_minor","ar":[["R",3.0]]}},{"type":"Feature","geometry":{"type":"Point","coordinates":[15.961117,43.522433]},"properties":{"nm":"Rt Gradina","ref":"E 3288","ch":"Fl R 5s 4M","ty":"light_minor","ss":[["R",248.0,173.0,4.0]]}},{"type":"Feature","geometry":{"type":"Point","coordinates":[15.590828,43.836142]},"properties":{"nm":"Otocic Tegina","ref":"E 3204","ch":"Fl W 2s 4M","ty":"light_minor","ar":[["W",4.0]]}},{"type":"Feature","geometry":{"type":"Point","coordinates":[15.747577,43.750611]},"properties":{"nm":"E 3232.5","ref":"E 3232.5","ch":"Fl(2) G 5s 4M","ty":"light_minor","ss":[["G",273.0,136.0,4.0]]}},{"type":"Feature","geometry":{"type":"Point","coordinates":[16.409372,43.338906]},"properties":{"nm":"Otok Mrduja","ref":"E 3340","ch":"Fl G 3s 4M","ty":"light_minor","ar":[["G",4.0]]}},{"type":"Feature","geometry":{"type":"Point","coordinates":[15.526665,43.865789]},"properties":{"nm":"Otocici Artice","ref":"E 3196","ch":"Fl W 5s 7M","ty":"light_minor","ss":[["W",302.0,228.0,7.0]]}},{"type":"Feature","geometry":{"type":"Point","coordinates":[15.923538,43.585066]},"properties":{"nm":"Primosten","ref":"E 3283","ch":"Fl R 5s 3M","ty":"light_minor","ar":[["R",3.0]]}},{"type":"Feature","geometry":{"type":"Point","coordinates":[15.928782,43.584564]},"properties":{"nm":"Vojske","ref":"E 3284","ch":"Fl R 3s 3M","ty":"light_minor","ss":[["R",259.0,154.0,3.0]]}},{"type":"Feature","geometry":{"type":"Point","coordinates":[15.916495,43.57435]},"properties":{"nm":"Rt Kremik","ref":"E 3282","ch":"Fl W 3s 8M","ty":"light_minor","ss":[["W",339.0,197.0,8.0]]}},{"type":"Feature","geometry":{"type":"Point","coordinates":[15.799554,43.723172]},"properties":{"nm":"Otok Prvic","ref":"E 3240","ch":"Fl G 3s 3M","ty":"light_minor","ar":[["G",3.0]]}},{"type":"Feature","geometry":{"type":"Point","coordinates":[15.910606,43.56512]},"properties":{"nm":"Plicina Peles","ref":"E 3285","ch":"Fl R 2s 5M","ty":"light_minor","ar":[["R",5.0]]}},{"type":"Feature","geometry":{"type":"Point","coordinates":[16.399026,43.330421]},"properties":{"nm":"Rt Livka","ref":"E 3338","ch":"Fl(2) W 5s 8M","ty":"light_minor","ss":[["W",168.0,58.0,8.0]]}},{"type":"Feature","geometry":{"type":"Point","coordinates":[15.7368,43.659144]},"properties":{"nm":"Otocic Ravan","ref":"E 3229.2","ch":"Fl W 5s 10M","ty":"light_minor","ar":[["W",10.0]]}},{"type":"Feature","geometry":{"type":"Point","coordinates":[15.737733,43.645693]},"properties":{"nm":"Otocic Hrbosnjak","ref":"E 3228","ch":"Fl R 5s 5M","ty":"light_minor","ar":[["R",5.0]]}},{"type":"Feature","geometry":{"type":"Point","coordinates":[15.722444,43.670075]},"properties":{"nm":"Otok Kaprije","ref":"E 3228.5","ch":"Fl G 3s 3M","ty":"light_minor","ar":[["G",3.0]]}},{"type":"Feature","geometry":{"type":"Point","coordinates":[15.708066,43.687823]},"properties":{"nm":"Luka Kaprije","ref":"E 3229","ch":"Fl W 3s 3M","ty":"light_minor","ar":[["W",3.0]]}},{"type":"Feature","geometry":{"type":"Point","coordinates":[15.634077,43.760108]},"properties":{"nm":"Otocic Kukuljari","ref":"E 3224","ch":"Fl W 5s 10M","ty":"light_minor","ar":[["W",10.0]]}},{"type":"Feature","geometry":{"type":"Point","coordinates":[16.327164,43.395116]},"properties":{"nm":"Necujam","ref":"E 3334.5","ch":"Fl W 4s 5M","ty":"light_minor","ss":[["W",26.0,305.0,5.0]]}},{"type":"Feature","geometry":{"type":"Point","coordinates":[15.558779,43.825335]},"properties":{"nm":"Otocic Prisnjak","ref":"E 3202","ch":"Fl(3) W 10s 9M","ty":"light_minor","ss":[["W",249.0,146.0,9.0]]}},{"type":"Feature","geometry":{"type":"Point","coordinates":[15.918543,43.514478]},"properties":{"nm":"Hrid Mulo","ref":"E 3286","ch":"Fl W 5s 21M","ty":"landmark","ar":[["W",21.0]]}},{"type":"Feature","geometry":{"type":"Point","coordinates":[15.554282,43.860627]},"properties":{"nm":"Plicina Kusija","ref":"E 3205","ch":"Q+LFl(6) W 15s 5M","ty":"beacon_cardinal","ar":[["W",5.0]]}},{"type":"Feature","geometry":{"type":"Point","coordinates":[16.239893,43.449311]},"properties":{"nm":"Plicina Mlin","ref":"E 3331.5","ch":"Fl(2) W 10s 8M","ty":"beacon_isolated_danger","ar":[["W",8.0]]}},{"type":"Feature","geometry":{"type":"Point","coordinates":[15.947128,43.513724]},"properties":{"nm":"Hrid Kalebinjak","ref":"E 3287","ch":"Fl(2) W 10s 3M","ty":"beacon_isolated_danger","ar":[["W",3.0]]}},{"type":"Feature","geometry":{"type":"Point","coordinates":[15.826274,43.712721]},"properties":{"nm":"Plicina Rozenik","ref":"E 3242","ch":"Fl G 5s 6M","ty":"beacon_lateral","ar":[["G",6.0]]}},{"type":"Feature","geometry":{"type":"Point","coordinates":[15.702807,43.74815]},"properties":{"nm":"Greben Bacvica","ref":"E 3234","ch":"Fl(2) W 10s 3M","ty":"beacon_isolated_danger","ar":[["W",3.0]]}},{"type":"Feature","geometry":{"type":"Point","coordinates":[15.811626,43.684627]},"properties":{"nm":"Plicina Sestre, in Zlarinski Kanal.","ref":"E 3230","ch":"Fl(2) W 10s 4M","ty":"beacon_isolated_danger","ar":[["W",4.0]]}},{"type":"Feature","geometry":{"type":"Point","coordinates":[15.660296,43.754549]},"properties":{"nm":"Plicina Mijoka","ref":"","ch":"Fl(2) W 10s 5M","ty":"buoy_isolated_danger","ar":[["W",5.0]]}},{"type":"Feature","geometry":{"type":"Point","coordinates":[16.395022,43.168255]},"properties":{"nm":"Hrid Baba","ref":"E 3405","ch":"Fl(2) W 10s 4M","ty":"beacon_isolated_danger","ar":[["W",4.0]]}},{"type":"Feature","geometry":{"type":"Point","coordinates":[15.788494,43.679216]},"properties":{"nm":"Obonjon","ref":"E 3230.5","ch":"Fl(3) R 7s 4M","ty":"light_minor","ar":[["R",4.0]]}},{"type":"Feature","geometry":{"type":"Point","coordinates":[15.883484,43.559929]},"properties":{"nm":"Greban Grbavac.","ref":"E 3286.5","ch":"Fl(2) W 5s 7M","ty":"beacon_isolated_danger","ar":[["W",7.0]]}},{"type":"Feature","geometry":{"type":"Point","coordinates":[15.564742,43.812264]},"properties":{"nm":"Hrid Misine","ref":"E 3200","ch":"Fl R 3s 5M","ty":"light_minor","ar":[["R",5.0]]}},{"type":"Feature","geometry":{"type":"Point","coordinates":[15.814816,43.714161]},"properties":{"nm":"Rt Konj","ref":"E 3243","ch":"Fl R 3s 2M","ty":"light_minor","ar":[["R",2.0]]}},{"type":"Feature","geometry":{"type":"Point","coordinates":[15.964529,43.526752]},"properties":{"nm":"","ref":"","ch":"Fl R 3s 6M","ty":"light_minor","ar":[["R",6.0]]}},{"type":"Feature","geometry":{"type":"Point","coordinates":[15.634328,43.713292]},"properties":{"nm":"Hrid Mala Mare","ref":"E 3229.75","ch":"Fl(2) W 8s 5M","ty":"beacon_isolated_danger","ar":[["W",5.0]]}},{"type":"Feature","geometry":{"type":"Point","coordinates":[15.692897,43.677907]},"properties":{"nm":"Otok Kakan","ref":"E 3229.7","ch":"Fl(2) R 5s 4M","ty":"light_minor","ar":[["R",4.0]]}},{"type":"Feature","geometry":{"type":"Point","coordinates":[15.772796,43.680398]},"properties":{"nm":"Otok Zmajan","ref":"E 3229.5","ch":"Fl R 3s 2M","ty":"light_minor","ar":[["R",2.0]]}},{"type":"Feature","geometry":{"type":"Point","coordinates":[16.010511,43.474502]},"properties":{"nm":"Otocic Muljica","ref":"E 3293","ch":"Fl W 3s 5M","ty":"light_minor","ar":[["W",5.0]]}},{"type":"Feature","geometry":{"type":"Point","coordinates":[16.056665,43.466801]},"properties":{"nm":"Otocic Velika Murvica","ref":"E 3294","ch":"LFl R 8s 7M","ty":"light_minor","ar":[["R",7.0]]}},{"type":"Feature","geometry":{"type":"Point","coordinates":[16.11219,43.454037]},"properties":{"nm":"Otocic Malta","ref":"E 3295.7","ch":"Fl(2) W 8s 5M","ty":"light_minor","ar":[["W",5.0]]}},{"type":"Feature","geometry":{"type":"Point","coordinates":[16.128528,43.477961]},"properties":{"nm":"Rt Artatur","ref":"E 3297","ch":"Fl R 3s 4M","ty":"light_minor","ar":[["R",4.0]]}},{"type":"Feature","geometry":{"type":"Point","coordinates":[16.195162,43.474095]},"properties":{"nm":"Balkun","ref":"E 3299","ch":"Fl R 3s 3M","ty":"light_minor","ar":[["R",3.0]]}},{"type":"Feature","geometry":{"type":"Point","coordinates":[16.186767,43.47234]},"properties":{"nm":"Hrid Galera","ref":"E 3298","ch":"Fl W 5s 10M","ty":"light_minor","ar":[["W",10.0]]}},{"type":"Feature","geometry":{"type":"Point","coordinates":[16.209232,43.47914]},"properties":{"nm":"Zaporinovac","ref":"E 3299.4","ch":"Fl G 3s 3M","ty":"light_minor","ar":[["G",3.0]]}},{"type":"Feature","geometry":{"type":"Point","coordinates":[16.169629,43.407173]},"properties":{"nm":"Otocic Stipanska","ref":"E 3331.9","ch":"Fl(2) G 5s 6M","ty":"light_minor","ss":[["G",355.0,255.0,6.0]]}},{"type":"Feature","geometry":{"type":"Point","coordinates":[16.144802,43.450145]},"properties":{"nm":"Luka Drvenik","ref":"E 3296","ch":"Fl R 3s 4M","ty":"light_minor","ar":[["R",4.0]]}},{"type":"Feature","geometry":{"type":"Point","coordinates":[16.434421,43.330322]},"properties":{"nm":"Milna","ref":"E 3344","ch":"Fl R 3s 3M","ty":"light_minor","ar":[["R",3.0]]}},{"type":"Feature","geometry":{"type":"Point","coordinates":[16.366946,43.195304]},"properties":{"nm":"Rt Pelegrin","ref":"E 3404","ch":"Fl(3) W 10s 8M","ty":"light_minor","ar":[["W",8.0]]}},{"type":"Feature","geometry":{"type":"Point","coordinates":[16.039352,43.052565]},"properties":{"nm":"Otocic Mali Barjak","ref":"E 3440","ch":"Fl W 3s 8M","ty":"light_minor","ar":[["W",8.0]]}},{"type":"Feature","geometry":{"type":"Point","coordinates":[15.840206,43.649913]},"properties":{"nm":"Otocic Komorica","ref":"E 3274","ch":"Fl(2) R 8s 5M","ty":"light_minor","ss":[["R",80.0,328.0,5.0]]}},{"type":"Feature","geometry":{"type":"Point","coordinates":[15.744298,43.753144]},"properties":{"nm":"Tribunj","ref":"E 3232","ch":"Fl G 5s 3M","ty":"light_minor","ar":[["G",3.0]]}},{"type":"Feature","geometry":{"type":"Point","coordinates":[16.735386,43.361743]},"properties":{"nm":"Svjetionik Rt Sveti Nikola","ref":"","ch":"","ty":"lh"}},{"type":"Feature","geometry":{"type":"Point","coordinates":[15.205285,43.853099]},"properties":{"nm":"Svjetionik Tajer","ref":"","ch":"","ty":"lh"}},{"type":"Feature","geometry":{"type":"Point","coordinates":[15.395278,43.956689]},"properties":{"nm":"Svjetionik Babac","ref":"","ch":"","ty":"lh"}},{"type":"Feature","geometry":{"type":"Point","coordinates":[15.850183,43.721674]},"properties":{"nm":"Svjetionik Rt Jadrija","ref":"","ch":"","ty":"lh"}},{"type":"Feature","geometry":{"type":"Point","coordinates":[16.436222,43.501135]},"properties":{"nm":"","ref":"","ch":"G","ty":"lh","ar":[["G",null]]}},{"type":"Feature","geometry":{"type":"Point","coordinates":[13.514453,43.623309]},"properties":{"nm":"Vecchio faro","ref":"","ch":"","ty":"lh"}},{"type":"Feature","geometry":{"type":"Point","coordinates":[16.142086,43.451354]},"properties":{"nm":"Buoy, red (top)","ref":"","ch":"Fl R 2s","ty":"buoy_lateral","ar":[["R",null]]}},{"type":"Feature","geometry":{"type":"Point","coordinates":[16.444293,43.535243]},"properties":{"nm":"E 3325","ref":"E 3325","ch":"Fl R 3s 5M","ty":"light_minor","ar":[["R",5.0]]}},{"type":"Feature","geometry":{"type":"Point","coordinates":[14.996879,42.005638]},"properties":{"nm":"Faro di Termoli","ref":"E 2303 - (3846 E.F.)","ch":"Fl(2) W 10s 15M","ty":"light_major","ar":[["W",15.0]]}},{"type":"Feature","geometry":{"type":"Point","coordinates":[14.8455,44.152]},"properties":{"nm":"Zaliv Pantera","ref":"E 3099","ch":"Fl R 3s 3M","ty":"light_minor","ss":[["R",189.0,120.0,3.0]]}},{"type":"Feature","geometry":{"type":"Point","coordinates":[15.777964,43.75613]},"properties":{"nm":"","ref":"","ch":"Fl G 5s 3M","ty":"beacon_lateral","ar":[["G",3.0]]}},{"type":"Feature","geometry":{"type":"Point","coordinates":[14.996124,44.084681]},"properties":{"nm":"Lucina","ref":"E 3121.7","ch":"Fl R 3s 3M","ty":"beacon_lateral","ar":[["R",3.0]]}},{"type":"Feature","geometry":{"type":"Point","coordinates":[16.184262,41.889212]},"properties":{"nm":"Vieste","ref":"E 2288","ch":"Fl(3) W 15s 25M","ty":"light_major","ss":[["W",124.0,348.0,25.0]]}},{"type":"Feature","geometry":{"type":"Point","coordinates":[16.430651,43.531404]},"properties":{"nm":"Plicina Silo","ref":"E 3324","ch":"Fl(2) W 10s 7M","ty":"beacon_isolated_danger","ar":[["W",7.0]]}},{"type":"Feature","geometry":{"type":"Point","coordinates":[15.106862,44.13049]},"properties":{"nm":"Ugljan","ref":"E 3152","ch":"Fl(2) R 5s 4M","ty":"light_minor","ss":[["R",352.0,90.0,4.0],["R",220.0,286.0,4.0]]}},{"type":"Feature","geometry":{"type":"Point","coordinates":[15.296935,44.044173]},"properties":{"nm":"Sukosan","ref":"E 3168","ch":"Fl R 5s 5M","ty":"light_minor","ss":[["W",318.0,207.0,8.0],["R",207.0,318.0,5.0]]}},{"type":"Feature","geometry":{"type":"Point","coordinates":[16.894803,42.772348]},"properties":{"nm":"","ref":"","ch":"R","ty":"light_major","ar":[["R",null]]}},{"type":"Feature","geometry":{"type":"Point","coordinates":[16.813635,42.754063]},"properties":{"nm":"Luka Velji Lago","ref":"E 3548","ch":"Fl W 5s 8M","ty":"light_minor","ss":[["W",67.0,84.0,8.0],["W",23.0,45.0,8.0],["R",235.0,23.0,5.0]]}},{"type":"Feature","geometry":{"type":"Point","coordinates":[16.824647,42.746095]},"properties":{"nm":"Ubli","ref":"E 3546","ch":"Fl R 2s 2M","ty":"light_minor","ar":[["R",2.0]]}},{"type":"Feature","geometry":{"type":"Point","coordinates":[15.589411,43.827494]},"properties":{"nm":"","ref":"","ch":"Fl(2) R 4s 3M","ty":"light_minor","ar":[["R",3.0]]}},{"type":"Feature","geometry":{"type":"Point","coordinates":[15.83108,43.711238]},"properties":{"nm":"Plic M Rozenik","ref":"","ch":"Q(3) W 10s 2M","ty":"buoy_cardinal","ar":[["W",2.0]]}},{"type":"Feature","geometry":{"type":"Point","coordinates":[15.84667,43.71286]},"properties":{"nm":"","ref":"","ch":"Fl R 2s 4M","ty":"buoy_lateral","ar":[["R",null]]}},{"type":"Feature","geometry":{"type":"Point","coordinates":[15.92636,43.55838]},"properties":{"nm":"Rt Zecevo","ref":"E 3285.51","ch":"Fl(2) G 5s 3M","ty":"light_minor","ss":[["G",357.0,248.0,3.0]]}},{"type":"Feature","geometry":{"type":"Point","coordinates":[15.6473,43.784009]},"properties":{"nm":"","ref":"","ch":"Fl R 5s","ty":"beacon_lateral","ar":[["R",null]]}},{"type":"Feature","geometry":{"type":"Point","coordinates":[15.93381,43.56425]},"properties":{"nm":"E 3285.5","ref":"E 3285.5","ch":"Fl(2) R 5s 3M","ty":"light_minor","ss":[["R",220.0,110.0,3.0]]}},{"type":"Feature","geometry":{"type":"Point","coordinates":[16.20119,43.497118]},"properties":{"nm":"","ref":"","ch":"G 3s 5M","ty":"buoy_lateral","ar":[["G",5.0]]}},{"type":"Feature","geometry":{"type":"Point","coordinates":[16.086046,43.04451]},"properties":{"nm":"Komiza","ref":"E 3442","ch":"Fl G 3s 4M","ty":"light_minor","ar":[["G",4.0]]}},{"type":"Feature","geometry":{"type":"Point","coordinates":[16.189122,43.061736]},"properties":{"nm":"Prirovo","ref":"E 3438","ch":"Fl G 3s 3M","ty":"light_minor","ar":[["G",3.0]]}},{"type":"Feature","geometry":{"type":"Point","coordinates":[16.193022,43.067496]},"properties":{"nm":"","ref":"","ch":"Fl(2) G 5s","ty":"light_minor","ar":[["G",null]]}},{"type":"Feature","geometry":{"type":"Point","coordinates":[16.581248,43.082834]},"properties":{"nm":"Hridi Lukavci","ref":"E 3445","ch":"Fl R 3s 5M","ty":"light_minor","ar":[["R",5.0]]}},{"type":"Feature","geometry":{"type":"Point","coordinates":[15.93875,43.567807]},"properties":{"nm":"","ref":"","ch":"Fl R 2s","ty":"beacon_lateral","ar":[["R",null]]}},{"type":"Feature","geometry":{"type":"Point","coordinates":[16.947171,43.356546]},"properties":{"nm":"","ref":"","ch":"Fl R 5s","ty":"light_minor","ar":[["R",null]]}},{"type":"Feature","geometry":{"type":"Point","coordinates":[17.048254,42.979878]},"properties":{"nm":"","ref":"","ch":"Fl(2) W 6s","ty":"landmark","ar":[["W",null]]}},{"type":"Feature","geometry":{"type":"Point","coordinates":[16.519278,43.224845]},"properties":{"nm":"Rt Kabal","ref":"E 3418","ch":"Fl(2) W 5s 7M","ty":"light_minor","ss":[["W",324.0,227.0,7.0]]}},{"type":"Feature","geometry":{"type":"Point","coordinates":[16.439763,43.502912]},"properties":{"nm":"","ref":"","ch":"W","ty":"light_minor","ar":[["W",null]]}},{"type":"Feature","geometry":{"type":"Point","coordinates":[15.170824,44.096783]},"properties":{"nm":"","ref":"","ch":"Fl G 3s","ty":"light_minor","ar":[["G",null]]}},{"type":"Feature","geometry":{"type":"Point","coordinates":[14.408576,42.359108]},"properties":{"nm":"Faro di Ortona","ref":"E 2312","ch":"Fl(2) W 6s 15M","ty":"light_major","ar":[["W",15.0]]}},{"type":"Feature","geometry":{"type":"Point","coordinates":[12.57395,44.074077]},"properties":{"nm":"Rimini","ref":"E 2394","ch":"Fl(3) W 12s 15M","ty":"light_major","ss":[["W",160.0,280.0,15.0]]}},{"type":"Feature","geometry":{"type":"Point","coordinates":[16.656762,43.261119]},"properties":{"nm":"","ref":"","ch":"Fl(2) R 5s 3M","ty":"light_minor","ar":[["R",3.0]]}},{"type":"Feature","geometry":{"type":"Point","coordinates":[16.657532,43.260845]},"properties":{"nm":"Bol","ref":"E 3400","ch":"Fl G 3s 3M","ty":"light_minor","ar":[["G",3.0]]}},{"type":"Feature","geometry":{"type":"Point","coordinates":[16.633042,43.25201]},"properties":{"nm":"","ref":"","ch":"Fl Y 3s","ty":"buoy_special_purpose","ar":[["Y",null]]}},{"type":"Feature","geometry":{"type":"Point","coordinates":[15.298755,44.05191]},"properties":{"nm":"","ref":"","ch":"Fl(2) G 5s 4M","ty":"light_minor","ss":[["G",132.0,2.0,4.0]]}},{"type":"Feature","geometry":{"type":"Point","coordinates":[15.298644,44.050844]},"properties":{"nm":"","ref":"","ch":"Fl(2) R 5s 4M","ty":"light_minor","ar":[["R",4.0]]}},{"type":"Feature","geometry":{"type":"Point","coordinates":[15.303659,44.050156]},"properties":{"nm":"","ref":"","ch":"Fl R 3s 4M","ty":"light_minor","ss":[["R",183.0,100.0,4.0]]}},{"type":"Feature","geometry":{"type":"Point","coordinates":[15.252228,44.015923]},"properties":{"nm":"","ref":"","ch":"Fl(2) G 2s 2M","ty":"buoy_lateral","ar":[["G",2.0]]}},{"type":"Feature","geometry":{"type":"Point","coordinates":[15.251997,44.01654]},"properties":{"nm":"","ref":"","ch":"Fl(2) R 4s 3M","ty":"buoy_lateral","ar":[["R",3.0]]}},{"type":"Feature","geometry":{"type":"Point","coordinates":[15.250333,44.012938]},"properties":{"nm":"","ref":"","ch":"Fl(2) R 5s 4M","ty":"beacon_lateral","ar":[["R",4.0]]}},{"type":"Feature","geometry":{"type":"Point","coordinates":[15.251192,44.013166]},"properties":{"nm":"","ref":"","ch":"Fl(2) G 5s 4M","ty":"beacon_lateral","ar":[["G",4.0]]}},{"type":"Feature","geometry":{"type":"Point","coordinates":[15.264167,44.027342]},"properties":{"nm":"Otocic Misnjak","ref":"E 3167.5","ch":"Fl(2) W 5s 8M","ty":"light_minor","ar":[["W",8.0]]}},{"type":"Feature","geometry":{"type":"Point","coordinates":[15.260375,44.02145]},"properties":{"nm":"","ref":"","ch":"Fl R 5s 3M","ty":"light_minor","ss":[["R",161.0,45.0,3.0]]}},{"type":"Feature","geometry":{"type":"Point","coordinates":[15.260849,44.018434]},"properties":{"nm":"","ref":"","ch":"Fl(3) G 10s 4M","ty":"light_minor","ar":[["G",4.0]]}},{"type":"Feature","geometry":{"type":"Point","coordinates":[15.23926,44.007778]},"properties":{"nm":"Otocic Karantunic","ref":"E 3116","ch":"Fl(3) W 10s 9M","ty":"light_minor","ar":[["W",9.0]]}},{"type":"Feature","geometry":{"type":"Point","coordinates":[15.251464,44.034139]},"properties":{"nm":"Kukljica","ref":"E 3166","ch":"Fl G 3s 4M","ty":"light_minor","ar":[["G",4.0]]}},{"type":"Feature","geometry":{"type":"Point","coordinates":[15.253185,44.03295]},"properties":{"nm":"E 3167","ref":"E 3167","ch":"Fl R 3s 4M","ty":"light_minor","ss":[["R",115.0,107.0,4.0]]}},{"type":"Feature","geometry":{"type":"Point","coordinates":[15.389427,43.975903]},"properties":{"nm":"Otocic Ricul","ref":"E 3175","ch":"Fl W 3s 5M","ty":"light_minor","ar":[["W",5.0]]}},{"type":"Feature","geometry":{"type":"Point","coordinates":[15.384264,43.975772]},"properties":{"nm":"Otocic Galesnjak","ref":"E 3174","ch":"Fl G 3s 4M","ty":"beacon_lateral","ar":[["G",4.0]]}},{"type":"Feature","geometry":{"type":"Point","coordinates":[15.388897,43.957395]},"properties":{"nm":"Luka Pasman","ref":"E 3179","ch":"Fl G 3s 4M","ty":"light_minor","ar":[["G",4.0]]}},{"type":"Feature","geometry":{"type":"Point","coordinates":[15.408416,43.965496]},"properties":{"nm":"Turanj","ref":"E 3178","ch":"Fl(2) G 5s 4M","ty":"light_minor","ar":[["G",4.0]]}},{"type":"Feature","geometry":{"type":"Point","coordinates":[15.396071,43.968052]},"properties":{"nm":"Otocic Kormonik","ref":"E 3176","ch":"Fl R 3s 3M","ty":"light_minor","ar":[["R",3.0]]}},{"type":"Feature","geometry":{"type":"Point","coordinates":[15.404526,43.965054]},"properties":{"nm":"Plicina Minerva","ref":"E 3177","ch":"Fl G 3s 4M","ty":"light_minor","ar":[["G",4.0]]}},{"type":"Feature","geometry":{"type":"Point","coordinates":[15.440488,43.942473]},"properties":{"nm":"","ref":"","ch":"Fl R 5s","ty":"light_minor","ar":[["R",null]]}},{"type":"Feature","geometry":{"type":"Point","coordinates":[15.440164,43.942045]},"properties":{"nm":"","ref":"","ch":"Fl G 5s","ty":"light_minor","ar":[["G",null]]}},{"type":"Feature","geometry":{"type":"Point","coordinates":[15.439073,43.937383]},"properties":{"nm":"Biograd","ref":"E 3185","ch":"Fl(2) G 4s 3M","ty":"light_minor","ar":[["G",3.0]]}},{"type":"Feature","geometry":{"type":"Point","coordinates":[15.427966,43.938772]},"properties":{"nm":"Otocic Planac","ref":"E 3184","ch":"Fl R 3s 3M","ty":"light_minor","ss":[["R",51.0,321.0,3.0]]}},{"type":"Feature","geometry":{"type":"Point","coordinates":[15.429567,43.931383]},"properties":{"nm":"Otocic Sv. Katarina","ref":"E 3188","ch":"Fl(2) W 8s 8M","ty":"light_minor","ss":[["W",309.0,142.0,8.0]]}},{"type":"Feature","geometry":{"type":"Point","coordinates":[15.420943,43.921987]},"properties":{"nm":"","ref":"","ch":"Fl W 3s","ty":"light_minor","ar":[["W",null]]}},{"type":"Feature","geometry":{"type":"Point","coordinates":[15.419562,43.923273]},"properties":{"nm":"Tkon","ref":"E 3191","ch":"Fl(2) R 5s 4M","ty":"light_minor","ar":[["R",4.0]]}},{"type":"Feature","geometry":{"type":"Point","coordinates":[15.412907,43.939124]},"properties":{"nm":"Otocic Cavatul","ref":"E 3186","ch":"Fl G 3s 4M","ty":"light_minor","ar":[["G",4.0]]}},{"type":"Feature","geometry":{"type":"Point","coordinates":[15.412198,43.954827]},"properties":{"nm":"E 3181","ref":"E 3181","ch":"Fl R 3s 3M","ty":"light_minor","ar":[["R",3.0]]}},{"type":"Feature","geometry":{"type":"Point","coordinates":[15.344301,43.980641]},"properties":{"nm":"Nevidane","ref":"E 3172","ch":"Fl R 3s 4M","ty":"light_minor","ar":[["R",4.0]]}},{"type":"Feature","geometry":{"type":"Point","coordinates":[15.265212,44.086596]},"properties":{"nm":"Gazemica","ref":"E 3165","ch":"Fl G 3s 4M","ty":"light_minor","ar":[["G",4.0]]}},{"type":"Feature","geometry":{"type":"Point","coordinates":[15.203237,44.066132]},"properties":{"nm":"Kali","ref":"E 3164","ch":"Fl R 3s 3M","ty":"light_minor","ar":[["R",3.0]]}},{"type":"Feature","geometry":{"type":"Point","coordinates":[15.195558,44.076748]},"properties":{"nm":"","ref":"","ch":"Fl(2) 5s","ty":"light_minor"}},{"type":"Feature","geometry":{"type":"Point","coordinates":[15.211341,44.07929]},"properties":{"nm":"Otocic Osljak","ref":"E 3160","ch":"Fl(4) W 15s 8M","ty":"light_minor","ar":[["W",8.0]]}},{"type":"Feature","geometry":{"type":"Point","coordinates":[15.188888,44.082566]},"properties":{"nm":"Preko","ref":"E 3158","ch":"Fl R 3s 3M","ty":"light_minor","ss":[["R",205.0,125.0,3.0]]}},{"type":"Feature","geometry":{"type":"Point","coordinates":[15.169529,44.100857]},"properties":{"nm":"Sutomiscica","ref":"E 3156","ch":"Fl(2) R 5s 4M","ty":"light_minor","ar":[["R",4.0]]}},{"type":"Feature","geometry":{"type":"Point","coordinates":[15.175694,44.009985]},"properties":{"nm":"Otocic Mrtovnjak","ref":"E 3115","ch":"Fl(2) R 10s 7M","ty":"light_minor","ar":[["R",7.0]]}},{"type":"Feature","geometry":{"type":"Point","coordinates":[15.147168,44.024443]},"properties":{"nm":"Blz (2) gn 5 s","ref":"","ch":"Fl(2) G 5s 4M","ty":"light_minor","ss":[["G",184.0,229.0,4.0]]}},{"type":"Feature","geometry":{"type":"Point","coordinates":[15.140397,44.028514]},"properties":{"nm":"Uvala Komaseva","ref":"E 3112","ch":"Fl R 3s 4M","ty":"light_minor","ar":[["R",4.0]]}},{"type":"Feature","geometry":{"type":"Point","coordinates":[15.128236,44.045731]},"properties":{"nm":"Blz (2) 5 s","ref":"","ch":"Fl(2) W","ty":"beacon_isolated_danger","ar":[["W",null]]}},{"type":"Feature","geometry":{"type":"Point","coordinates":[15.059517,44.023406]},"properties":{"nm":"","ref":"","ch":"Fl(2) G","ty":"light_minor","ar":[["G",null]]}},{"type":"Feature","geometry":{"type":"Point","coordinates":[15.054846,44.022815]},"properties":{"nm":"Otok Rava","ref":"E 3120","ch":"Fl G 3s 4M","ty":"light_minor","ar":[["G",4.0]]}},{"type":"Feature","geometry":{"type":"Point","coordinates":[15.850192,43.721669]},"properties":{"nm":"Rt Jadrija","ref":"E 3248","ch":"Fl(2) R 6s 9M","ty":"light_minor","ss":[["R",160.0,98.0,9.0]]}},{"type":"Feature","geometry":{"type":"Point","coordinates":[15.855548,43.725129]},"properties":{"nm":"Rt Debeli","ref":"E 3256","ch":"Fl R 2s 1M","ty":"light_minor","ss":[["R",240.0,50.0,1.0]]}},{"type":"Feature","geometry":{"type":"Point","coordinates":[15.858868,43.724375]},"properties":{"nm":"Rt Senisna","ref":"E 3252","ch":"Fl G 2s 1M","ty":"light_minor","ar":[["G",1.0]]}},{"type":"Feature","geometry":{"type":"Point","coordinates":[15.869256,43.728259]},"properties":{"nm":"Rt Baba","ref":"E 3258","ch":"Fl R 2s 1M","ty":"light_minor","ar":[["R",1.0]]}},{"type":"Feature","geometry":{"type":"Point","coordinates":[15.871053,43.727061]},"properties":{"nm":"Rt Svet Ante","ref":"E 3260","ch":"Fl G 2s 4M","ty":"light_minor","ar":[["G",4.0]]}},{"type":"Feature","geometry":{"type":"Point","coordinates":[15.881156,43.72847]},"properties":{"nm":"Rt Juzni Turan","ref":"E 3263","ch":"Fl(2) G 5s 3M","ty":"light_minor","ar":[["G",3.0]]}},{"type":"Feature","geometry":{"type":"Point","coordinates":[15.890829,43.732969]},"properties":{"nm":"Sibenik","ref":"E 3266","ch":"Fl W 3s 4M","ty":"light_minor","ar":[["W",4.0]]}},{"type":"Feature","geometry":{"type":"Point","coordinates":[15.876292,43.738279]},"properties":{"nm":"Gata Martinska","ref":"E 3267","ch":"Fl R 3s 2M","ty":"light_minor","ar":[["R",2.0]]}},{"type":"Feature","geometry":{"type":"Point","coordinates":[15.84769,43.780525]},"properties":{"nm":"","ref":"","ch":"Fl G 2s","ty":"light_minor","ar":[["G",null]]}},{"type":"Feature","geometry":{"type":"Point","coordinates":[15.849927,43.783765]},"properties":{"nm":"","ref":"","ch":"Fl R 2s","ty":"light_minor","ar":[["R",null]]}},{"type":"Feature","geometry":{"type":"Point","coordinates":[15.850828,43.789769]},"properties":{"nm":"","ref":"","ch":"Fl G 2s","ty":"light_minor","ar":[["G",null]]}},{"type":"Feature","geometry":{"type":"Point","coordinates":[15.861844,43.787973]},"properties":{"nm":"","ref":"","ch":"Fl R 2s 3M","ty":"light_minor","ss":[["W",188.7,168.8,6.0],["R",168.8,188.7,3.0]]}},{"type":"Feature","geometry":{"type":"Point","coordinates":[15.882476,43.806709]},"properties":{"nm":"","ref":"","ch":"Fl G 2s 1M","ty":"light_minor","ar":[["G",1.0]]}},{"type":"Feature","geometry":{"type":"Point","coordinates":[15.894014,43.808277]},"properties":{"nm":"","ref":"","ch":"Fl R 2s 1M","ty":"light_minor","ar":[["R",1.0]]}},{"type":"Feature","geometry":{"type":"Point","coordinates":[15.909043,43.807416]},"properties":{"nm":"","ref":"","ch":"Fl R 2s","ty":"light_minor","ar":[["R",null]]}},{"type":"Feature","geometry":{"type":"Point","coordinates":[15.919657,43.810111]},"properties":{"nm":"","ref":"","ch":"Fl G 2s","ty":"light_minor","ar":[["G",null]]}},{"type":"Feature","geometry":{"type":"Point","coordinates":[15.922399,43.816782]},"properties":{"nm":"","ref":"","ch":"Fl G 5s","ty":"light_minor","ar":[["G",null]]}},{"type":"Feature","geometry":{"type":"Point","coordinates":[16.576904,43.181805]},"properties":{"nm":"Stari Grad Zelenikovac E","ref":"E 3413","ch":"Fl(2) G 5s 4M","ty":"light_minor","ss":[["G",109.0,20.0,4.0]]}},{"type":"Feature","geometry":{"type":"Point","coordinates":[16.408675,43.319816]},"properties":{"nm":"Rt Razanj","ref":"E 3342","ch":"Fl W 5s 13M","ty":"light_minor","ss":[["W",340.0,175.0,13.0]]}},{"type":"Feature","geometry":{"type":"Point","coordinates":[15.217362,44.125771]},"properties":{"nm":"","ref":"","ch":"Fl(2) R 5s 3M","ty":"light_minor","ar":[["R",3.0]]}},{"type":"Feature","geometry":{"type":"Point","coordinates":[15.508628,43.905356]},"properties":{"nm":"Pakostane","ref":"E 3194","ch":"Fl G 5s 4M","ty":"light_minor","ss":[["G",325.0,100.0,4.0]]}},{"type":"Feature","geometry":{"type":"Point","coordinates":[15.204281,44.130072]},"properties":{"nm":"Svjetionik Oštri Rat","ref":"","ch":"","ty":"lh"}},{"type":"Feature","geometry":{"type":"Point","coordinates":[16.685852,43.177297]},"properties":{"nm":"Vrboska rt Križ","ref":"E 3420","ch":"Fl W 2s 5M","ty":"light_minor","ar":[["W",5.0]]}},{"type":"Feature","geometry":{"type":"Point","coordinates":[16.701901,43.097364]},"properties":{"nm":"Luka Lovisce","ref":"E 3448","ch":"Fl R 3s 3M","ty":"light_minor","ar":[["R",3.0]]}},{"type":"Feature","geometry":{"type":"Point","coordinates":[16.665003,43.085957]},"properties":{"nm":"Otok Scedro","ref":"E 3446","ch":"Fl R 6s 6M","ty":"light_minor","ss":[["W",94.5,87.0,10.0],["R",87.0,94.5,6.0]]}},{"type":"Feature","geometry":{"type":"Point","coordinates":[16.231046,43.515169]},"properties":{"nm":"","ref":"","ch":"Fl G","ty":"beacon_lateral","ar":[["G",null]]}},{"type":"Feature","geometry":{"type":"Point","coordinates":[12.574478,44.079028]},"properties":{"nm":"E 2397","ref":"E 2397","ch":"Fl G 3s 8M","ty":"light_minor","ar":[["G",8.0]]}},{"type":"Feature","geometry":{"type":"Point","coordinates":[12.576552,44.081753]},"properties":{"nm":"E 2396","ref":"E 2396","ch":"Fl Y 3s 8M","ty":"light_minor","ar":[["Y",8.0]]}},{"type":"Feature","geometry":{"type":"Point","coordinates":[12.657981,44.007884]},"properties":{"nm":"Riccione","ref":"E 2390","ch":"Fl R 3s 5M","ty":"light_minor","ar":[["R",5.0]]}},{"type":"Feature","geometry":{"type":"Point","coordinates":[12.750384,43.970904]},"properties":{"nm":"E 2384","ref":"E 2384","ch":"Fl G 3s 8M","ty":"light_minor","ar":[["G",8.0]]}},{"type":"Feature","geometry":{"type":"Point","coordinates":[12.75107,43.97154]},"properties":{"nm":"E 2382","ref":"E 2382","ch":"Fl R 3s 8M","ty":"light_minor","ar":[["R",8.0]]}},{"type":"Feature","geometry":{"type":"Point","coordinates":[12.904717,43.926514]},"properties":{"nm":"E 2376","ref":"E 2376","ch":"Fl G 5s 8M","ty":"light_minor","ar":[["G",8.0]]}},{"type":"Feature","geometry":{"type":"Point","coordinates":[12.905647,43.92763]},"properties":{"nm":"E 2374","ref":"E 2374","ch":"Fl R 5s 8M","ty":"light_minor","ar":[["R",8.0]]}},{"type":"Feature","geometry":{"type":"Point","coordinates":[13.015253,43.852658]},"properties":{"nm":"E 2368","ref":"E 2368","ch":"F G 3M","ty":"light_minor","ar":[["R",3.0],["G",3.0]]}},{"type":"Feature","geometry":{"type":"Point","coordinates":[13.015439,43.855319]},"properties":{"nm":"E 2366","ref":"E 2366","ch":"Fl G 3s 8M","ty":"light_minor","ar":[["G",8.0]]}},{"type":"Feature","geometry":{"type":"Point","coordinates":[13.016693,43.856211]},"properties":{"nm":"E 2364","ref":"E 2364","ch":"Fl R 3s 8M","ty":"light_minor","ar":[["R",8.0]]}},{"type":"Feature","geometry":{"type":"Point","coordinates":[13.220678,43.723311]},"properties":{"nm":"E 2360","ref":"E 2360","ch":"Fl G 3s 8M","ty":"light_minor","ar":[["G",8.0]]}},{"type":"Feature","geometry":{"type":"Point","coordinates":[13.221353,43.723928]},"properties":{"nm":"E 2359","ref":"E 2359","ch":"Fl R 3s 8M","ty":"light_minor","ar":[["R",8.0]]}},{"type":"Feature","geometry":{"type":"Point","coordinates":[13.39369,43.647639]},"properties":{"nm":"E 2354","ref":"E 2354","ch":"F Y 2M","ty":"beacon_special_purpose","ar":[["Y",2.0]]}},{"type":"Feature","geometry":{"type":"Point","coordinates":[13.405817,43.668317]},"properties":{"nm":"E 7470","ref":"E 7470","ch":"Fl Y 3s 6M","ty":"platform","ar":[["Y",6.0]]}},{"type":"Feature","geometry":{"type":"Point","coordinates":[13.502598,43.631419]},"properties":{"nm":"E 2352.5","ref":"E 2352.5","ch":"F R 3M","ty":"light_minor","ar":[["R",3.0]]}},{"type":"Feature","geometry":{"type":"Point","coordinates":[13.522067,43.744783]},"properties":{"nm":"AP 1","ref":"E 7471","ch":"Mo(U) W 15s 6M","ty":"platform","ar":[["W",6.0]]}},{"type":"Feature","geometry":{"type":"Point","coordinates":[13.499027,43.629167]},"properties":{"nm":"E 2352","ref":"E 2352","ch":"Q R 4M","ty":"light_minor","ar":[["R",4.0]]}},{"type":"Feature","geometry":{"type":"Point","coordinates":[13.497724,43.622648]},"properties":{"nm":"E 2350","ref":"E 2350","ch":"Fl G 3s 8M","ty":"light_minor","ar":[["G",8.0]]}},{"type":"Feature","geometry":{"type":"Point","coordinates":[13.50002,43.623772]},"properties":{"nm":"E 2348","ref":"E 2348","ch":"Fl R 3s 8M","ty":"light_minor","ar":[["R",8.0]]}},{"type":"Feature","geometry":{"type":"Point","coordinates":[13.497658,43.625049]},"properties":{"nm":"E 2347","ref":"E 2347","ch":"F R 3M","ty":"light_minor","ar":[["R",3.0]]}},{"type":"Feature","geometry":{"type":"Point","coordinates":[13.490635,43.628203]},"properties":{"nm":"E 2346.7","ref":"E 2346.7","ch":"Fl(2) G 6s","ty":"light_minor","ar":[["G",null]]}},{"type":"Feature","geometry":{"type":"Point","coordinates":[13.484616,43.620887]},"properties":{"nm":"E 2346.5","ref":"E 2346.5","ch":"Fl R 3s","ty":"light_minor","ar":[["R",null]]}},{"type":"Feature","geometry":{"type":"Point","coordinates":[13.49397,43.625503]},"properties":{"nm":"Lanterna rossa","ref":"E 2346","ch":"Fl R 4s 8M","ty":"light_minor","ss":[["R",277.0,224.0,8.0]]}},{"type":"Feature","geometry":{"type":"Point","coordinates":[13.495239,43.622447]},"properties":{"nm":"E 2349","ref":"E 2349","ch":"Fl G 4s 7M","ty":"light_minor","ar":[["G",7.0]]}},{"type":"Feature","geometry":{"type":"Point","coordinates":[13.577242,43.580315]},"properties":{"nm":"Scogliera I Travi","ref":"E 2343","ch":"Fl Y 5s 2M","ty":"beacon_special_purpose","ar":[["Y",2.0]]}},{"type":"Feature","geometry":{"type":"Point","coordinates":[13.734459,43.313814]},"properties":{"nm":"E 2338.2","ref":"E 2338.2","ch":"F R 4M","ty":"light_minor","ar":[["R",4.0]]}},{"type":"Feature","geometry":{"type":"Point","coordinates":[13.733047,43.314187]},"properties":{"nm":"Porto Civitanova","ref":"E 2339","ch":"Fl G 5s 8M","ty":"light_minor","ar":[["G",8.0]]}},{"type":"Feature","geometry":{"type":"Point","coordinates":[14.423804,42.348801]},"properties":{"nm":"E 2314","ref":"E 2314","ch":"Fl R 3s 9M","ty":"light_minor","ar":[["R",9.0]]}},{"type":"Feature","geometry":{"type":"Point","coordinates":[14.429327,42.352555]},"properties":{"nm":"E 2315.6","ref":"E 2315.6","ch":"Oc(2) Y 10s 5M","ty":"light_minor","ar":[["Y",5.0]]}},{"type":"Feature","geometry":{"type":"Point","coordinates":[14.410794,42.356503]},"properties":{"nm":"Mandracchio","ref":"E 2315.1","ch":"F R","ty":"light_minor","ar":[["R",null]]}},{"type":"Feature","geometry":{"type":"Point","coordinates":[14.41454,42.354894]},"properties":{"nm":"E 2315","ref":"E 2315","ch":"F G 3M","ty":"light_minor","ar":[["G",3.0]]}},{"type":"Feature","geometry":{"type":"Point","coordinates":[14.423754,42.351176]},"properties":{"nm":"E 2313","ref":"E 2313","ch":"Fl G 3s 9M","ty":"light_minor","ar":[["G",9.0]]}},{"type":"Feature","geometry":{"type":"Point","coordinates":[14.447458,42.311335]},"properties":{"nm":"San Vito Chietino","ref":"E 2308","ch":"F R 1M","ty":"light_minor","ar":[["R",1.0]]}},{"type":"Feature","geometry":{"type":"Point","coordinates":[14.709354,42.175447]},"properties":{"nm":"E 2307.7","ref":"E 2307.7","ch":"Fl G 6s 4M","ty":"light_minor","ss":[["G",169.0,15.0,4.0]]}},{"type":"Feature","geometry":{"type":"Point","coordinates":[14.711957,42.18005]},"properties":{"nm":"E 2307.5","ref":"E 2307.5","ch":"Fl G 3s 7M","ty":"light_minor","ar":[["G",7.0]]}},{"type":"Feature","geometry":{"type":"Point","coordinates":[14.711003,42.176146]},"properties":{"nm":"E 2307.2","ref":"E 2307.2","ch":"Fl R 6s 4M","ty":"light_minor","ss":[["R",309.0,203.0,4.0]]}},{"type":"Feature","geometry":{"type":"Point","coordinates":[14.711691,42.177395]},"properties":{"nm":"Porto Vasto","ref":"E 2307","ch":"Fl R 3s 4M","ty":"light_minor","ar":[["R",4.0]]}},{"type":"Feature","geometry":{"type":"Point","coordinates":[15.004123,42.002578]},"properties":{"nm":"E 2305","ref":"E 2305","ch":"Fl R 3s 5M","ty":"light_minor","ar":[["R",5.0]]}},{"type":"Feature","geometry":{"type":"Point","coordinates":[15.00227,42.004668]},"properties":{"nm":"E 2304.2","ref":"E 2304.2","ch":"F G 3M","ty":"light_minor","ss":[["G",290.0,135.0,3.0]]}},{"type":"Feature","geometry":{"type":"Point","coordinates":[15.009255,42.002736]},"properties":{"nm":"E 2304","ref":"E 2304","ch":"Fl G 3s 8M","ty":"light_minor","ar":[["G",8.0]]}},{"type":"Feature","geometry":{"type":"Point","coordinates":[15.509439,42.123542]},"properties":{"nm":"Isola San Nicola","ref":"E 2297","ch":"Fl(4) W 15s 14M","ty":"light_minor","ar":[["W",14.0]]}},{"type":"Feature","geometry":{"type":"Point","coordinates":[15.501541,42.118865]},"properties":{"nm":"E 2298","ref":"E 2298","ch":"F G 3M","ty":"light_minor","ar":[["G",3.0]]}},{"type":"Feature","geometry":{"type":"Point","coordinates":[15.519234,42.138773]},"properties":{"nm":"Isola Caprara","ref":"E 2296","ch":"Fl W 5s 8M","ty":"light_minor","ss":[["W",110.0,20.0,8.0]]}},{"type":"Feature","geometry":{"type":"Point","coordinates":[15.746209,42.225573]},"properties":{"nm":"Isola Pianosa","ref":"E 2300","ch":"Fl(2) W 10s 10M","ty":"light_minor","ar":[["W",10.0]]}},{"type":"Feature","geometry":{"type":"Point","coordinates":[16.255769,42.392504]},"properties":{"nm":"E 3588","ref":"E 3588","ch":"Iso R 2s 5M","ty":"light_minor","ss":[["R",264.0,304.0,5.0]]}},{"type":"Feature","geometry":{"type":"Point","coordinates":[16.176989,41.888053]},"properties":{"nm":"Cala San Lorenzo","ref":"E 2288.4","ch":"F R 3M","ty":"light_minor","ar":[["R",3.0]]}},{"type":"Feature","geometry":{"type":"Point","coordinates":[16.193117,41.783284]},"properties":{"nm":"Torre Proposti","ref":"E 2286","ch":"Fl W 5s 15M","ty":"light_major","ss":[["W",186.0,20.0,15.0]]}},{"type":"Feature","geometry":{"type":"Point","coordinates":[16.990769,42.815968]},"properties":{"nm":"Otocic Tajan Velji","ref":"E 3551","ch":"Fl W 5s 8M","ty":"light_minor","ar":[["W",8.0]]}},{"type":"Feature","geometry":{"type":"Point","coordinates":[16.878016,42.775385]},"properties":{"nm":"E 3553","ref":"E 3553","ch":"Fl R 3s 5M","ty":"light_minor","ss":[["R",350.0,243.0,5.0]]}},{"type":"Feature","geometry":{"type":"Point","coordinates":[16.774977,42.78005]},"properties":{"nm":"Hrid Pod Mrcaru","ref":"E 3552","ch":"Fl(2) W 6s 9M","ty":"light_minor","ar":[["W",9.0]]}},{"type":"Feature","geometry":{"type":"Point","coordinates":[16.884495,42.724315]},"properties":{"nm":"Rt Struga","ref":"E 3544","ch":"Fl W 10s 27M","ty":"light_major","ss":[["W",259.0,95.0,27.0]]}},{"type":"Feature","geometry":{"type":"Point","coordinates":[16.886095,42.730275]},"properties":{"nm":"Skrivena Luka","ref":"E 3545","ch":"Fl R 3s 3M","ty":"light_minor","ar":[["R",3.0]]}},{"type":"Feature","geometry":{"type":"Point","coordinates":[16.490315,42.750392]},"properties":{"nm":"Otok Susac","ref":"E 3538","ch":"Fl(2) W 15s 24M","ty":"light_major","ss":[["W",253.0,213.0,24.0]]}},{"type":"Feature","geometry":{"type":"Point","coordinates":[16.607184,42.983272]},"properties":{"nm":"Otocic Proizd","ref":"E 3452","ch":"Fl W 3s 11M","ty":"light_minor","ss":[["W",290.0,229.0,11.0]]}},{"type":"Feature","geometry":{"type":"Point","coordinates":[16.714586,42.961832]},"properties":{"nm":"Vela Luka","ref":"E 3460","ch":"Fl G 3s 2M","ty":"light_minor","ar":[["G",2.0]]}},{"type":"Feature","geometry":{"type":"Point","coordinates":[16.707322,42.961742]},"properties":{"nm":"Rt Vranac","ref":"E 3458","ch":"Fl R 2s 2M","ty":"light_minor","ss":[["R",11.0,101.0,2.0]]}},{"type":"Feature","geometry":{"type":"Point","coordinates":[16.657172,42.969143]},"properties":{"nm":"Otocic Kamenjak","ref":"E 3454","ch":"Fl(2) R 6s 4M","ty":"light_minor","ss":[["R",233.0,163.0,4.0]]}},{"type":"Feature","geometry":{"type":"Point","coordinates":[16.638979,42.92576]},"properties":{"nm":"Rt Velo Dance","ref":"E 3461","ch":"Fl(3) W 10s 11M","ty":"light_minor","ar":[["W",11.0]]}},{"type":"Feature","geometry":{"type":"Point","coordinates":[16.848933,42.8973]},"properties":{"nm":"Rt Veli Zaglav","ref":"E 3463","ch":"Fl W 3s 7M","ty":"light_minor","ar":[["W",7.0]]}},{"type":"Feature","geometry":{"type":"Point","coordinates":[17.136948,42.96047]},"properties":{"nm":"E 3477","ref":"E 3477","ch":"Fl G 3s 2M","ty":"light_minor","ar":[["G",2.0]]}},{"type":"Feature","geometry":{"type":"Point","coordinates":[17.066051,42.984698]},"properties":{"nm":"Rt Sv.Ivan","ref":"E 3471","ch":"Fl G 3s 4M","ty":"light_minor","ar":[["G",4.0]]}},{"type":"Feature","geometry":{"type":"Point","coordinates":[17.135582,42.963239]},"properties":{"nm":"Luka Korcula","ref":"E 3476","ch":"Fl R 2s 4M","ty":"light_minor","ar":[["R",4.0]]}},{"type":"Feature","geometry":{"type":"Point","coordinates":[17.116362,42.979828]},"properties":{"nm":"Kucisce","ref":"E 3470.5","ch":"Fl W 3s 3M","ty":"light_minor","ar":[["W",3.0]]}},{"type":"Feature","geometry":{"type":"Point","coordinates":[17.053494,42.980728]},"properties":{"nm":"Otocic Kneza Vela","ref":"E 3470","ch":"Fl(2) W 6s 8M","ty":"light_minor","ar":[["W",8.0]]}},{"type":"Feature","geometry":{"type":"Point","coordinates":[17.005031,43.010176]},"properties":{"nm":"Rt Osicac","ref":"E 3486.5","ch":"Fl W 3s 8M","ty":"light_minor","ss":[["W",322.0,270.0,8.0]]}},{"type":"Feature","geometry":{"type":"Point","coordinates":[17.021222,43.025138]},"properties":{"nm":"Uvala Luka","ref":"E 3487","ch":"Fl R 3s 3M","ty":"light_minor","ss":[["R",243.0,113.0,3.0]]}},{"type":"Feature","geometry":{"type":"Point","coordinates":[17.001097,43.047157]},"properties":{"nm":"Rt Lovisce","ref":"E 3488","ch":"Fl(3) W 10s 10M","ty":"light_minor","ss":[["W",357.0,258.0,10.0]]}},{"type":"Feature","geometry":{"type":"Point","coordinates":[16.810992,42.96722]},"properties":{"nm":"Prigradica","ref":"E 3451","ch":"Fl R 3s 3M","ty":"light_minor","ar":[["R",3.0]]}},{"type":"Feature","geometry":{"type":"Point","coordinates":[16.816489,43.03053]},"properties":{"nm":"Otocic Plocica","ref":"E 3450","ch":"Fl(2) W 10s 10M","ty":"light_minor","ar":[["W",10.0]]}},{"type":"Feature","geometry":{"type":"Point","coordinates":[16.02097,42.987538]},"properties":{"nm":"Otok Bisevo Kobila","ref":"E 3444","ch":"Fl(2) R 10s 11M","ty":"light_minor","ar":[["R",11.0]]}},{"type":"Feature","geometry":{"type":"Point","coordinates":[16.067284,43.005904]},"properties":{"nm":"Rt Stupisce","ref":"E 3443","ch":"Fl(3) W 12s 10M","ty":"light_minor","ar":[["W",10.0]]}},{"type":"Feature","geometry":{"type":"Point","coordinates":[16.193369,43.085843]},"properties":{"nm":"Hridi Volici","ref":"E 3439","ch":"Fl W 2s 6M","ty":"light_minor","ar":[["W",6.0]]}},{"type":"Feature","geometry":{"type":"Point","coordinates":[16.204625,43.07624]},"properties":{"nm":"Viska Luka","ref":"E 3436","ch":"Fl W 4s 8M","ty":"light_minor","ar":[["W",8.0]]}},{"type":"Feature","geometry":{"type":"Point","coordinates":[16.219057,43.077982]},"properties":{"nm":"Hrid Krava","ref":"E 3434","ch":"Fl R 2s 4M","ty":"light_minor","ar":[["R",4.0]]}},{"type":"Feature","geometry":{"type":"Point","coordinates":[16.254632,43.072338]},"properties":{"nm":"Rt Stoncica","ref":"E 3432","ch":"Fl W 15s 30M","ty":"light_major","ss":[["W",110.0,357.0,30.0]]}},{"type":"Feature","geometry":{"type":"Point","coordinates":[16.702694,43.166578]},"properties":{"nm":"Luka Jelsa E","ref":"E 3431","ch":"Fl R 3s 5M","ty":"light_minor","ar":[["R",5.0]]}},{"type":"Feature","geometry":{"type":"Point","coordinates":[16.673471,43.180546]},"properties":{"nm":"Luka Vrboska","ref":"E 3422","ch":"Fl R 3s 3M","ty":"light_minor","ar":[["R",3.0]]}},{"type":"Feature","geometry":{"type":"Point","coordinates":[16.561056,43.235591]},"properties":{"nm":"Rt Travna","ref":"E 3419","ch":"Fl W 3s 7M","ty":"light_minor","ss":[["W",82.0,276.0,7.0]]}},{"type":"Feature","geometry":{"type":"Point","coordinates":[16.697232,43.190563]},"properties":{"nm":"Otocic Zecevo","ref":"E 3426","ch":"Fl W 5s 5M","ty":"light_minor","ar":[["W",5.0]]}},{"type":"Feature","geometry":{"type":"Point","coordinates":[16.593562,43.18411]},"properties":{"nm":"E 3416","ref":"E 3416","ch":"F G 3M","ty":"light_minor","ar":[["G",3.0]]}},{"type":"Feature","geometry":{"type":"Point","coordinates":[16.575029,43.182152]},"properties":{"nm":"Stari Grad Zelenikovac W","ref":"E 3413.1","ch":"Fl W 3s 4M","ty":"light_minor","ar":[["W",4.0]]}},{"type":"Feature","geometry":{"type":"Point","coordinates":[16.427881,43.190353]},"properties":{"nm":"Vira","ref":"E 3412.6","ch":"Fl G 2s 3M","ty":"light_minor","ar":[["G",3.0]]}},{"type":"Feature","geometry":{"type":"Point","coordinates":[16.429394,43.194254]},"properties":{"nm":"Vira - rt Nezadovoljan","ref":"E 3412.4","ch":"Fl R 2s 3M","ty":"light_minor","ar":[["R",3.0]]}},{"type":"Feature","geometry":{"type":"Point","coordinates":[16.425412,43.198717]},"properties":{"nm":"Uvala Pribinja","ref":"E 3412","ch":"Fl W 2s 6M","ty":"light_minor","ar":[["W",6.0]]}},{"type":"Feature","geometry":{"type":"Point","coordinates":[16.437685,43.160044]},"properties":{"nm":"Sv. Jerolim","ref":"E 3409","ch":"Fl R 3s 4M","ty":"light_minor","ar":[["R",4.0]]}},{"type":"Feature","geometry":{"type":"Point","coordinates":[16.310917,43.169013]},"properties":{"nm":"Pakleni Otoci","ref":"E 3431.5","ch":"Fl W 6s 9M","ty":"light_minor","ar":[["W",9.0]]}},{"type":"Feature","geometry":{"type":"Point","coordinates":[16.899311,43.314074]},"properties":{"nm":"Rt Rascatna","ref":"E 3392","ch":"Fl(4) W 15s 8M","ty":"light_minor","ar":[["W",8.0]]}},{"type":"Feature","geometry":{"type":"Point","coordinates":[16.831538,43.340539]},"properties":{"nm":"Rt Povlja","ref":"E 3384","ch":"Fl W 3s 7M","ty":"light_minor","ar":[["W",7.0]]}},{"type":"Feature","geometry":{"type":"Point","coordinates":[16.735381,43.36176]},"properties":{"nm":"Luka Pucisca","ref":"E 3380","ch":"Fl W 5s 8M","ty":"light_minor","ar":[["W",8.0]]}},{"type":"Feature","geometry":{"type":"Point","coordinates":[16.606204,43.380943]},"properties":{"nm":"Uvala Splitska","ref":"E 3368","ch":"Fl R 2s 2M","ty":"light_minor","ar":[["R",2.0]]}},{"type":"Feature","geometry":{"type":"Point","coordinates":[16.553908,43.385827]},"properties":{"nm":"Supetar","ref":"E 3366","ch":"Fl W 3s 4M","ty":"light_minor","ss":[["W",307.0,207.0,4.0]]}},{"type":"Feature","geometry":{"type":"Point","coordinates":[16.55454,43.386665]},"properties":{"nm":"Supetar","ref":"E 3366.2","ch":"Fl R 3s 5M","ty":"light_minor","ar":[["R",5.0]]}},{"type":"Feature","geometry":{"type":"Point","coordinates":[16.478588,43.386437]},"properties":{"nm":"Sutivan","ref":"E 3364","ch":"Fl R 3s 2M","ty":"light_minor","ar":[["R",2.0]]}},{"type":"Feature","geometry":{"type":"Point","coordinates":[16.448142,43.327028]},"properties":{"nm":"E 3346","ref":"E 3346","ch":"Fl(2) R 5s 4M","ty":"light_minor","ar":[["R",4.0]]}},{"type":"Feature","geometry":{"type":"Point","coordinates":[16.353635,43.373277]},"properties":{"nm":"Uvala Stomorska","ref":"E 3336","ch":"Fl(2) R 5s 3M","ty":"light_minor","ar":[["R",3.0]]}},{"type":"Feature","geometry":{"type":"Point","coordinates":[16.305836,43.399458]},"properties":{"nm":"Rt Bad","ref":"E 3334","ch":"Fl R 3s 4M","ty":"light_minor","ss":[["R",18.0,288.0,4.0]]}},{"type":"Feature","geometry":{"type":"Point","coordinates":[16.30118,43.396949]},"properties":{"nm":"Rogac","ref":"E 3333","ch":"Fl(2) W 5s 3M","ty":"light_minor","ar":[["W",3.0]]}},{"type":"Feature","geometry":{"type":"Point","coordinates":[16.202921,43.395234]},"properties":{"nm":"Luka Maslinica","ref":"E 3332","ch":"Fl R 3s 4M","ty":"light_minor","ss":[["W",56.0,11.0,7.0],["R",11.0,56.0,4.0]]}},{"type":"Feature","geometry":{"type":"Point","coordinates":[16.932016,43.366754]},"properties":{"nm":"Soline-Brela","ref":"E 3386","ch":"Fl W 3s 4M","ty":"light_minor","ar":[["W",4.0]]}},{"type":"Feature","geometry":{"type":"Point","coordinates":[16.808471,43.404294]},"properties":{"nm":"Kutlesa","ref":"E 3378","ch":"Fl G 3s 4M","ty":"light_minor","ar":[["G",4.0]]}},{"type":"Feature","geometry":{"type":"Point","coordinates":[16.639667,43.441563]},"properties":{"nm":"Dugi Rat","ref":"E 3361","ch":"Fl(2) G 5s 3M","ty":"light_minor","ar":[["G",3.0]]}},{"type":"Feature","geometry":{"type":"Point","coordinates":[16.694515,43.441355]},"properties":{"nm":"E 3376","ref":"E 3376","ch":"Fl G 3s 2M","ty":"light_minor","ss":[["G",334.0,38.0,2.0]],"ar":[["W",4.0]]}},{"type":"Feature","geometry":{"type":"Point","coordinates":[16.599378,43.458627]},"properties":{"nm":"Krilo","ref":"E 3360","ch":"Fl R 3s 2M","ty":"light_minor","ss":[["G",307.0,12.0,2.0],["R",12.0,307.0,2.0]]}},{"type":"Feature","geometry":{"type":"Point","coordinates":[16.533321,43.5]},"properties":{"nm":"Uvala Stobrec","ref":"E 3357","ch":"Fl G 3s 4M","ty":"light_minor","ss":[["G",356.0,63.0,4.0]]}},{"type":"Feature","geometry":{"type":"Point","coordinates":[16.446632,43.5304]},"properties":{"nm":"Uvala Supaval","ref":"E 3325.4","ch":"Fl G 3s 4M","ty":"light_minor","ar":[["G",4.0]]}},{"type":"Feature","geometry":{"type":"Point","coordinates":[16.465519,43.530471]},"properties":{"nm":"Vranjic","ref":"E 3326","ch":"Fl R 3s 4M","ty":"light_minor","ar":[["R",4.0]]}},{"type":"Feature","geometry":{"type":"Point","coordinates":[16.398424,43.545776]},"properties":{"nm":"Kastel","ref":"E 3320.1","ch":"Fl(2) G 5s 3M","ty":"light_minor","ss":[["G",359.0,318.0,3.0]]}},{"type":"Feature","geometry":{"type":"Point","coordinates":[16.418821,43.532222]},"properties":{"nm":"Hridi Galija","ref":"E 3323","ch":"Fl G 3s 3M","ty":"light_minor","ss":[["R",103.0,61.0,4.0],["G",61.0,103.0,3.0]]}},{"type":"Feature","geometry":{"type":"Point","coordinates":[16.424199,43.520085]},"properties":{"nm":"Poljud","ref":"E 3328.6","ch":"Fl W 4s 3M","ty":"light_minor","ar":[["W",3.0]]}},{"type":"Feature","geometry":{"type":"Point","coordinates":[16.415216,43.522487]},"properties":{"nm":"Hrid Skoljic","ref":"E 3328.4","ch":"Fl(2) G 5s 4M","ty":"light_minor","ar":[["G",4.0]]}},{"type":"Feature","geometry":{"type":"Point","coordinates":[16.424104,43.526396]},"properties":{"nm":"E 3328","ref":"E 3328","ch":"Fl G 2s 3M","ty":"light_minor","ar":[["G",3.0]]}},{"type":"Feature","geometry":{"type":"Point","coordinates":[16.423328,43.527102]},"properties":{"nm":"Lora","ref":"E 3327","ch":"Fl R 2s 3M","ty":"light_minor","ar":[["R",3.0]]}},{"type":"Feature","geometry":{"type":"Point","coordinates":[16.302392,43.528028]},"properties":{"nm":"E 3316.5","ref":"E 3316.5","ch":"Fl G 3s 4M","ty":"light_minor","ar":[["G",4.0]]}},{"type":"Feature","geometry":{"type":"Point","coordinates":[16.294647,43.524471]},"properties":{"nm":"Divulje","ref":"E 3316","ch":"Fl G 5s 4M","ty":"light_minor","ar":[["G",4.0]]}},{"type":"Feature","geometry":{"type":"Point","coordinates":[16.387947,43.507701]},"properties":{"nm":"Rt Marjan","ref":"E 3331","ch":"Fl G 3s 6M","ty":"light_minor","ss":[["G",290.0,210.0,6.0]]}},{"type":"Feature","geometry":{"type":"Point","coordinates":[16.392066,43.488594]},"properties":{"nm":"Rt Ciovo","ref":"E 3331.2","ch":"Fl(3) W 5s 7M","ty":"light_minor","ar":[["W",7.0]]}},{"type":"Feature","geometry":{"type":"Point","coordinates":[16.457796,43.498652]},"properties":{"nm":"Zenta","ref":"E 3348","ch":"Fl W 3s 4M","ty":"light_minor","ss":[["W",263.0,165.0,4.0]]}},{"type":"Feature","geometry":{"type":"Point","coordinates":[16.438331,43.506504]},"properties":{"nm":"Gat Svetog Nikole","ref":"E 3356","ch":"Fl W 3s 4M","ty":"light_minor","ar":[["W",4.0]]}},{"type":"Feature","geometry":{"type":"Point","coordinates":[16.438397,43.504574]},"properties":{"nm":"Gat Sv Petra","ref":"E 3354","ch":"Fl(3) W 8s 3M","ty":"light_minor","ar":[["W",3.0]]}},{"type":"Feature","geometry":{"type":"Point","coordinates":[16.430658,43.503818]},"properties":{"nm":"E 3351","ref":"E 3351","ch":"Fl R 2s 3M","ty":"light_minor","ss":[["R",16.0,312.0,3.0]]}},{"type":"Feature","geometry":{"type":"Point","coordinates":[16.432577,43.502678]},"properties":{"nm":"E 3350","ref":"E 3350","ch":"Fl R 6s 5M","ty":"light_minor","ss":[["R",139.0,20.0,5.0]]}},{"type":"Feature","geometry":{"type":"Point","coordinates":[16.236624,43.512037]},"properties":{"nm":"Rt Cubrijan","ref":"E 3308","ch":"Fl G 2s 4M","ty":"light_minor","ar":[["G",4.0]]}},{"type":"Feature","geometry":{"type":"Point","coordinates":[16.115634,43.512015]},"properties":{"nm":"E 3306","ref":"E 3306","ch":"Fl(2) G 5s 4M","ty":"light_minor","ar":[["G",4.0]]}},{"type":"Feature","geometry":{"type":"Point","coordinates":[16.13025,43.510911]},"properties":{"nm":"Zaliv Marina","ref":"E 3304","ch":"Fl R 5s 4M","ty":"light_minor","ar":[["R",4.0]]}},{"type":"Feature","geometry":{"type":"Point","coordinates":[16.090118,43.450517]},"properties":{"nm":"Uvala Borak","ref":"E 3295.4","ch":"Fl W 3s 4M","ty":"light_minor","ss":[["R",252.0,258.0,2.0],["W",28.0,252.0,4.0],["W",258.0,298.0,4.0]]}},{"type":"Feature","geometry":{"type":"Point","coordinates":[16.072547,43.455425]},"properties":{"nm":"Otok Drvenik Mali","ref":"E 3295","ch":"Fl(4) W 15s 7M","ty":"light_minor","ar":[["W",7.0]]}},{"type":"Feature","geometry":{"type":"Point","coordinates":[15.968954,43.52601]},"properties":{"nm":"E 3292","ref":"E 3292","ch":"Fl G 3s 3M","ty":"light_minor","ar":[["G",3.0]]}},{"type":"Feature","geometry":{"type":"Point","coordinates":[15.974215,43.511178]},"properties":{"nm":"Uvala Razanj","ref":"E 3290","ch":"Fl R 3s 3M","ty":"light_minor","ss":[["R",128.0,144.0,3.0]]}},{"type":"Feature","geometry":{"type":"Point","coordinates":[15.574467,43.625032]},"properties":{"nm":"Otocic Blitvenica","ref":"E 3226","ch":"Fl(2) W 30s 24M","ty":"light_major","ar":[["W",24.0]]}},{"type":"Feature","geometry":{"type":"Point","coordinates":[15.657243,43.665423]},"properties":{"nm":"Otok Zirje","ref":"E 3227","ch":"Fl R 3s 2M","ty":"light_minor","ar":[["R",2.0]]}},{"type":"Feature","geometry":{"type":"Point","coordinates":[15.643515,43.674957]},"properties":{"nm":"Brak Prascica.","ref":"E 3229.8","ch":"Fl(2) W 10s 7M","ty":"beacon_isolated_danger","ar":[["W",7.0]]}},{"type":"Feature","geometry":{"type":"Point","coordinates":[15.586121,43.681717]},"properties":{"nm":"Otocic Raparasnjak","ref":"E 3226.5","ch":"Fl W 4s 7M","ty":"light_minor","ss":[["W",350.0,334.0,7.0]]}},{"type":"Feature","geometry":{"type":"Point","coordinates":[15.878842,43.669145]},"properties":{"nm":"Otocic Drvenik","ref":"E 3275.5","ch":"Fl G 3s 4M","ty":"light_minor","ar":[["G",4.0]]}},{"type":"Feature","geometry":{"type":"Point","coordinates":[15.870276,43.661533]},"properties":{"nm":"Rt Rat","ref":"E 3275","ch":"Fl(2) W 5s 6M","ty":"light_minor","ss":[["W",180.0,45.0,6.0]]}},{"type":"Feature","geometry":{"type":"Point","coordinates":[15.866776,43.705366]},"properties":{"nm":"Zablace","ref":"E 3276.6","ch":"Fl G 3s 4M","ty":"light_minor","ar":[["G",4.0]]}},{"type":"Feature","geometry":{"type":"Point","coordinates":[15.875964,43.698917]},"properties":{"nm":"Solaris Marina","ref":"E 3276.7","ch":"Fl(2) G 5s 3M","ty":"light_minor","ar":[["G",3.0]]}},{"type":"Feature","geometry":{"type":"Point","coordinates":[15.877968,43.655929]},"properties":{"nm":"Otocic Dvainka","ref":"E 3276","ch":"Fl W 5s 8M","ty":"light_minor","ss":[["W",326.0,172.0,8.0]]}},{"type":"Feature","geometry":{"type":"Point","coordinates":[15.91902,43.672439]},"properties":{"nm":"Otok Kraprnj","ref":"E 3278","ch":"Fl R 3s 2M","ty":"light_minor","ss":[["R",134.0,356.0,2.0]]}},{"type":"Feature","geometry":{"type":"Point","coordinates":[15.850694,43.76247]},"properties":{"nm":"Rt Vela Kapela","ref":"E 3267.5","ch":"Fl G 2s 3M","ty":"light_minor","ar":[["G",3.0]]}},{"type":"Feature","geometry":{"type":"Point","coordinates":[15.899658,43.724252]},"properties":{"nm":"Sipad","ref":"E 3265.5","ch":"Fl R 3s 3M","ty":"light_minor","ar":[["R",3.0]]}},{"type":"Feature","geometry":{"type":"Point","coordinates":[15.884404,43.728711]},"properties":{"nm":"Plicini Paklena","ref":"E 3264","ch":"Fl G 2s 3M","ty":"light_minor","ar":[["G",3.0]]}},{"type":"Feature","geometry":{"type":"Point","coordinates":[15.877545,43.728535]},"properties":{"nm":"Rt Svet Kriz","ref":"E 3262","ch":"Fl R 2s 1M","ty":"light_minor","ar":[["R",1.0]]}},{"type":"Feature","geometry":{"type":"Point","coordinates":[15.854061,43.722079]},"properties":{"nm":"Fort Sv. Nikola","ref":"E 3251","ch":"Fl G 2s 4M","ty":"light_minor","ss":[["G",45.0,234.0,4.0]]}},{"type":"Feature","geometry":{"type":"Point","coordinates":[15.786272,43.732165]},"properties":{"nm":"Prvic Sepuriue","ref":"E 3238","ch":"Fl G 3s 3M","ty":"light_minor","ss":[["G",337.0,129.0,3.0]]}},{"type":"Feature","geometry":{"type":"Point","coordinates":[15.774245,43.705652]},"properties":{"nm":"Otok Tijat","ref":"E 3231","ch":"Fl(3) W 10s 7M","ty":"light_minor","ss":[["W",265.0,128.0,7.0]]}},{"type":"Feature","geometry":{"type":"Point","coordinates":[15.55825,43.74104]},"properties":{"nm":"Cavlin Shoal","ref":"E 3225.3","ch":"Fl(2) W 5s 6M","ty":"beacon_isolated_danger","ar":[["W",6.0]]}},{"type":"Feature","geometry":{"type":"Point","coordinates":[15.536822,43.709012]},"properties":{"nm":"Otocic Mrtovnjak","ref":"E 3225.2","ch":"Fl(2) W 10s 10M","ty":"light_minor","ar":[["W",10.0]]}},{"type":"Feature","geometry":{"type":"Point","coordinates":[15.490296,43.709782]},"properties":{"nm":"Otocic Babina Guzica","ref":"E 3225.1","ch":"Fl(2) G 5s 5M","ty":"light_minor","ss":[["G",215.0,140.0,5.0]]}},{"type":"Feature","geometry":{"type":"Point","coordinates":[15.472932,43.734288]},"properties":{"nm":"Otok Smokvica Vela","ref":"E 3225","ch":"Fl R 3s 5M","ty":"light_minor","ar":[["R",5.0]]}},{"type":"Feature","geometry":{"type":"Point","coordinates":[15.644898,43.796244]},"properties":{"nm":"E 3218","ref":"E 3218","ch":"Fl R 5s 4M","ty":"light_minor","ar":[["R",4.0]]}},{"type":"Feature","geometry":{"type":"Point","coordinates":[15.615288,43.823463]},"properties":{"nm":"Rt Rat","ref":"E 3212","ch":"Fl W 5s 5M","ty":"light_minor","ar":[["W",5.0]]}},{"type":"Feature","geometry":{"type":"Point","coordinates":[15.60499,43.822013]},"properties":{"nm":"Betina","ref":"E 3208","ch":"Fl G 5s 3M","ty":"light_minor","ar":[["G",3.0]]}},{"type":"Feature","geometry":{"type":"Point","coordinates":[15.590493,43.823254]},"properties":{"nm":"Hramina","ref":"E 3206","ch":"Fl R 3s 2M","ty":"light_minor","ar":[["R",2.0]]}},{"type":"Feature","geometry":{"type":"Point","coordinates":[15.469126,43.91176]},"properties":{"nm":"Otocic Ostarije","ref":"E 3193","ch":"Fl W 3s 7M","ty":"light_minor","ss":[["W",292.0,140.0,7.0]]}},{"type":"Feature","geometry":{"type":"Point","coordinates":[15.422266,43.95248]},"properties":{"nm":"Plicina Kocerka","ref":"E 3183","ch":"Fl G 3s 4M","ty":"light_minor","ar":[["G",4.0]]}},{"type":"Feature","geometry":{"type":"Point","coordinates":[15.394756,43.956714]},"properties":{"nm":"Otocic Babac","ref":"E 3180","ch":"Fl(2) W 5s 10M","ty":"light_minor","ar":[["W",10.0]]}},{"type":"Feature","geometry":{"type":"Point","coordinates":[15.222019,44.118878]},"properties":{"nm":"Istarske Obala","ref":"E 3148","ch":"Fl G 2s 4M","ty":"light_minor","ar":[["G",4.0]]}},{"type":"Feature","geometry":{"type":"Point","coordinates":[15.204272,44.130072]},"properties":{"nm":"Ostri Rat","ref":"E 3142","ch":"Fl(3) W 10s 15M","ty":"light_major","ar":[["W",15.0]]}},{"type":"Feature","geometry":{"type":"Point","coordinates":[15.188151,44.091243]},"properties":{"nm":"Poljana","ref":"E 3157","ch":"Fl G 2s 3M","ty":"light_minor","ar":[["G",3.0]]}},{"type":"Feature","geometry":{"type":"Point","coordinates":[15.153211,44.104529]},"properties":{"nm":"Lukoran","ref":"E 3154","ch":"Fl R 2s 3M","ty":"light_minor","ss":[["R",18.0,168.0,3.0]]}},{"type":"Feature","geometry":{"type":"Point","coordinates":[15.060941,44.152153]},"properties":{"nm":"Rt Sveti Petar","ref":"E 3151","ch":"Fl G 3s 3M","ty":"light_minor","ss":[["G",344.0,200.0,3.0]]}},{"type":"Feature","geometry":{"type":"Point","coordinates":[15.063242,44.158609]},"properties":{"nm":"Rt Sveti Petar","ref":"E 3150","ch":"Fl(2) G 5s 4M","ty":"light_minor","ss":[["G",20.0,302.0,4.0]]}},{"type":"Feature","geometry":{"type":"Point","coordinates":[15.370217,43.877185]},"properties":{"nm":"Hrid Galigolica","ref":"E 3116.4","ch":"Fl(2) R 10s 7M","ty":"light_minor","ss":[["R",155.0,325.0,7.0]]}},{"type":"Feature","geometry":{"type":"Point","coordinates":[15.405389,43.882361]},"properties":{"nm":"Otocic Kosara","ref":"E 3117","ch":"Fl W 5s 11M","ty":"light_minor","ar":[["W",11.0]]}},{"type":"Feature","geometry":{"type":"Point","coordinates":[15.279732,43.946662]},"properties":{"nm":"Otocic Balabra Vela","ref":"E 3116.2","ch":"Fl R 3s 5M","ty":"light_minor","ss":[["R",90.0,313.0,5.0]]}},{"type":"Feature","geometry":{"type":"Point","coordinates":[15.255368,43.945941]},"properties":{"nm":"Shoal","ref":"E 3116.3","ch":"Fl(2) W 10s 3M","ty":"beacon_isolated_danger","ar":[["W",3.0]]}},{"type":"Feature","geometry":{"type":"Point","coordinates":[15.042383,44.088627]},"properties":{"nm":"Plicina Beli","ref":"E 3121","ch":"Fl(2) W 8s 6M","ty":"light_minor","ss":[["W",326.0,267.0,6.0]]}},{"type":"Feature","geometry":{"type":"Point","coordinates":[15.024816,44.147098]},"properties":{"nm":"Otok Sestrunj","ref":"E 3108","ch":"Fl(4) W 15s 10M","ty":"light_minor","ss":[["W",101.0,323.0,10.0]]}},{"type":"Feature","geometry":{"type":"Point","coordinates":[15.057268,44.140885]},"properties":{"nm":"Rt Rivanjski","ref":"E 3107.5","ch":"Fl R 3s 4M","ty":"light_minor","ss":[["R",172.0,91.0,4.0]]}},{"type":"Feature","geometry":{"type":"Point","coordinates":[15.029615,44.15344]},"properties":{"nm":"E 3107.2","ref":"E 3107.2","ch":"Fl G 3s 4M","ty":"light_minor","ar":[["G",4.0]]}},{"type":"Feature","geometry":{"type":"Point","coordinates":[15.019481,44.166294]},"properties":{"nm":"Otok Rivanj","ref":"E 3107","ch":"Fl G 3s 4M","ty":"light_minor","ss":[["G",349.0,209.0,4.0]]}},{"type":"Feature","geometry":{"type":"Point","coordinates":[15.231192,43.915655]},"properties":{"nm":"Otocic Lavdara","ref":"E 3132.3","ch":"Fl W 5s 8M","ty":"light_minor","ar":[["W",8.0]]}},{"type":"Feature","geometry":{"type":"Point","coordinates":[15.194454,43.946396]},"properties":{"nm":"Otok Lavdara","ref":"E 3132","ch":"Fl W 3s 5M","ty":"light_minor","ss":[["W",5.0,276.0,5.0]]}},{"type":"Feature","geometry":{"type":"Point","coordinates":[15.152007,43.950435]},"properties":{"nm":"E 3127.4","ref":"E 3127.4","ch":"Fl R 3s 4M","ty":"light_minor","ar":[["R",4.0]]}},{"type":"Feature","geometry":{"type":"Point","coordinates":[15.169223,43.935506]},"properties":{"nm":"","ref":"","ch":"Fl(2) G 5s 3M","ty":"light_minor","ar":[["G",3.0]]}},{"type":"Feature","geometry":{"type":"Point","coordinates":[15.116624,43.971461]},"properties":{"nm":"Uvala Zmanscica","ref":"E 3124","ch":"Fl G 3s 4M","ty":"light_minor","ar":[["G",4.0]]}},{"type":"Feature","geometry":{"type":"Point","coordinates":[15.09059,44.001996]},"properties":{"nm":"Otocic Maslinovac","ref":"E 3119","ch":"Fl W 3s 4M","ty":"light_minor","ar":[["W",4.0]]}},{"type":"Feature","geometry":{"type":"Point","coordinates":[15.009369,44.073754]},"properties":{"nm":"Brbinj","ref":"E 3122","ch":"Fl W 3s 4M","ty":"light_minor","ar":[["W",4.0]]}},{"type":"Feature","geometry":{"type":"Point","coordinates":[14.995572,44.087533]},"properties":{"nm":"Rt Kamik","ref":"E 3121.5","ch":"Fl R 5s 3M","ty":"light_minor","ar":[["R",3.0]]}},{"type":"Feature","geometry":{"type":"Point","coordinates":[14.991727,44.089261]},"properties":{"nm":"Otocic Utra","ref":"E 3121.3","ch":"Fl(2) G 5s 4M","ty":"light_minor","ar":[["G",4.0]]}},{"type":"Feature","geometry":{"type":"Point","coordinates":[14.911558,44.141852]},"properties":{"nm":"Božava","ref":"E 3100","ch":"Fl G 3s 4M","ty":"light_minor","ar":[["G",4.0]]}},{"type":"Feature","geometry":{"type":"Point","coordinates":[15.210714,43.887901]},"properties":{"nm":"Rt Proversa","ref":"E 3132.8","ch":"Fl R 3s 3M","ty":"light_minor","ar":[["R",3.0]]}},{"type":"Feature","geometry":{"type":"Point","coordinates":[15.22604,43.896421]},"properties":{"nm":"Rt Cuska","ref":"E 3132.5","ch":"Fl R 5s 3M","ty":"light_minor","ss":[["R",180.0,28.0,3.0]]}},{"type":"Feature","geometry":{"type":"Point","coordinates":[15.201161,43.866763]},"properties":{"nm":"Rt Vidilica","ref":"E 3133.5","ch":"Fl R 5s 3M","ty":"light_minor","ss":[["R",180.0,355.0,3.0]]}},{"type":"Feature","geometry":{"type":"Point","coordinates":[15.209708,43.883577]},"properties":{"nm":"Hrid Skoljic","ref":"E 3133","ch":"Fl G 3s 3M","ty":"light_minor","ss":[["G",14.0,216.0,3.0]]}},{"type":"Feature","geometry":{"type":"Point","coordinates":[15.656057,43.661737]},"properties":{"nm":"","ref":"","ch":"Fl G 3s","ty":"light_minor","ar":[["G",null]]}},{"type":"Feature","geometry":{"type":"Point","coordinates":[15.009584,44.138354]},"properties":{"nm":"","ref":"","ch":"Fl G 3s","ty":"light_minor","ar":[["G",null]]}},{"type":"Feature","geometry":{"type":"Point","coordinates":[15.215414,44.123038]},"properties":{"nm":"","ref":"","ch":"Fl R 2s","ty":"buoy_lateral","ar":[["R",null]]}},{"type":"Feature","geometry":{"type":"Point","coordinates":[15.209198,44.128654]},"properties":{"nm":"","ref":"","ch":"Fl R 3s 4M","ty":"light_minor","ar":[["R",4.0]]}},{"type":"Feature","geometry":{"type":"Point","coordinates":[15.209775,44.128811]},"properties":{"nm":"","ref":"","ch":"Fl(2) G 5s 4M","ty":"light_minor","ar":[["G",4.0]]}},{"type":"Feature","geometry":{"type":"Point","coordinates":[12.657945,44.007844]},"properties":{"nm":"","ref":"","ch":"Iso R","ty":"beacon_lateral","ar":[["R",null]]}},{"type":"Feature","geometry":{"type":"Point","coordinates":[15.21626,43.888993]},"properties":{"nm":"","ref":"","ch":"Fl G 5s","ty":"buoy_lateral","ar":[["G",null]]}},{"type":"Feature","geometry":{"type":"Point","coordinates":[15.218908,43.88931]},"properties":{"nm":"","ref":"","ch":"Fl G 3s","ty":"buoy_lateral","ar":[["G",null]]}},{"type":"Feature","geometry":{"type":"Point","coordinates":[15.216587,43.889337]},"properties":{"nm":"","ref":"","ch":"Fl R 5s","ty":"buoy_lateral","ar":[["R",null]]}},{"type":"Feature","geometry":{"type":"Point","coordinates":[15.218441,43.889612]},"properties":{"nm":"","ref":"","ch":"Fl R 3s","ty":"buoy_lateral","ar":[["R",null]]}},{"type":"Feature","geometry":{"type":"Point","coordinates":[15.85228,43.720125]},"properties":{"nm":"Hrid Rocni","ref":"E 3250","ch":"Fl G 3s 3M","ty":"light_minor","ar":[["G",3.0]]}},{"type":"Feature","geometry":{"type":"Point","coordinates":[15.165919,43.937072]},"properties":{"nm":"","ref":"","ch":"F G","ty":"light_minor","ar":[["G",null]]}},{"type":"Feature","geometry":{"type":"Point","coordinates":[15.899571,43.686458]},"properties":{"nm":"Plicina Krapanj","ref":"E 3277","ch":"Fl R 2s 2M","ty":"light_minor","ss":[["R",80.0,313.0,2.0]]}},{"type":"Feature","geometry":{"type":"Point","coordinates":[16.585812,43.183783]},"properties":{"nm":"Stari Grad rt Fortin","ref":"E 3414","ch":"Fl G 2s 4M","ty":"light_minor","ar":[["G",4.0]]}},{"type":"Feature","geometry":{"type":"Point","coordinates":[15.195858,44.075065]},"properties":{"nm":"","ref":"","ch":"","ty":"lh"}},{"type":"Feature","geometry":{"type":"Point","coordinates":[16.192175,41.782501]},"properties":{"nm":"","ref":"","ch":"","ty":"lh"}},{"type":"Feature","geometry":{"type":"Point","coordinates":[15.002962,42.003298]},"properties":{"nm":"","ref":"","ch":"Fl Y 3s 5M","ty":"light_minor","ar":[["Y",5.0]]}},{"type":"Feature","geometry":{"type":"Point","coordinates":[15.477421,42.106497]},"properties":{"nm":"Punta del Diavolo","ref":"E 2294","ch":"Fl(3) W 10s 11M","ty":"light_minor","ss":[["W",300.0,175.0,11.0]]}},{"type":"Feature","geometry":{"type":"Point","coordinates":[16.179542,41.890025]},"properties":{"nm":"E 2288.3 (?)","ref":"E 2288.3 (?)","ch":"Fl G 3s 3M","ty":"light_minor","ar":[["G",3.0]]}},{"type":"Feature","geometry":{"type":"Point","coordinates":[16.181787,41.890664]},"properties":{"nm":"E 2288.2 (?)","ref":"E 2288.2 (?)","ch":"Fl R 3s 3M","ty":"light_minor","ar":[["R",3.0]]}},{"type":"Feature","geometry":{"type":"Point","coordinates":[15.003697,42.0029]},"properties":{"nm":"E 2305.2","ref":"E 2305.2","ch":"F R 3M","ty":"light_minor","ar":[["R",3.0]]}},{"type":"Feature","geometry":{"type":"Point","coordinates":[15.22208,44.114449]},"properties":{"nm":"","ref":"","ch":"","ty":"lh"}},{"type":"Feature","geometry":{"type":"Point","coordinates":[14.791102,42.068725]},"properties":{"nm":"","ref":"","ch":"F G","ty":"light_minor","ar":[["G",null]]}},{"type":"Feature","geometry":{"type":"Point","coordinates":[14.789014,42.069218]},"properties":{"nm":"","ref":"","ch":"F R","ty":"light_minor","ar":[["R",null]]}},{"type":"Feature","geometry":{"type":"Point","coordinates":[14.779683,42.071124]},"properties":{"nm":"","ref":"","ch":"F R","ty":"light_minor","ar":[["R",null]]}},{"type":"Feature","geometry":{"type":"Point","coordinates":[14.780285,42.071447]},"properties":{"nm":"","ref":"","ch":"F G","ty":"light_minor","ar":[["G",null]]}},{"type":"Feature","geometry":{"type":"Point","coordinates":[14.538078,42.238647]},"properties":{"nm":"","ref":"","ch":"G","ty":"light_minor","ar":[["G",null]]}},{"type":"Feature","geometry":{"type":"Point","coordinates":[14.538818,42.23874]},"properties":{"nm":"","ref":"","ch":"R","ty":"light_minor","ar":[["R",null]]}},{"type":"Feature","geometry":{"type":"Point","coordinates":[16.066974,43.006202]},"properties":{"nm":"Lighthouse Stupišće","ref":"","ch":"","ty":"lh"}},{"type":"Feature","geometry":{"type":"Point","coordinates":[15.667331,43.815416]},"properties":{"nm":"Pirovac","ref":"E 3214","ch":"Fl G 3s 3M","ty":"light_minor","ar":[["G",3.0]]}},{"type":"Feature","geometry":{"type":"Point","coordinates":[16.255711,42.392574]},"properties":{"nm":"Otok Palagruza (Cr)","ref":"E 3586","ch":"Fl W 17.5s 26M","ty":"light_major","ar":[["W",26.0]]}},{"type":"Feature","geometry":{"type":"Point","coordinates":[16.686622,43.437117]},"properties":{"nm":"","ref":"","ch":"","ty":"lh"}},{"type":"Feature","geometry":{"type":"Point","coordinates":[16.185167,43.061611]},"properties":{"nm":"","ref":"","ch":"Fl W 5s","ty":"light_minor","ar":[["W",null]]}},{"type":"Feature","geometry":{"type":"Point","coordinates":[16.437607,43.165633]},"properties":{"nm":"Galisnik","ref":"E 3406","ch":"Fl G 3s 5M","ty":"light_minor","ar":[["G",5.0]]}},{"type":"Feature","geometry":{"type":"Point","coordinates":[16.591489,43.184256]},"properties":{"nm":"Stari Grad rt Fortin luka","ref":"E 3415","ch":"Fl W 5s 2M","ty":"light_minor","ar":[["W",2.0]]}},{"type":"Feature","geometry":{"type":"Point","coordinates":[16.452665,43.156509]},"properties":{"nm":"Otocic Pokonji Dol","ref":"E 3410","ch":"Fl W 4s 10M","ty":"light_minor","ar":[["W",10.0]]}},{"type":"Feature","geometry":{"type":"Point","coordinates":[15.89164,41.933251]},"properties":{"nm":"","ref":"","ch":"G","ty":"lh","ar":[["G",null]]}},{"type":"Feature","geometry":{"type":"Point","coordinates":[15.890223,41.932866]},"properties":{"nm":"","ref":"","ch":"R","ty":"lh","ar":[["R",null]]}},{"type":"Feature","geometry":{"type":"Point","coordinates":[15.4955,43.86125]},"properties":{"nm":"","ref":"","ch":"Q(9) W 15s","ty":"buoy_cardinal","ar":[["W",null]]}},{"type":"Feature","geometry":{"type":"Point","coordinates":[16.441078,43.169654]},"properties":{"nm":"Luka Hvar Riva","ref":"E 3408","ch":"Fl(2) G 5s","ty":"beacon_lateral","ar":[["G",null]]}},{"type":"Feature","geometry":{"type":"Point","coordinates":[15.856064,43.807257]},"properties":{"nm":"","ref":"","ch":"Fl R 3s 3M","ty":"light_minor","ss":[["R",343.5,283.6,3.0]]}},{"type":"Feature","geometry":{"type":"Point","coordinates":[16.462918,43.297621]},"properties":{"nm":"","ref":"","ch":"W","ty":"light_minor","ar":[["W",null]]}},{"type":"Feature","geometry":{"type":"Point","coordinates":[16.453695,43.488692]},"properties":{"nm":"","ref":"","ch":"Fl Y 2s","ty":"buoy_special_purpose","ar":[["Y",null]]}},{"type":"Feature","geometry":{"type":"Point","coordinates":[16.446161,43.500377]},"properties":{"nm":"","ref":"","ch":"R","ty":"light_minor","ar":[["R",null]]}},{"type":"Feature","geometry":{"type":"Point","coordinates":[16.445416,43.501533]},"properties":{"nm":"","ref":"","ch":"R","ty":"light_minor","ar":[["R",null]]}},{"type":"Feature","geometry":{"type":"Point","coordinates":[15.896094,43.719042]},"properties":{"nm":"","ref":"","ch":"G","ty":"light_minor","ar":[["G",null]]}},{"type":"Feature","geometry":{"type":"Point","coordinates":[15.894154,43.721295]},"properties":{"nm":"","ref":"","ch":"R","ty":"light_minor","ar":[["R",null]]}},{"type":"Feature","geometry":{"type":"Point","coordinates":[16.204435,43.3979]},"properties":{"nm":"","ref":"","ch":"Fl G 2s","ty":"light_minor","ar":[["G",null]]}},{"type":"Feature","geometry":{"type":"Point","coordinates":[16.709908,42.959807]},"properties":{"nm":"","ref":"","ch":"W","ty":"light_minor","ar":[["W",null]]}},{"type":"Feature","geometry":{"type":"Point","coordinates":[16.549403,43.388409]},"properties":{"nm":"","ref":"","ch":"G","ty":"beacon_lateral","ar":[["G",null]]}},{"type":"Feature","geometry":{"type":"Point","coordinates":[16.873293,43.280842]},"properties":{"nm":"","ref":"","ch":"","ty":"lh"}},{"type":"Feature","geometry":{"type":"Point","coordinates":[14.820201,44.152051]},"properties":{"nm":"Rt Veli Rat","ref":"E 3098","ch":"Fl(2) W 20s 22M","ty":"light_major","ar":[["W",22.0]]}},{"type":"Feature","geometry":{"type":"Point","coordinates":[16.627073,43.37823]},"properties":{"nm":"Postire","ref":"E 3370","ch":"Fl R 2s 3M","ty":"light_minor","ss":[["R",326.0,259.0,3.0]]}},{"type":"Feature","geometry":{"type":"Point","coordinates":[16.626602,43.377584]},"properties":{"nm":"","ref":"","ch":"G","ty":"light_minor","ar":[["G",null]]}},{"type":"Feature","geometry":{"type":"Point","coordinates":[15.902592,43.648511]},"properties":{"nm":"Rt Ostrica Vela","ref":"E 3280","ch":"Fl G 2s 3M","ty":"light_minor","ar":[["G",3.0]]}},{"type":"Feature","geometry":{"type":"Point","coordinates":[16.421242,43.515733]},"properties":{"nm":"Luka Poljud W","ref":"E 3330","ch":"F G 3M","ty":"light_minor","ar":[["G",3.0]]}},{"type":"Feature","geometry":{"type":"Point","coordinates":[16.254287,43.516972]},"properties":{"nm":"","ref":"","ch":"Fl G","ty":"buoy_lateral","ar":[["G",null]]}},{"type":"Feature","geometry":{"type":"Point","coordinates":[16.871137,43.284872]},"properties":{"nm":"","ref":"","ch":"Fl(3) W","ty":"light_minor","ar":[["W",null]]}},{"type":"Feature","geometry":{"type":"Point","coordinates":[16.871679,43.285454]},"properties":{"nm":"","ref":"","ch":"G","ty":"beacon_lateral","ar":[["G",null]]}},{"type":"Feature","geometry":{"type":"Point","coordinates":[16.443182,43.500886]},"properties":{"nm":"Pomorac","ref":"563 / E3348,2","ch":"Fl(2) W 20s 10M","ty":"light_major","ar":[["W",10.0]]}},{"type":"Feature","geometry":{"type":"Point","coordinates":[16.421513,43.515831]},"properties":{"nm":"Luka Poljud E","ref":"E 3329","ch":"F R 3M","ty":"light_minor","ar":[["R",3.0]]}},{"type":"Feature","geometry":{"type":"Point","coordinates":[12.751136,43.968967]},"properties":{"nm":"Cattolica","ref":"E 2381","ch":"Mo(O) W 14s 15M","ty":"light_major","ar":[["W",15.0]]}},{"type":"Feature","geometry":{"type":"Point","coordinates":[16.857867,42.904974]},"properties":{"nm":"","ref":"","ch":"","ty":"beacon_lateral"}},{"type":"Feature","geometry":{"type":"Point","coordinates":[15.779379,43.75485]},"properties":{"nm":"","ref":"","ch":"Fl W 5s","ty":"beacon_isolated_danger","ar":[["W",null]]}},{"type":"Feature","geometry":{"type":"Point","coordinates":[13.735325,43.315469]},"properties":{"nm":"E 2338","ref":"E 2338","ch":"Fl R 5s 8M","ty":"light_minor","ar":[["R",8.0]]}},{"type":"Feature","geometry":{"type":"Point","coordinates":[15.388428,43.896347]},"properties":{"nm":"","ref":"","ch":"Fl Y 2s 2M","ty":"buoy_special_purpose","ar":[["Y",2.0]]}},{"type":"Feature","geometry":{"type":"Point","coordinates":[15.171581,44.096561]},"properties":{"nm":"","ref":"","ch":"Fl G 3s","ty":"light_minor","ar":[["G",null]]}},{"type":"Feature","geometry":{"type":"Point","coordinates":[16.244525,43.513743]},"properties":{"nm":"","ref":"","ch":"Fl R 2s 2M","ty":"beacon_lateral","ar":[["R",2.0]]}},{"type":"Feature","geometry":{"type":"Point","coordinates":[16.392053,43.488546]},"properties":{"nm":"","ref":"","ch":"","ty":"lh"}},{"type":"Feature","geometry":{"type":"Point","coordinates":[14.970822,42.202886]},"properties":{"nm":"RSMA","ref":"","ch":"Mo(U) W 15s 6M","ty":"platform","ar":[["W",6.0]]}},{"type":"Feature","geometry":{"type":"Point","coordinates":[14.970829,42.202894]},"properties":{"nm":"","ref":"","ch":"F R 3M","ty":"light_minor","ar":[["R",3.0]]}},{"type":"Feature","geometry":{"type":"Point","coordinates":[14.9467,42.2125]},"properties":{"nm":"RSMB","ref":"E7403","ch":"Mo(U) W 15s 6M","ty":"platform","ar":[["W",6.0]]}},{"type":"Feature","geometry":{"type":"Point","coordinates":[14.925333,42.234833]},"properties":{"nm":"RSMC","ref":"","ch":"Mo(U) W 15s 5M","ty":"platform","ar":[["W",5.0]]}},{"type":"Feature","geometry":{"type":"Point","coordinates":[14.674646,42.208595]},"properties":{"nm":"SSM 4","ref":"","ch":"Mo(U) W 5M","ty":"platform","ar":[["W",5.0]]}},{"type":"Feature","geometry":{"type":"Point","coordinates":[14.636164,42.216082]},"properties":{"nm":"SSM 8 bis","ref":"","ch":"Mo(U) W 15s 5M","ty":"platform","ar":[["W",5.0]]}},{"type":"Feature","geometry":{"type":"Point","coordinates":[14.63622,42.216082]},"properties":{"nm":"","ref":"","ch":"F R 3M","ty":"light_minor","ar":[["R",3.0]]}},{"type":"Feature","geometry":{"type":"Point","coordinates":[14.610226,42.219818]},"properties":{"nm":"SSM 3-7","ref":"","ch":"Mo(U) W 15s 5M","ty":"platform","ar":[["W",5.0]]}},{"type":"Feature","geometry":{"type":"Point","coordinates":[14.606705,42.229188]},"properties":{"nm":"SSM 101","ref":"","ch":"Mo(U) W 15s 5M","ty":"platform","ar":[["W",5.0]]}},{"type":"Feature","geometry":{"type":"Point","coordinates":[13.22085,43.719924]},"properties":{"nm":"Faro di Senigallia","ref":"E 2358","ch":"LFl(2) W 15s 15M","ty":"light_major","ar":[["W",15.0]]}},{"type":"Feature","geometry":{"type":"Point","coordinates":[12.881784,43.923165]},"properties":{"nm":"Monte di San Bartolo","ref":"E 2372","ch":"Fl W 15s 25M","ty":"light_major","ar":[["W",25.0]]}},{"type":"Feature","geometry":{"type":"Point","coordinates":[15.503553,43.857735]},"properties":{"nm":"Vrgada","ref":"E 3197","ch":"Fl(2) R 5s 3M","ty":"light_minor","ss":[["R",343.0,155.0,3.0],["R",183.0,290.0,3.0]]}},{"type":"Feature","geometry":{"type":"Point","coordinates":[15.261625,44.087586]},"properties":{"nm":"","ref":"","ch":"Fl Y 3s 5M","ty":"buoy_special_purpose","ar":[["Y",5.0]]}},{"type":"Feature","geometry":{"type":"Point","coordinates":[15.254185,44.088618]},"properties":{"nm":"","ref":"","ch":"Fl Y 3s 2M","ty":"buoy_special_purpose","ar":[["Y",2.0]]}},{"type":"Feature","geometry":{"type":"Point","coordinates":[15.260832,44.088995]},"properties":{"nm":"","ref":"","ch":"Fl(2) R 4s 2M","ty":"buoy_lateral","ar":[["R",2.0]]}},{"type":"Feature","geometry":{"type":"Point","coordinates":[15.252138,44.092428]},"properties":{"nm":"","ref":"","ch":"Fl(2) R 5s 6M","ty":"light_major","ar":[["R",6.0]]}},{"type":"Feature","geometry":{"type":"Point","coordinates":[15.253863,44.092514]},"properties":{"nm":"","ref":"","ch":"Fl(2) G 4s 2M","ty":"buoy_lateral","ar":[["G",2.0]]}},{"type":"Feature","geometry":{"type":"Point","coordinates":[15.253919,44.094179]},"properties":{"nm":"","ref":"","ch":"Fl Y 3s 2M","ty":"buoy_special_purpose","ar":[["Y",2.0]]}},{"type":"Feature","geometry":{"type":"Point","coordinates":[16.193725,43.500976]},"properties":{"nm":"Hrid Celice","ref":"E 3302","ch":"Fl(3) W 10s 6M","ty":"light_minor","ar":[["W",6.0]]}},{"type":"Feature","geometry":{"type":"Point","coordinates":[16.241964,43.513587]},"properties":{"nm":"","ref":"","ch":"Fl R 2s 2M","ty":"beacon_lateral","ar":[["R",2.0]]}},{"type":"Feature","geometry":{"type":"Point","coordinates":[16.24152,43.514534]},"properties":{"nm":"","ref":"","ch":"Fl R 2s 2M","ty":"buoy_lateral","ar":[["R",2.0]]}},{"type":"Feature","geometry":{"type":"Point","coordinates":[16.239077,43.514583]},"properties":{"nm":"","ref":"","ch":"R","ty":"buoy_lateral","ar":[["R",null]]}},{"type":"Feature","geometry":{"type":"Point","coordinates":[16.236848,43.515304]},"properties":{"nm":"","ref":"","ch":"Fl(3) G","ty":"light_minor","ar":[["G",null]]}},{"type":"Feature","geometry":{"type":"Point","coordinates":[15.508085,43.840092]},"properties":{"nm":"","ref":"","ch":"Y","ty":"buoy_special_purpose","ar":[["Y",null]]}},{"type":"Feature","geometry":{"type":"Point","coordinates":[15.507095,43.84059]},"properties":{"nm":"","ref":"","ch":"Y","ty":"buoy_special_purpose","ar":[["Y",null]]}},{"type":"Feature","geometry":{"type":"Point","coordinates":[15.510119,43.842196]},"properties":{"nm":"","ref":"","ch":"Y","ty":"buoy_special_purpose","ar":[["Y",null]]}},{"type":"Feature","geometry":{"type":"Point","coordinates":[15.509129,43.842694]},"properties":{"nm":"","ref":"","ch":"Y","ty":"buoy_special_purpose","ar":[["Y",null]]}},{"type":"Feature","geometry":{"type":"Point","coordinates":[15.520616,43.842807]},"properties":{"nm":"","ref":"","ch":"Y","ty":"buoy_special_purpose","ar":[["Y",null]]}},{"type":"Feature","geometry":{"type":"Point","coordinates":[15.521014,43.843574]},"properties":{"nm":"","ref":"","ch":"Y","ty":"buoy_special_purpose","ar":[["Y",null]]}},{"type":"Feature","geometry":{"type":"Point","coordinates":[15.515937,43.843995]},"properties":{"nm":"","ref":"","ch":"Y","ty":"buoy_special_purpose","ar":[["Y",null]]}},{"type":"Feature","geometry":{"type":"Point","coordinates":[15.516285,43.84487]},"properties":{"nm":"","ref":"","ch":"Y","ty":"buoy_special_purpose","ar":[["Y",null]]}},{"type":"Feature","geometry":{"type":"Point","coordinates":[15.509559,43.837708]},"properties":{"nm":"","ref":"","ch":"Y","ty":"buoy_special_purpose","ar":[["Y",null]]}},{"type":"Feature","geometry":{"type":"Point","coordinates":[15.508376,43.837881]},"properties":{"nm":"","ref":"","ch":"Y","ty":"buoy_special_purpose","ar":[["Y",null]]}},{"type":"Feature","geometry":{"type":"Point","coordinates":[15.510265,43.840222]},"properties":{"nm":"","ref":"","ch":"Y","ty":"buoy_special_purpose","ar":[["Y",null]]}},{"type":"Feature","geometry":{"type":"Point","coordinates":[15.509082,43.840395]},"properties":{"nm":"","ref":"","ch":"Y","ty":"buoy_special_purpose","ar":[["Y",null]]}},{"type":"Feature","geometry":{"type":"Point","coordinates":[12.474515,44.145495]},"properties":{"nm":"","ref":"","ch":"","ty":"lh"}},{"type":"Feature","geometry":{"type":"Point","coordinates":[16.436223,43.501133]},"properties":{"nm":"E 3349","ref":"E 3349","ch":"LFl G 6s 10M","ty":"light_minor","ss":[["G",285.0,252.0,10.0]]}},{"type":"Feature","geometry":{"type":"Point","coordinates":[16.552884,43.385361]},"properties":{"nm":"","ref":"","ch":"W","ty":"light_minor","ar":[["W",null]]}},{"type":"Feature","geometry":{"type":"Point","coordinates":[15.058317,44.089433]},"properties":{"nm":"","ref":"","ch":"Fl(2) W 6s 3M","ty":"beacon_isolated_danger","ar":[["W",3.0]]}},{"type":"Feature","geometry":{"type":"Point","coordinates":[15.436485,43.880388]},"properties":{"nm":"Otocic Zizanj","ref":"E 3118","ch":"Q(3) W 10s 3M","ty":"beacon_cardinal","ar":[["W",3.0]]}},{"type":"Feature","geometry":{"type":"Point","coordinates":[15.610156,43.784486]},"properties":{"nm":"","ref":"","ch":"Fl Y 2s 3M","ty":"buoy_special_purpose","ar":[["Y",3.0]]}},{"type":"Feature","geometry":{"type":"Point","coordinates":[15.560528,43.816886]},"properties":{"nm":"","ref":"","ch":"Fl Y 2s 3M","ty":"buoy_special_purpose","ar":[["Y",3.0]]}},{"type":"Feature","geometry":{"type":"Point","coordinates":[15.35692,43.977285]},"properties":{"nm":"Skoljic","ref":"","ch":"Fl(3) W 8s 4M","ty":"light_major","ar":[["W",4.0]]}},{"type":"Feature","geometry":{"type":"Point","coordinates":[15.423127,43.960505]},"properties":{"nm":"","ref":"","ch":"Fl(3) G 6s","ty":"light_minor","ar":[["G",null]]}},{"type":"Feature","geometry":{"type":"Point","coordinates":[15.848615,43.714899]},"properties":{"nm":"","ref":"","ch":"Fl(3) R 10s 3M","ty":"buoy_lateral","ar":[["R",null]]}},{"type":"Feature","geometry":{"type":"Point","coordinates":[15.802151,43.714501]},"properties":{"nm":"Hr Galijola","ref":"","ch":"Fl(1) W","ty":"buoy_isolated_danger","ar":[["W",null]]}},{"type":"Feature","geometry":{"type":"Point","coordinates":[12.570644,44.078952]},"properties":{"nm":"","ref":"","ch":"","ty":"lh"}},{"type":"Feature","geometry":{"type":"Point","coordinates":[17.017739,43.292164]},"properties":{"nm":"","ref":"","ch":"","ty":"lh"}},{"type":"Feature","geometry":{"type":"Point","coordinates":[16.701318,42.897567]},"properties":{"nm":"Otočić Lukovac","ref":"E 3461","ch":"Fl(4) W 12s 7M","ty":"light_minor","ss":[["W",274.0,120.0,7.0]]}},{"type":"Feature","geometry":{"type":"Point","coordinates":[16.191074,43.431779]},"properties":{"nm":"","ref":"","ch":"Fl(2) W 5s 3M","ty":"beacon_isolated_danger","ar":[["W",3.0]]}},{"type":"Feature","geometry":{"type":"Point","coordinates":[15.183329,43.94742]},"properties":{"nm":"Shoal","ref":"E 3116.3","ch":"Fl(2) W 5s 2M","ty":"beacon_isolated_danger","ar":[["W",2.0]]}},{"type":"Feature","geometry":{"type":"Point","coordinates":[15.174589,43.958968]},"properties":{"nm":"Danger","ref":"","ch":"Fl W 1s 2M","ty":"beacon_cardinal","ar":[["W",2.0]]}},{"type":"Feature","geometry":{"type":"Point","coordinates":[15.280274,44.012187]},"properties":{"nm":"","ref":"","ch":"Fl R 3s 3M","ty":"light_minor","ss":[["R",327.0,243.0,3.0]]}},{"type":"Feature","geometry":{"type":"Point","coordinates":[15.113537,43.985849]},"properties":{"nm":"","ref":"","ch":"Fl Y 2M","ty":"buoy_special_purpose","ar":[["Y",2.0]]}},{"type":"Feature","geometry":{"type":"Point","coordinates":[15.118198,43.989336]},"properties":{"nm":"","ref":"","ch":"Fl Y 2M","ty":"buoy_special_purpose","ar":[["Y",2.0]]}},{"type":"Feature","geometry":{"type":"Point","coordinates":[15.110944,43.991567]},"properties":{"nm":"","ref":"","ch":"Fl Y 2M","ty":"buoy_special_purpose","ar":[["Y",2.0]]}},{"type":"Feature","geometry":{"type":"Point","coordinates":[15.10904,43.988691]},"properties":{"nm":"","ref":"","ch":"Fl Y 2M","ty":"buoy_special_purpose","ar":[["Y",2.0]]}},{"type":"Feature","geometry":{"type":"Point","coordinates":[15.25633,44.016963]},"properties":{"nm":"","ref":"","ch":"Fl(2) G 4s 3M","ty":"buoy_lateral","ar":[["G",3.0]]}},{"type":"Feature","geometry":{"type":"Point","coordinates":[15.251641,44.014365]},"properties":{"nm":"","ref":"","ch":"Fl(2) G 2s 2M","ty":"light_minor","ar":[["G",2.0]]}},{"type":"Feature","geometry":{"type":"Point","coordinates":[15.251024,44.014465]},"properties":{"nm":"","ref":"","ch":"Fl(2) R 2s 3M","ty":"light_minor","ar":[["R",3.0]]}},{"type":"Feature","geometry":{"type":"Point","coordinates":[15.306825,44.047649]},"properties":{"nm":"","ref":"","ch":"Fl W 9s 2M","ty":"light_minor","ss":[["W",62.0,82.0,2.0]]}},{"type":"Feature","geometry":{"type":"Point","coordinates":[15.257703,44.019407]},"properties":{"nm":"","ref":"","ch":"Fl W 3s 2M","ty":"light_minor","ar":[["W",2.0]]}},{"type":"Feature","geometry":{"type":"Point","coordinates":[15.4188,43.924556]},"properties":{"nm":"","ref":"","ch":"Fl(3) W 8s","ty":"light_minor","ar":[["W",null]]}},{"type":"Feature","geometry":{"type":"Point","coordinates":[15.096921,43.992961]},"properties":{"nm":"","ref":"","ch":"Fl(2) W 4s 2M","ty":"beacon_isolated_danger","ar":[["W",2.0]]}},{"type":"Feature","geometry":{"type":"Point","coordinates":[16.325213,43.17617]},"properties":{"nm":"","ref":"","ch":"","ty":"light_minor"}},{"type":"Feature","geometry":{"type":"Point","coordinates":[15.890098,43.688481]},"properties":{"nm":"Plic","ref":"","ch":"Q(3) W 10s 2M","ty":"buoy_cardinal","ar":[["W",2.0]]}},{"type":"Feature","geometry":{"type":"Point","coordinates":[15.273314,43.935488]},"properties":{"nm":"","ref":"","ch":"Fl Y 2M","ty":"buoy_special_purpose","ar":[["Y",2.0]]}},{"type":"Feature","geometry":{"type":"Point","coordinates":[15.272133,43.933096]},"properties":{"nm":"","ref":"","ch":"Fl Y 2M","ty":"buoy_special_purpose","ar":[["Y",2.0]]}},{"type":"Feature","geometry":{"type":"Point","coordinates":[15.266635,43.93458]},"properties":{"nm":"","ref":"","ch":"Fl Y 2M","ty":"buoy_special_purpose","ar":[["Y",2.0]]}},{"type":"Feature","geometry":{"type":"Point","coordinates":[15.267681,43.93684]},"properties":{"nm":"","ref":"","ch":"Fl Y 2M","ty":"buoy_special_purpose","ar":[["Y",2.0]]}},{"type":"Feature","geometry":{"type":"Point","coordinates":[16.421659,43.502167]},"properties":{"nm":"","ref":"","ch":"R","ty":"light_minor","ar":[["R",null]]}},{"type":"Feature","geometry":{"type":"Point","coordinates":[15.971435,43.519965]},"properties":{"nm":"","ref":"","ch":"Fl(2) R 4s","ty":"light_minor","ar":[["R",null]]}},{"type":"Feature","geometry":{"type":"Point","coordinates":[17.137815,42.957724]},"properties":{"nm":"","ref":"","ch":"Fl G 4.5s","ty":"light_minor","ar":[["G",null]]}},{"type":"Feature","geometry":{"type":"Point","coordinates":[15.225,43.943333]},"properties":{"nm":"","ref":"","ch":"Fl Y 2M","ty":"buoy_special_purpose","ar":[["Y",2.0]]}},{"type":"Feature","geometry":{"type":"Point","coordinates":[15.23,43.953333]},"properties":{"nm":"","ref":"","ch":"Fl Y 2M","ty":"buoy_special_purpose","ar":[["Y",2.0]]}},{"type":"Feature","geometry":{"type":"Point","coordinates":[15.23,43.961667]},"properties":{"nm":"","ref":"","ch":"Fl Y 2M","ty":"buoy_special_purpose","ar":[["Y",2.0]]}},{"type":"Feature","geometry":{"type":"Point","coordinates":[15.223333,43.965]},"properties":{"nm":"","ref":"","ch":"Fl Y 2M","ty":"buoy_special_purpose","ar":[["Y",2.0]]}},{"type":"Feature","geometry":{"type":"Point","coordinates":[15.208333,43.953333]},"properties":{"nm":"","ref":"","ch":"Fl Y 2M","ty":"buoy_special_purpose","ar":[["Y",2.0]]}},{"type":"Feature","geometry":{"type":"Point","coordinates":[14.951565,44.135713]},"properties":{"nm":"","ref":"","ch":"Fl W 5s 4M","ty":"beacon_special_purpose","ar":[["W",4.0]]}},{"type":"Feature","geometry":{"type":"Point","coordinates":[15.510226,43.903852]},"properties":{"nm":"Grafulin","ref":"","ch":"Fl(2) R 4s 3M","ty":"light_minor","ss":[["R",100.0,30.0,3.0]]}},{"type":"Feature","geometry":{"type":"Point","coordinates":[15.506284,43.903035]},"properties":{"nm":"","ref":"","ch":"Fl Y 2s 4M","ty":"light_minor","ar":[["Y",4.0]]}},{"type":"Feature","geometry":{"type":"Point","coordinates":[16.689787,43.17715]},"properties":{"nm":"","ref":"","ch":"Fl Y 2s","ty":"buoy_special_purpose","ar":[["Y",null]]}},{"type":"Feature","geometry":{"type":"Point","coordinates":[15.84299,43.774158]},"properties":{"nm":"","ref":"","ch":"Fl G 2s","ty":"light_minor","ar":[["G",null]]}},{"type":"Feature","geometry":{"type":"Point","coordinates":[15.907169,43.805673]},"properties":{"nm":"","ref":"","ch":"Fl G","ty":"buoy_lateral","ar":[["G",null]]}},{"type":"Feature","geometry":{"type":"Point","coordinates":[15.920977,43.81391]},"properties":{"nm":"","ref":"","ch":"Fl G","ty":"buoy_lateral","ar":[["G",null]]}},{"type":"Feature","geometry":{"type":"Point","coordinates":[16.244759,43.514483]},"properties":{"nm":"","ref":"","ch":"Fl R 2s 2M","ty":"buoy_lateral","ar":[["R",2.0]]}},{"type":"Feature","geometry":{"type":"Point","coordinates":[16.246365,43.514744]},"properties":{"nm":"","ref":"","ch":"Fl R 2s 2M","ty":"buoy_lateral","ar":[["R",2.0]]}},{"type":"Feature","geometry":{"type":"Point","coordinates":[16.227754,43.516581]},"properties":{"nm":"","ref":"","ch":"Fl(3) R 6s 3M","ty":"beacon_lateral","ar":[["R",3.0]]}},{"type":"Feature","geometry":{"type":"Point","coordinates":[15.224481,44.118952]},"properties":{"nm":"Zadar","ref":"E 3144","ch":"Fl R 3s 4M","ty":"light_minor","ar":[["R",4.0]]}},{"type":"Feature","geometry":{"type":"Point","coordinates":[16.695588,43.162104]},"properties":{"nm":"Luka Jelsa S Pier Head","ref":"E 3430","ch":"Fl R 4s","ty":"light_minor","ar":[["R",null]]}},{"type":"Feature","geometry":{"type":"Point","coordinates":[15.216676,44.068332]},"properties":{"nm":"Y","ref":"","ch":"Fl Y 2s","ty":"buoy_special_purpose","ar":[["Y",null]]}},{"type":"Feature","geometry":{"type":"Point","coordinates":[14.876333,44.123833]},"properties":{"nm":"R","ref":"","ch":"Fl R 5s 3M","ty":"beacon_lateral","ar":[["R",3.0]]}},{"type":"Feature","geometry":{"type":"Point","coordinates":[16.4825,43.288333]},"properties":{"nm":"","ref":"","ch":"Fl(1) G","ty":"beacon_special_purpose","ar":[["G",null]]}},{"type":"Feature","geometry":{"type":"Point","coordinates":[14.305,42.533333]},"properties":{"nm":"","ref":"","ch":"Fl Y","ty":"buoy_special_purpose","ar":[["Y",null]]}},{"type":"Feature","geometry":{"type":"Point","coordinates":[16.710979,42.960273]},"properties":{"nm":"","ref":"","ch":"R","ty":"light_minor","ar":[["R",null]]}},{"type":"Feature","geometry":{"type":"Point","coordinates":[13.751667,43.405833]},"properties":{"nm":"","ref":"","ch":"Fl(5) Y 20s","ty":"buoy_special_purpose","ar":[["Y",null]]}},{"type":"Feature","geometry":{"type":"Point","coordinates":[17.019714,42.974033]},"properties":{"nm":"","ref":"","ch":"","ty":"light_minor"}},{"type":"Feature","geometry":{"type":"Point","coordinates":[16.414123,43.519334]},"properties":{"nm":"Zelena điga","ref":"","ch":"Fl(2) W","ty":"beacon_isolated_danger","ar":[["W",null]]}},{"type":"Feature","geometry":{"type":"Point","coordinates":[17.021309,43.025234]},"properties":{"nm":"","ref":"","ch":"","ty":"lh"}},{"type":"Feature","geometry":{"type":"Point","coordinates":[17.007016,43.007437]},"properties":{"nm":"","ref":"","ch":"","ty":"lh"}},{"type":"Feature","geometry":{"type":"Point","coordinates":[16.877937,42.775306]},"properties":{"nm":"","ref":"","ch":"","ty":"harbour"}},{"type":"Feature","geometry":{"type":"Point","coordinates":[16.886066,42.73025]},"properties":{"nm":"","ref":"","ch":"","ty":"lh"}},{"type":"Feature","geometry":{"type":"Point","coordinates":[15.971497,43.51455]},"properties":{"nm":"","ref":"","ch":"VQ(9) W 10s","ty":"beacon_cardinal","ar":[["W",null]]}},{"type":"Feature","geometry":{"type":"Point","coordinates":[16.824581,42.7461]},"properties":{"nm":"","ref":"","ch":"","ty":"lh"}},{"type":"Feature","geometry":{"type":"Point","coordinates":[15.254843,44.089005]},"properties":{"nm":"","ref":"","ch":"Iso W 2s 8M","ty":"light_minor","ar":[["W",8.0]]}},{"type":"Feature","geometry":{"type":"Point","coordinates":[15.665188,43.815376]},"properties":{"nm":"","ref":"","ch":"Fl R","ty":"beacon_lateral","ar":[["R",null]]}},{"type":"Feature","geometry":{"type":"Point","coordinates":[15.665638,43.815102]},"properties":{"nm":"","ref":"","ch":"Fl G","ty":"beacon_lateral","ar":[["G",null]]}},{"type":"Feature","geometry":{"type":"Point","coordinates":[12.574428,44.081687]},"properties":{"nm":"","ref":"","ch":"","ty":"lh"}},{"type":"Feature","geometry":{"type":"Point","coordinates":[15.112637,44.051781]},"properties":{"nm":"Iz Veli","ref":"E 3110","ch":"Fl R 2s 4M","ty":"light_minor","ar":[["R",4.0]]}},{"type":"Feature","geometry":{"type":"Point","coordinates":[15.501678,42.118856]},"properties":{"nm":"","ref":"","ch":"","ty":"lh"}},{"type":"Feature","geometry":{"type":"Point","coordinates":[15.477288,42.106461]},"properties":{"nm":"","ref":"","ch":"","ty":"lh"}},{"type":"Feature","geometry":{"type":"Point","coordinates":[15.477411,42.105881]},"properties":{"nm":"","ref":"","ch":"","ty":"lh"}},{"type":"Feature","geometry":{"type":"Point","coordinates":[12.473316,44.144427]},"properties":{"nm":"","ref":"","ch":"","ty":"lh"}},{"type":"Feature","geometry":{"type":"Point","coordinates":[15.009698,44.073986]},"properties":{"nm":"Rt Koromasnac Dom","ref":"","ch":"","ty":"lh"}},{"type":"Feature","geometry":{"type":"Point","coordinates":[15.833476,43.699716]},"properties":{"nm":"","ref":"","ch":"","ty":"light_minor"}},{"type":"Feature","geometry":{"type":"Point","coordinates":[16.677828,42.962325]},"properties":{"nm":"","ref":"","ch":"G","ty":"light_minor","ar":[["G",null]]}},{"type":"Feature","geometry":{"type":"Point","coordinates":[17.016402,43.292196]},"properties":{"nm":"","ref":"","ch":"","ty":"lh"}},{"type":"Feature","geometry":{"type":"Point","coordinates":[13.480377,43.611437]},"properties":{"nm":"","ref":"","ch":"","ty":"lh"}},{"type":"Feature","geometry":{"type":"Point","coordinates":[13.481644,43.61049]},"properties":{"nm":"","ref":"","ch":"","ty":"lh"}},{"type":"Feature","geometry":{"type":"Point","coordinates":[16.008743,41.949351]},"properties":{"nm":"Inner Breakwater","ref":"E2289.1","ch":"Fl R","ty":"beacon_lateral","ar":[["R",null]]}},{"type":"Feature","geometry":{"type":"Point","coordinates":[17.068643,42.98378]},"properties":{"nm":"","ref":"","ch":"","ty":"lh"}},{"type":"Feature","geometry":{"type":"Point","coordinates":[15.662421,43.815637]},"properties":{"nm":"Marina Pirovac","ref":"","ch":"Fl(3) R 8s 8M","ty":"light_minor","ar":[["R",8.0]]}},{"type":"Feature","geometry":{"type":"Point","coordinates":[15.5875,43.827222]},"properties":{"nm":"","ref":"","ch":"Fl R","ty":"buoy_lateral","ar":[["R",null]]}},{"type":"Feature","geometry":{"type":"Point","coordinates":[15.586389,43.826944]},"properties":{"nm":"","ref":"","ch":"Fl R","ty":"buoy_lateral","ar":[["R",null]]}},{"type":"Feature","geometry":{"type":"Point","coordinates":[12.719211,43.97325]},"properties":{"nm":"","ref":"","ch":"","ty":"lh"}},{"type":"Feature","geometry":{"type":"Point","coordinates":[15.901103,43.685535]},"properties":{"nm":"E 3277.2","ref":"E 3277.2","ch":"Fl R 2s 2M","ty":"light_minor","ss":[["R",77.0,316.0,2.0]]}},{"type":"Feature","geometry":{"type":"Point","coordinates":[15.9005,43.721833]},"properties":{"nm":"E 3265.65","ref":"E 3265.65","ch":"Fl(2) G 5s 3M","ty":"light_minor","ar":[["G",3.0]]}},{"type":"Feature","geometry":{"type":"Point","coordinates":[15.89919,43.68503]},"properties":{"nm":"E 3277.1","ref":"E 3277.1","ch":"Fl R 2s 2M","ty":"light_minor","ss":[["R",22.0,250.0,2.0]]}},{"type":"Feature","geometry":{"type":"Point","coordinates":[14.423834,42.348796]},"properties":{"nm":"","ref":"","ch":"","ty":"lh"}},{"type":"Feature","geometry":{"type":"Point","coordinates":[14.423762,42.351124]},"properties":{"nm":"","ref":"","ch":"","ty":"lh"}},{"type":"Feature","geometry":{"type":"Point","coordinates":[17.452272,42.891138]},"properties":{"nm":"Zuljana","ref":"E 3558","ch":"Fl G 3s 4M","ty":"light_minor","ss":[["G",78.0,15.0,4.0]]}},{"type":"Feature","geometry":{"type":"Point","coordinates":[17.990716,40.657758]},"properties":{"nm":"Le Pedagne","ref":"E 2196","ch":"Fl(2) R 6s 8M","ty":"light_minor","ss":[["R",349.0,252.0,8.0]]}},{"type":"Feature","geometry":{"type":"Point","coordinates":[18.047898,42.65157]},"properties":{"nm":"Svjetionik Hridi Grebeni","ref":"","ch":"","ty":"lh"}},{"type":"Feature","geometry":{"type":"Point","coordinates":[18.677939,42.415866]},"properties":{"nm":"","ref":"","ch":"","ty":"lh"}},{"type":"Feature","geometry":{"type":"Point","coordinates":[19.149734,41.952642]},"properties":{"nm":"E 3696","ref":"E 3696","ch":"LFl W 10s W 11MM","ty":"lh","ar":[["W",null]]}},{"type":"Feature","geometry":{"type":"Point","coordinates":[17.951051,42.646389]},"properties":{"nm":"Svjetionik Sveti Andrija","ref":"","ch":"","ty":"lh"}},{"type":"Feature","geometry":{"type":"Point","coordinates":[18.531201,42.39286]},"properties":{"nm":"","ref":"","ch":"","ty":"lh"}},{"type":"Feature","geometry":{"type":"Point","coordinates":[17.996401,40.66291]},"properties":{"nm":"E 2198","ref":"E 2198","ch":"Fl(2) G 10s 5M","ty":"light_minor","ar":[["G",5.0]]}},{"type":"Feature","geometry":{"type":"Point","coordinates":[19.091993,42.246534]},"properties":{"nm":"","ref":"","ch":"","ty":"light_major"}},{"type":"Feature","geometry":{"type":"Point","coordinates":[17.969628,40.660848]},"properties":{"nm":"","ref":"","ch":"","ty":"lh"}},{"type":"Feature","geometry":{"type":"Point","coordinates":[17.95207,40.645707]},"properties":{"nm":"","ref":"","ch":"Iso G 2s 5M","ty":"light_minor","ar":[["G",5.0]]}},{"type":"Feature","geometry":{"type":"Point","coordinates":[17.145732,42.765538]},"properties":{"nm":"Svjetionik otočić Glavat","ref":"","ch":"","ty":"lh"}},{"type":"Feature","geometry":{"type":"Point","coordinates":[18.055876,42.670273]},"properties":{"nm":"Svjetionik Otočić Daksa","ref":"","ch":"","ty":"lh"}},{"type":"Feature","geometry":{"type":"Point","coordinates":[18.020215,42.66129]},"properties":{"nm":"","ref":"","ch":"","ty":"lh"}},{"type":"Feature","geometry":{"type":"Point","coordinates":[18.113271,42.639812]},"properties":{"nm":"","ref":"","ch":"","ty":"lh"}},{"type":"Feature","geometry":{"type":"Point","coordinates":[15.922178,41.621847]},"properties":{"nm":"E 2278","ref":"E 2278","ch":"Fl R 3s 7M","ty":"light_minor","ar":[["R",7.0]]}},{"type":"Feature","geometry":{"type":"Point","coordinates":[15.925264,41.620667]},"properties":{"nm":"E 2277","ref":"E 2277","ch":"Fl G 3s 7M","ty":"light_minor","ar":[["G",7.0]]}},{"type":"Feature","geometry":{"type":"Point","coordinates":[19.395915,40.512095]},"properties":{"nm":"","ref":"","ch":"","ty":"lh"}},{"type":"Feature","geometry":{"type":"Point","coordinates":[15.948395,41.616893]},"properties":{"nm":"E 2282","ref":"E 2282","ch":"Oc R 3s 7M","ty":"light_minor","ar":[["R",7.0]]}},{"type":"Feature","geometry":{"type":"Point","coordinates":[16.076717,41.709733]},"properties":{"nm":"Mattinata","ref":"E 2284","ch":"F G 3M","ty":"light_minor","ar":[["G",3.0]]}},{"type":"Feature","geometry":{"type":"Point","coordinates":[15.9505,41.613017]},"properties":{"nm":"E 2281","ref":"E 2281","ch":"Oc G 3s 7M","ty":"light_minor","ar":[["G",7.0]]}},{"type":"Feature","geometry":{"type":"Point","coordinates":[15.92326,41.628751]},"properties":{"nm":"Manfredonia","ref":"E 2276","ch":"Fl W 5s 23M","ty":"light_major","ar":[["W",23.0]]}},{"type":"Feature","geometry":{"type":"Point","coordinates":[17.468875,40.84185]},"properties":{"nm":"Torre Canne","ref":"E 2222","ch":"Fl(2) W 10s 16M","ty":"light_major","ar":[["W",16.0]]}},{"type":"Feature","geometry":{"type":"Point","coordinates":[17.936267,40.64155]},"properties":{"nm":"","ref":"","ch":"F R","ty":"light_minor","ar":[["R",null]]}},{"type":"Feature","geometry":{"type":"Point","coordinates":[17.937517,40.6415]},"properties":{"nm":"","ref":"","ch":"F R","ty":"light_minor","ar":[["R",null]]}},{"type":"Feature","geometry":{"type":"Point","coordinates":[17.950606,40.644612]},"properties":{"nm":"E 2214","ref":"E 2214","ch":"F G 4M","ty":"light_minor","ss":[["G",227.0,70.0,4.0]]}},{"type":"Feature","geometry":{"type":"Point","coordinates":[17.951512,40.643895]},"properties":{"nm":"E 2216","ref":"E 2216","ch":"F R 4M","ty":"light_minor","ss":[["R",18.0,227.0,4.0]]}},{"type":"Feature","geometry":{"type":"Point","coordinates":[17.952979,40.645024]},"properties":{"nm":"E 2212","ref":"E 2212","ch":"Iso R 2s 5M","ty":"light_minor","ar":[["R",5.0]]}},{"type":"Feature","geometry":{"type":"Point","coordinates":[17.981876,40.649427]},"properties":{"nm":"E 2203","ref":"E 2203","ch":"F R 5M","ty":"light_minor","ar":[["R",5.0]]}},{"type":"Feature","geometry":{"type":"Point","coordinates":[17.969042,40.65014]},"properties":{"nm":"Castello a Mare","ref":"E 2206","ch":"Fl R 3s 7M","ty":"light_minor","ar":[["R",7.0]]}},{"type":"Feature","geometry":{"type":"Point","coordinates":[17.96846,40.653125]},"properties":{"nm":"E 2204","ref":"E 2204","ch":"Fl G 3s 8M","ty":"light_minor","ar":[["G",8.0]]}},{"type":"Feature","geometry":{"type":"Point","coordinates":[17.941717,40.659003]},"properties":{"nm":"Brindisi-Casale","ref":"E 2208","ch":"Al.Fl W 17s","ty":"light_major","ar":[["W",null]]}},{"type":"Feature","geometry":{"type":"Point","coordinates":[18.03665,40.662503]},"properties":{"nm":"Cape Cavallo","ref":"E 2194","ch":"Q(3) W 10s 5M","ty":"beacon_cardinal","ar":[["W",5.0]]}},{"type":"Feature","geometry":{"type":"Point","coordinates":[18.76641,42.426213]},"properties":{"nm":"Kotor","ref":"E 3682","ch":"Fl R 3s 5M","ty":"light_minor","ar":[["R",5.0]]}},{"type":"Feature","geometry":{"type":"Point","coordinates":[18.757216,42.434957]},"properties":{"nm":"Muo","ref":"E 3678","ch":"F G 1M","ty":"light_minor","ar":[["G",1.0]]}},{"type":"Feature","geometry":{"type":"Point","coordinates":[18.754799,42.449298]},"properties":{"nm":"Rt Rdakova","ref":"E 3676","ch":"Fl G 5s 6M","ty":"light_minor","ar":[["G",6.0]]}},{"type":"Feature","geometry":{"type":"Point","coordinates":[18.748662,42.454048]},"properties":{"nm":"E 3674","ref":"E 3674","ch":"Fl(3) G 7s 3M","ty":"light_minor","ar":[["G",3.0]]}},{"type":"Feature","geometry":{"type":"Point","coordinates":[18.763086,42.46833]},"properties":{"nm":"Sv.Stasije","ref":"E 3670","ch":"Fl R 5s 6M","ty":"light_minor","ar":[["R",6.0]]}},{"type":"Feature","geometry":{"type":"Point","coordinates":[18.714951,42.472037]},"properties":{"nm":"Donji Stoliv","ref":"E 3666","ch":"F G 2M","ty":"light_minor","ar":[["G",2.0]]}},{"type":"Feature","geometry":{"type":"Point","coordinates":[18.694268,42.513426]},"properties":{"nm":"Risan","ref":"E 3663","ch":"Fl G 3s 2M","ty":"light_minor","ar":[["G",2.0]]}},{"type":"Feature","geometry":{"type":"Point","coordinates":[18.698539,42.485823]},"properties":{"nm":"Perast","ref":"E 3664","ch":"F R 2M","ty":"light_minor","ss":[["R",304.0,124.0,2.0]]}},{"type":"Feature","geometry":{"type":"Point","coordinates":[18.659319,42.496353]},"properties":{"nm":"Lipci","ref":"E 3662.4","ch":"Fl G 3s 3M","ty":"light_minor","ar":[["G",3.0]]}},{"type":"Feature","geometry":{"type":"Point","coordinates":[18.649668,42.489205]},"properties":{"nm":"Morinj","ref":"E 3662","ch":"F G 4M","ty":"light_minor","ar":[["G",4.0]]}},{"type":"Feature","geometry":{"type":"Point","coordinates":[18.667246,42.486516]},"properties":{"nm":"Kostanjica","ref":"E 3661","ch":"F R 3M","ty":"light_minor","ar":[["R",3.0]]}},{"type":"Feature","geometry":{"type":"Point","coordinates":[18.690122,42.477225]},"properties":{"nm":"Rt Gospa","ref":"E 3660","ch":"Fl G 3s 4M","ty":"light_minor","ar":[["G",4.0]]}},{"type":"Feature","geometry":{"type":"Point","coordinates":[18.686836,42.478643]},"properties":{"nm":"Rt Turski","ref":"E 3658","ch":"Fl(2) W 5s 6M","ty":"light_minor","ar":[["W",6.0]]}},{"type":"Feature","geometry":{"type":"Point","coordinates":[18.685355,42.468042]},"properties":{"nm":"Lepetane","ref":"E 3655","ch":"F G 3M","ty":"light_minor","ar":[["G",3.0]]}},{"type":"Feature","geometry":{"type":"Point","coordinates":[18.681496,42.459537]},"properties":{"nm":"Rt Opatovo","ref":"E 3654","ch":"Fl G 2s 4M","ty":"light_minor","ar":[["G",4.0]]}},{"type":"Feature","geometry":{"type":"Point","coordinates":[18.686381,42.447358]},"properties":{"nm":"Donja Lastva","ref":"E 3637","ch":"F R 4M","ty":"light_minor","ar":[["R",4.0]]}},{"type":"Feature","geometry":{"type":"Point","coordinates":[18.676346,42.459999]},"properties":{"nm":"Rt Sveti Nedlja","ref":"E 3652","ch":"Fl R 2s 5M","ty":"light_minor","ar":[["R",5.0]]}},{"type":"Feature","geometry":{"type":"Point","coordinates":[18.684412,42.439095]},"properties":{"nm":"Rt Seljanovo","ref":"E 3638","ch":"Fl R 3s 5M","ty":"light_minor","ar":[["R",5.0]]}},{"type":"Feature","geometry":{"type":"Point","coordinates":[18.699849,42.426777]},"properties":{"nm":"Stanicic","ref":"E 3643","ch":"Fl(2) R 6s 3M","ty":"light_minor","ar":[["R",3.0]]}},{"type":"Feature","geometry":{"type":"Point","coordinates":[18.688817,42.433404]},"properties":{"nm":"Tivat","ref":"E 3639","ch":"Fl R 3s 3M","ty":"light_minor","ss":[["W",167.0,140.0,6.0],["R",140.0,167.0,3.0]]}},{"type":"Feature","geometry":{"type":"Point","coordinates":[18.699246,42.425795]},"properties":{"nm":"Plicina Kalimanj","ref":"E 3644.5","ch":"Fl R 4s 3M","ty":"light_minor","ar":[["R",3.0]]}},{"type":"Feature","geometry":{"type":"Point","coordinates":[18.67793,42.415862]},"properties":{"nm":"Plicina Tunja","ref":"E 3645","ch":"Fl(2) W 5s 6M","ty":"light_minor","ar":[["R",4.0],["W",6.0]]}},{"type":"Feature","geometry":{"type":"Point","coordinates":[18.68613,42.404053]},"properties":{"nm":"Zucovac","ref":"E 3646","ch":"Fl G 3s 2M","ty":"light_minor","ss":[["G",168.0,135.0,2.0]]}},{"type":"Feature","geometry":{"type":"Point","coordinates":[18.666021,42.406193]},"properties":{"nm":"Bejelila (Oko)","ref":"E 3647","ch":"F G 4M","ty":"light_minor","ss":[["G",245.0,216.0,4.0]]}},{"type":"Feature","geometry":{"type":"Point","coordinates":[18.652575,42.409204]},"properties":{"nm":"Donji Krasici","ref":"E 3648","ch":"F G 2M","ty":"light_minor","ar":[["G",2.0]]}},{"type":"Feature","geometry":{"type":"Point","coordinates":[18.604335,42.431966]},"properties":{"nm":"Denovici","ref":"E 3632","ch":"Fl R 3s 6M","ty":"light_minor","ar":[["R",6.0]]}},{"type":"Feature","geometry":{"type":"Point","coordinates":[18.601724,42.425674]},"properties":{"nm":"Pristan","ref":"E 3630","ch":"Fl G 3s 5M","ty":"light_minor","ar":[["G",5.0]]}},{"type":"Feature","geometry":{"type":"Point","coordinates":[18.572684,42.44871]},"properties":{"nm":"Zelenika","ref":"E 3628","ch":"Fl R 3s 4M","ty":"light_minor","ss":[["R",315.0,135.0,4.0]]}},{"type":"Feature","geometry":{"type":"Point","coordinates":[18.532107,42.449571]},"properties":{"nm":"Herceg Novi","ref":"E 3624","ch":"Fl(2) G 5s 5M","ty":"light_minor","ar":[["G",5.0]]}},{"type":"Feature","geometry":{"type":"Point","coordinates":[18.556442,42.427596]},"properties":{"nm":"Luka Rose","ref":"E 3623","ch":"F G 2M","ty":"light_minor","ar":[["G",2.0]]}},{"type":"Feature","geometry":{"type":"Point","coordinates":[18.558007,42.39549]},"properties":{"nm":"Otocic Mamula","ref":"E 3622","ch":"Fl W 3s 6M","ty":"light_minor","ar":[["W",6.0]]}},{"type":"Feature","geometry":{"type":"Point","coordinates":[18.531149,42.392821]},"properties":{"nm":"Rt Oštra","ref":"E 3620","ch":"LFl(2) W 10s 15M","ty":"light_major","ar":[["W",15.0]]}},{"type":"Feature","geometry":{"type":"Point","coordinates":[18.429127,42.442458]},"properties":{"nm":"Otocic Molunst","ref":"E 3615","ch":"Fl(3) W 15s 8M","ty":"light_minor","ar":[["W",8.0]]}},{"type":"Feature","geometry":{"type":"Point","coordinates":[18.438539,42.447933]},"properties":{"nm":"Luka Mali Molunat","ref":"E 3616","ch":"Fl W 3s 6M","ty":"light_minor","ar":[["W",6.0]]}},{"type":"Feature","geometry":{"type":"Point","coordinates":[18.204545,42.585985]},"properties":{"nm":"Cavtat","ref":"E 3614","ch":"Fl W 2s 6M","ty":"light_minor","ss":[["W",110.0,129.0,6.0],["W",53.0,83.0,6.0],["R",83.0,110.0,4.0],["G",129.0,158.0,3.0]]}},{"type":"Feature","geometry":{"type":"Point","coordinates":[18.22868,42.602575]},"properties":{"nm":"Župski Zaliv","ref":"E 3613.7","ch":"F G 4M","ty":"light_minor","ar":[["G",4.0]]}},{"type":"Feature","geometry":{"type":"Point","coordinates":[18.198834,42.620759]},"properties":{"nm":"Srebreno","ref":"E 3613","ch":"Fl R 3s 2M","ty":"light_minor","ar":[["R",2.0]]}},{"type":"Feature","geometry":{"type":"Point","coordinates":[18.113271,42.639812]},"properties":{"nm":"Dubrovnik","ref":"E 3610","ch":"Fl R 3s 4M","ty":"light_minor","ss":[["R",357.0,327.0,4.0]]}},{"type":"Feature","geometry":{"type":"Point","coordinates":[18.085739,42.657883]},"properties":{"nm":"Gat Petka","ref":"E 3602.1","ch":"Fl(2) R 4s 3M","ty":"light_minor","ar":[["R",3.0]]}},{"type":"Feature","geometry":{"type":"Point","coordinates":[18.078825,42.666266]},"properties":{"nm":"Gruz","ref":"E 3602","ch":"Fl W 2s 5M","ty":"light_minor","ss":[["W",325.0,247.0,5.0]]}},{"type":"Feature","geometry":{"type":"Point","coordinates":[18.080628,42.667109]},"properties":{"nm":"E 3601.5","ref":"E 3601.5","ch":"Fl(2) G 5s 4M","ty":"light_minor","ar":[["G",4.0]]}},{"type":"Feature","geometry":{"type":"Point","coordinates":[18.079469,42.668217]},"properties":{"nm":"E 3601.7","ref":"E 3601.7","ch":"Iso W 2s 5M","ty":"light_minor","ar":[["W",5.0]]}},{"type":"Feature","geometry":{"type":"Point","coordinates":[18.078616,42.669221]},"properties":{"nm":"E 3601","ref":"E 3601","ch":"Fl(2) R 5s 4M","ty":"light_minor","ar":[["R",4.0]]}},{"type":"Feature","geometry":{"type":"Point","coordinates":[18.093744,42.672381]},"properties":{"nm":"Rijeka Dubrovacka","ref":"E 3604","ch":"Fl R 3s 4M","ty":"light_minor","ar":[["R",4.0]]}},{"type":"Feature","geometry":{"type":"Point","coordinates":[18.055883,42.670535]},"properties":{"nm":"Otocic Daksa","ref":"E 3600","ch":"Fl W 6s 5M","ty":"light_minor","ss":[["W",23.0,295.0,5.0]]}},{"type":"Feature","geometry":{"type":"Point","coordinates":[18.047898,42.651568]},"properties":{"nm":"Hridi Grebeni","ref":"E 3598","ch":"Fl(3) W 10s 10M","ty":"lh","ar":[["W",10.0]]}},{"type":"Feature","geometry":{"type":"Point","coordinates":[18.02022,42.66128]},"properties":{"nm":"Otok Kolocep","ref":"E 3595","ch":"Fl(2) W 8s 4M","ty":"","ar":[["W",4.0]]}},{"type":"Feature","geometry":{"type":"Point","coordinates":[18.045579,42.685133]},"properties":{"nm":"Vuka Zaton","ref":"E 3596","ch":"Fl R 3s 4M","ty":"light_minor","ar":[["R",4.0]]}},{"type":"Feature","geometry":{"type":"Point","coordinates":[17.911737,42.710031]},"properties":{"nm":"Sudurad","ref":"E 3579","ch":"Fl(2) R 5s 2M","ty":"light_minor","ss":[["W",275.0,235.0,4.0],["R",235.0,275.0,2.0]]}},{"type":"Feature","geometry":{"type":"Point","coordinates":[17.951058,42.646385]},"properties":{"nm":"Otocic Sv. Andrija","ref":"E 3590","ch":"Fl W 15s 24M","ty":"lh","ar":[["W",24.0]]}},{"type":"Feature","geometry":{"type":"Point","coordinates":[17.860551,42.72909]},"properties":{"nm":"Luka","ref":"E 3578","ch":"Fl R 5s 3M","ty":"light_minor","ar":[["R",3.0]]}},{"type":"Feature","geometry":{"type":"Point","coordinates":[17.852313,42.754866]},"properties":{"nm":"Rt Tiha","ref":"E 3576","ch":"Fl(2) W 8s 9M","ty":"light_minor","ss":[["W",117.0,305.0,9.0]]}},{"type":"Feature","geometry":{"type":"Point","coordinates":[17.967553,42.712639]},"properties":{"nm":"Trsteno","ref":"E 3584","ch":"Fl(3) W 10s 6M","ty":"light_minor","ar":[["W",6.0]]}},{"type":"Feature","geometry":{"type":"Point","coordinates":[17.88884,42.78543]},"properties":{"nm":"E 3582","ref":"E 3582","ch":"Fl G 5s 3M","ty":"light_minor","ar":[["G",3.0]]}},{"type":"Feature","geometry":{"type":"Point","coordinates":[17.871854,42.776017]},"properties":{"nm":"Slano","ref":"E 3580","ch":"Fl R 3s 4M","ty":"lh","ar":[["R",4.0]]}},{"type":"Feature","geometry":{"type":"Point","coordinates":[17.79416,42.806493]},"properties":{"nm":"Doli","ref":"E 3575","ch":"Fl R 3s 3M","ty":"light_minor","ar":[["R",3.0]]}},{"type":"Feature","geometry":{"type":"Point","coordinates":[17.697237,42.833509]},"properties":{"nm":"Ston","ref":"E 3570","ch":"Fl R 3s 2M","ty":"lh","ar":[["R",2.0]]}},{"type":"Feature","geometry":{"type":"Point","coordinates":[17.716951,42.822156]},"properties":{"nm":"Broce","ref":"E 3566","ch":"Fl R 3s 4M","ty":"light_minor","ar":[["R",4.0]]}},{"type":"Feature","geometry":{"type":"Point","coordinates":[17.796574,42.759255]},"properties":{"nm":"Otocic Tajan","ref":"E 3562","ch":"Fl R 3s 4M","ty":"light_minor","ss":[["R",61.0,268.0,4.0]]}},{"type":"Feature","geometry":{"type":"Point","coordinates":[17.780135,42.759187]},"properties":{"nm":"Otocic Olipa","ref":"E 3561","ch":"Fl(3) W 10s 10M","ty":"light_minor","ss":[["W",253.0,104.0,10.0]]}},{"type":"Feature","geometry":{"type":"Point","coordinates":[17.678204,42.811026]},"properties":{"nm":"Prapratno","ref":"E 3560.5","ch":"Fl G 3s 4M","ty":"light_minor","ar":[["G",4.0]]}},{"type":"Feature","geometry":{"type":"Point","coordinates":[17.426158,42.874]},"properties":{"nm":"Otocic Lirica","ref":"E 3560","ch":"LFl W 10s 9M","ty":"light_minor","ss":[["W",293.0,210.0,9.0]]}},{"type":"Feature","geometry":{"type":"Point","coordinates":[17.671115,42.727285]},"properties":{"nm":"E 3537.6","ref":"E 3537.6","ch":"Fl G 2s 1M","ty":"light_minor","ar":[["G",1.0]]}},{"type":"Feature","geometry":{"type":"Point","coordinates":[17.670296,42.726167]},"properties":{"nm":"E 3537.5","ref":"E 3537.5","ch":"Fl R 2s 1M","ty":"light_minor","ar":[["R",1.0]]}},{"type":"Feature","geometry":{"type":"Point","coordinates":[17.680913,42.729311]},"properties":{"nm":"Luka Okuklje","ref":"E 3537.4","ch":"Fl(2) W 5s 6M","ty":"light_minor","ar":[["W",6.0]]}},{"type":"Feature","geometry":{"type":"Point","coordinates":[17.62033,42.739407]},"properties":{"nm":"Luka Sobra","ref":"E 3537","ch":"Fl R 3s 3M","ty":"light_minor","ss":[["R",294.0,130.0,3.0]]}},{"type":"Feature","geometry":{"type":"Point","coordinates":[17.434418,42.78688]},"properties":{"nm":"Luka Polače","ref":"E 3536","ch":"Fl W 2s 6M","ty":"light_minor","ar":[["W",6.0]]}},{"type":"Feature","geometry":{"type":"Point","coordinates":[17.331435,42.794849]},"properties":{"nm":"Rt Goli","ref":"E 3535.5","ch":"Fl(3) W 10s 8M","ty":"light_minor","ss":[["R",237.0,60.0,5.0],["W",60.0,237.0,8.0]]}},{"type":"Feature","geometry":{"type":"Point","coordinates":[17.145794,42.765418]},"properties":{"nm":"Otocic Glavat","ref":"E 3554","ch":"Fl(5) W 30s 22M","ty":"light_major","ss":[["W",120.0,70.0,22.0]]}},{"type":"Feature","geometry":{"type":"Point","coordinates":[17.705249,42.853418]},"properties":{"nm":"Otocic Skoljic","ref":"E 3531","ch":"Fl G 2s 1M","ty":"light_minor","ar":[["G",1.0]]}},{"type":"Feature","geometry":{"type":"Point","coordinates":[17.709358,42.851946]},"properties":{"nm":"Rt Mali Voz","ref":"E 3532","ch":"Fl R 2s 1M","ty":"light_minor","ar":[["R",1.0]]}},{"type":"Feature","geometry":{"type":"Point","coordinates":[17.695459,42.858027]},"properties":{"nm":"Plicina Vranjak","ref":"E 3530","ch":"Fl R 2s 1M","ty":"light_minor","ar":[["R",1.0]]}},{"type":"Feature","geometry":{"type":"Point","coordinates":[17.689171,42.858851]},"properties":{"nm":"Rt Mirina","ref":"E 3528","ch":"Fl G 2s 3M","ty":"light_minor","ar":[["G",3.0]]}},{"type":"Feature","geometry":{"type":"Point","coordinates":[17.680349,42.869541]},"properties":{"nm":"Rt Celjen","ref":"E 3526","ch":"Fl W 3s 6M","ty":"light_minor","ar":[["W",6.0]]}},{"type":"Feature","geometry":{"type":"Point","coordinates":[19.435296,41.315383]},"properties":{"nm":"Faro","ref":"","ch":"24M","ty":"light_major"}},{"type":"Feature","geometry":{"type":"Point","coordinates":[18.688201,42.357986]},"properties":{"nm":"Zaliv Traste","ref":"E 3684","ch":"Fl W 3s 5M","ty":"light_minor","ss":[["W",10.0,278.0,5.0]]}},{"type":"Feature","geometry":{"type":"Point","coordinates":[18.84106,42.279631]},"properties":{"nm":"Budva","ref":"E 3688","ch":"Fl R 3s 3M","ty":"light_minor","ss":[["R",90.0,270.0,3.0]]}},{"type":"Feature","geometry":{"type":"Point","coordinates":[19.010421,42.140831]},"properties":{"nm":"Crni Rt","ref":"E 3689","ch":"Fl W 6s 25M","ty":"light_minor","ar":[["W",25.0]]}},{"type":"Feature","geometry":{"type":"Point","coordinates":[19.078955,42.099084]},"properties":{"nm":"E 3691","ref":"E 3691","ch":"Fl G 4s 6M","ty":"light_minor","ar":[["G",6.0]]}},{"type":"Feature","geometry":{"type":"Point","coordinates":[19.081886,42.096891]},"properties":{"nm":"E 3693","ref":"E 3693","ch":"Fl(2) R 5s 3M","ty":"light_minor","ar":[["R",3.0]]}},{"type":"Feature","geometry":{"type":"Point","coordinates":[19.149589,41.952628]},"properties":{"nm":"Rt Mendre","ref":"E 3696","ch":"Fl.(3)W(3) W 10s 25M","ty":"light_minor","ar":[["W",25.0]]}},{"type":"Feature","geometry":{"type":"Point","coordinates":[19.201373,41.922371]},"properties":{"nm":"Ulcinj","ref":"E 3698","ch":"Fl W 3s 8M","ty":"light_minor","ar":[["W",8.0]]}},{"type":"Feature","geometry":{"type":"Point","coordinates":[19.585034,41.808261]},"properties":{"nm":"Kep i Shengjinit","ref":"","ch":"Fl R","ty":"light_minor","ar":[["R",null]]}},{"type":"Feature","geometry":{"type":"Point","coordinates":[19.445034,41.587167]},"properties":{"nm":"Kep i Rodonit","ref":"E 3705","ch":"Fl(2) W 10s 8M","ty":"light_minor","ar":[["W",8.0]]}},{"type":"Feature","geometry":{"type":"Point","coordinates":[19.39171,41.413302]},"properties":{"nm":"Kep i Palit","ref":"E 3708","ch":"Fl W 10s 10M","ty":"light_minor","ss":[["R",140.0,160.0,10.0],["W",160.0,140.0,10.0]]}},{"type":"Feature","geometry":{"type":"Point","coordinates":[19.435296,41.315379]},"properties":{"nm":"Kep i Durresit","ref":"E 3711","ch":"Fl(2) W 10s 20M","ty":"light_major","ar":[["W",20.0]]}},{"type":"Feature","geometry":{"type":"Point","coordinates":[19.465867,41.3135]},"properties":{"nm":"E 3714.1","ref":"E 3714.1","ch":"Iso W 2s 7M","ty":"light_minor","ss":[["R",19.5,21.0,5.0],["W",18.5,19.5,7.0],["G",17.0,18.5,5.0]]}},{"type":"Feature","geometry":{"type":"Point","coordinates":[19.437275,41.145847]},"properties":{"nm":"Kep i Lagit","ref":"E 3719","ch":"LFl W 6s 10M","ty":"light_minor","ar":[["W",10.0]]}},{"type":"Feature","geometry":{"type":"Point","coordinates":[19.266684,40.503999]},"properties":{"nm":"Ishull i Sazanit","ref":"E 3723","ch":"Fl(4) W 15s 14M","ty":"light_minor","ss":[["W",65.0,318.0,14.0]]}},{"type":"Feature","geometry":{"type":"Point","coordinates":[19.285392,40.50303]},"properties":{"nm":"Shen Nokole","ref":"E 3725","ch":"Fl G 3s 4M","ty":"light_minor","ar":[["G",4.0]]}},{"type":"Feature","geometry":{"type":"Point","coordinates":[19.285367,40.502117]},"properties":{"nm":"E 3726","ref":"E 3726","ch":"Fl R 3s 4M","ty":"light_minor","ar":[["R",4.0]]}},{"type":"Feature","geometry":{"type":"Point","coordinates":[19.285939,40.474139]},"properties":{"nm":"Kepi I Jugor","ref":"E 3726.5","ch":"Fl W 6s 6M","ty":"light_minor","ar":[["W",6.0]]}},{"type":"Feature","geometry":{"type":"Point","coordinates":[19.395944,40.512121]},"properties":{"nm":"Kep i Treporteve","ref":"E 3727","ch":"Fl(2) W 8s 9M","ty":"light_major","ar":[["W",9.0]]}},{"type":"Feature","geometry":{"type":"Point","coordinates":[19.433489,40.482274]},"properties":{"nm":"E 3727.7","ref":"E 3727.7","ch":"Fl(2) G 6s 6M","ty":"light_minor","ar":[["G",6.0]]}},{"type":"Feature","geometry":{"type":"Point","coordinates":[18.936508,42.195226]},"properties":{"nm":"Katici","ref":"E 3688.5","ch":"Fl R 4s 6M","ty":"light_minor","ar":[["R",6.0]]}},{"type":"Feature","geometry":{"type":"Point","coordinates":[19.070371,42.088579]},"properties":{"nm":"Rt Volovica","ref":"E 3690","ch":"Fl(2) W 10s 16M","ty":"light_minor","ar":[["W",16.0]]}},{"type":"Feature","geometry":{"type":"Point","coordinates":[18.122292,42.670387]},"properties":{"nm":"","ref":"","ch":"R","ty":"light_minor","ar":[["R",null]]}},{"type":"Feature","geometry":{"type":"Point","coordinates":[18.858211,42.259011]},"properties":{"nm":"Otocic Sveti Nikola","ref":"E 3686","ch":"Fl(3) W 10s 8M","ty":"light_minor","ss":[["W",248.0,113.0,8.0]]}},{"type":"Feature","geometry":{"type":"Point","coordinates":[19.455485,41.302467]},"properties":{"nm":"E 3712","ref":"E 3712","ch":"Fl R 5s 6M","ty":"light_minor","ar":[["R",6.0]]}},{"type":"Feature","geometry":{"type":"Point","coordinates":[19.456437,41.3043]},"properties":{"nm":"E 3714","ref":"E 3714","ch":"Fl G 5s 3M","ty":"light_minor","ar":[["G",3.0]]}},{"type":"Feature","geometry":{"type":"Point","coordinates":[17.78143,42.787264]},"properties":{"nm":"Rt. Grbljava","ref":"E 3564","ch":"Fl W 3s 7M","ty":"light_minor","ar":[["W",7.0]]}},{"type":"Feature","geometry":{"type":"Point","coordinates":[17.672923,42.726546]},"properties":{"nm":"","ref":"","ch":"G","ty":"light_minor","ar":[["G",null]]}},{"type":"Feature","geometry":{"type":"Point","coordinates":[18.328052,40.920389]},"properties":{"nm":"FPSO Firenze","ref":"","ch":"Mo W 15s 10M","ty":"platform","ar":[["W",10.0]]}},{"type":"Feature","geometry":{"type":"Point","coordinates":[17.610612,42.744841]},"properties":{"nm":"Pusti Rt","ref":"","ch":"Fl W 3s 7M","ty":"light_minor","ss":[["",43.0,156.0,null]],"ar":[["W",7.0]]}},{"type":"Feature","geometry":{"type":"Point","coordinates":[18.695176,42.43026]},"properties":{"nm":"","ref":"","ch":"","ty":"light_major"}},{"type":"Feature","geometry":{"type":"Point","coordinates":[18.684577,42.439161]},"properties":{"nm":"Lighthouse Plaza Ponta","ref":"","ch":"","ty":"lh"}},{"type":"Feature","geometry":{"type":"Point","coordinates":[19.451861,41.3019]},"properties":{"nm":"","ref":"","ch":"G","ty":"","ar":[["G",null]]}},{"type":"Feature","geometry":{"type":"Point","coordinates":[19.451887,41.300992]},"properties":{"nm":"","ref":"","ch":"R","ty":"","ar":[["R",null]]}},{"type":"Feature","geometry":{"type":"Point","coordinates":[18.532105,42.449581]},"properties":{"nm":"","ref":"","ch":"","ty":"lh"}},{"type":"Feature","geometry":{"type":"Point","coordinates":[18.686685,42.478453]},"properties":{"nm":"","ref":"","ch":"","ty":"lh"}},{"type":"Feature","geometry":{"type":"Point","coordinates":[18.690279,42.477518]},"properties":{"nm":"","ref":"","ch":"","ty":"lh"}},{"type":"Feature","geometry":{"type":"Point","coordinates":[18.763635,42.435983]},"properties":{"nm":"","ref":"","ch":"","ty":"lh"}},{"type":"Feature","geometry":{"type":"Point","coordinates":[18.546916,42.422182]},"properties":{"nm":"","ref":"","ch":"","ty":"lh"}},{"type":"Feature","geometry":{"type":"Point","coordinates":[19.086685,42.099778]},"properties":{"nm":"","ref":"","ch":"","ty":"light_minor"}},{"type":"Feature","geometry":{"type":"Point","coordinates":[17.967553,40.655492]},"properties":{"nm":"Forte a Mare","ref":"E 2202","ch":"Fl W 20s 21M","ty":"light_major","ar":[["W",21.0]]}},{"type":"Feature","geometry":{"type":"Point","coordinates":[19.583035,41.810533]},"properties":{"nm":"","ref":"","ch":"Fl W 5s 12M","ty":"landmark","ar":[["W",12.0]]}},{"type":"Feature","geometry":{"type":"Point","coordinates":[19.586892,41.807373]},"properties":{"nm":"","ref":"","ch":"","ty":"lh"}},{"type":"Feature","geometry":{"type":"Point","coordinates":[19.405019,41.376864]},"properties":{"nm":"","ref":"","ch":"","ty":"lh"}},{"type":"Feature","geometry":{"type":"Point","coordinates":[19.43347,40.483634]},"properties":{"nm":"","ref":"","ch":"6s 6M","ty":"light_minor"}},{"type":"Feature","geometry":{"type":"Point","coordinates":[19.269738,40.511007]},"properties":{"nm":"","ref":"","ch":"12M","ty":"light_major"}},{"type":"Feature","geometry":{"type":"Point","coordinates":[15.913535,41.617527]},"properties":{"nm":"","ref":"","ch":"Fl G","ty":"light_minor","ar":[["G",null]]}},{"type":"Feature","geometry":{"type":"Point","coordinates":[15.912571,41.618686]},"properties":{"nm":"","ref":"","ch":"Fl R","ty":"light_minor","ar":[["R",null]]}},{"type":"Feature","geometry":{"type":"Point","coordinates":[17.700411,42.830304]},"properties":{"nm":"Ston","ref":"","ch":"G","ty":"lh","ar":[["G",null]]}},{"type":"Feature","geometry":{"type":"Point","coordinates":[17.70013,42.829911]},"properties":{"nm":"Ston","ref":"","ch":"R","ty":"lh","ar":[["R",null]]}},{"type":"Feature","geometry":{"type":"Point","coordinates":[17.705679,42.826735]},"properties":{"nm":"Ston","ref":"","ch":"R","ty":"lh","ar":[["R",null]]}},{"type":"Feature","geometry":{"type":"Point","coordinates":[17.714504,42.823]},"properties":{"nm":"Ston","ref":"","ch":"R","ty":"lh","ar":[["R",null]]}},{"type":"Feature","geometry":{"type":"Point","coordinates":[17.714644,42.823173]},"properties":{"nm":"Ston","ref":"","ch":"G","ty":"lh","ar":[["G",null]]}},{"type":"Feature","geometry":{"type":"Point","coordinates":[17.710754,42.823694]},"properties":{"nm":"Ston","ref":"","ch":"R","ty":"lh","ar":[["R",null]]}},{"type":"Feature","geometry":{"type":"Point","coordinates":[18.057355,42.650982]},"properties":{"nm":"","ref":"","ch":"","ty":"lh"}},{"type":"Feature","geometry":{"type":"Point","coordinates":[17.947408,42.698753]},"properties":{"nm":"","ref":"","ch":"","ty":"lh"}},{"type":"Feature","geometry":{"type":"Point","coordinates":[17.93,42.712333]},"properties":{"nm":"","ref":"","ch":"VQ W 2M","ty":"beacon_cardinal","ar":[["W",2.0]]}},{"type":"Feature","geometry":{"type":"Point","coordinates":[17.439694,42.887687]},"properties":{"nm":"","ref":"","ch":"","ty":"lh"}},{"type":"Feature","geometry":{"type":"Point","coordinates":[19.395,41.365833]},"properties":{"nm":"","ref":"","ch":"LFl W 10s","ty":"buoy_safe_water","ar":[["W",null]]}},{"type":"Feature","geometry":{"type":"Point","coordinates":[19.445972,40.476667]},"properties":{"nm":"","ref":"","ch":"Fl W 3s 4M","ty":"beacon_special_purpose","ar":[["W",4.0]]}},{"type":"Feature","geometry":{"type":"Point","coordinates":[18.664493,42.384291]},"properties":{"nm":"","ref":"","ch":"","ty":"lh"}},{"type":"Feature","geometry":{"type":"Point","coordinates":[18.778247,42.267733]},"properties":{"nm":"","ref":"","ch":"","ty":"lh"}},{"type":"Feature","geometry":{"type":"Point","coordinates":[18.086368,42.657777]},"properties":{"nm":"Gat Petka","ref":"E 3602.1","ch":"Fl(2) R 4s 3M","ty":"light_minor","ar":[["R",3.0]]}},{"type":"Feature","geometry":{"type":"Point","coordinates":[17.588376,40.791452]},"properties":{"nm":"","ref":"","ch":"R","ty":"light_minor","ar":[["R",null]]}},{"type":"Feature","geometry":{"type":"Point","coordinates":[17.589045,40.792218]},"properties":{"nm":"","ref":"","ch":"G","ty":"light_minor","ar":[["G",null]]}},{"type":"Feature","geometry":{"type":"Point","coordinates":[18.70159,42.405797]},"properties":{"nm":"","ref":"","ch":"","ty":"light_minor"}},{"type":"Feature","geometry":{"type":"Point","coordinates":[18.214469,42.583251]},"properties":{"nm":"","ref":"","ch":"","ty":"light_minor"}},{"type":"Feature","geometry":{"type":"Point","coordinates":[18.211521,42.584651]},"properties":{"nm":"","ref":"","ch":"","ty":"lh"}},{"type":"Feature","geometry":{"type":"Point","coordinates":[20.248517,39.140567]},"properties":{"nm":"Άκρα Οβορός","ref":"","ch":"","ty":"lh"}},{"type":"Feature","geometry":{"type":"Point","coordinates":[20.128014,39.235647]},"properties":{"nm":"","ref":"","ch":"","ty":"lh"}},{"type":"Feature","geometry":{"type":"Point","coordinates":[20.194821,39.204555]},"properties":{"nm":"","ref":"","ch":"","ty":"lh"}},{"type":"Feature","geometry":{"type":"Point","coordinates":[18.368415,39.795897]},"properties":{"nm":"Capo Santa Maria di Leuca","ref":"E 2176","ch":"Fl(3) W 15s 24M","ty":"light_major","ar":[["W",24.0]]}},{"type":"Feature","geometry":{"type":"Point","coordinates":[18.306667,40.390792]},"properties":{"nm":"","ref":"","ch":"","ty":"lh"}},{"type":"Feature","geometry":{"type":"Point","coordinates":[20.719735,38.845406]},"properties":{"nm":"","ref":"","ch":"","ty":"lh"}},{"type":"Feature","geometry":{"type":"Point","coordinates":[18.519987,40.107445]},"properties":{"nm":"Capo d'Otranto","ref":"E 2178","ch":"Fl W 5s 15M","ty":"light_major","ar":[["W",15.0]]}},{"type":"Feature","geometry":{"type":"Point","coordinates":[19.947796,39.785794]},"properties":{"nm":"","ref":"","ch":"","ty":"lh"}},{"type":"Feature","geometry":{"type":"Point","coordinates":[17.899521,40.259091]},"properties":{"nm":"","ref":"","ch":"","ty":"lh"}},{"type":"Feature","geometry":{"type":"Point","coordinates":[17.945513,40.047204]},"properties":{"nm":"","ref":"","ch":"","ty":"lh"}},{"type":"Feature","geometry":{"type":"Point","coordinates":[19.42914,39.864927]},"properties":{"nm":"Nisos Othonoi","ref":"E 3747","ch":"Fl W 10s 18M","ty":"light_minor","ar":[["W",18.0]]}},{"type":"Feature","geometry":{"type":"Point","coordinates":[20.238945,39.407398]},"properties":{"nm":"","ref":"","ch":"","ty":"lh"}},{"type":"Feature","geometry":{"type":"Point","coordinates":[20.247439,39.395058]},"properties":{"nm":"","ref":"","ch":"","ty":"light_minor"}},{"type":"Feature","geometry":{"type":"Point","coordinates":[17.945535,40.047202]},"properties":{"nm":"Faro di Sant'Andrea","ref":"","ch":"","ty":"lh"}},{"type":"Feature","geometry":{"type":"Point","coordinates":[20.20977,39.404881]},"properties":{"nm":"Nisis Mavro Oros","ref":"E 3786","ch":"Fl(3) W 20s 12M","ty":"light_minor","ss":[["W",313.0,236.0,12.0]]}},{"type":"Feature","geometry":{"type":"Point","coordinates":[19.929321,39.623206]},"properties":{"nm":"Akra Sidhero","ref":"E 3756","ch":"Fl(2) W 6s 13M","ty":"light_major","ss":[["W",112.5,45.0,13.0]]}},{"type":"Feature","geometry":{"type":"Point","coordinates":[19.857337,39.658851]},"properties":{"nm":"","ref":"","ch":"Q R","ty":"buoy_lateral","ar":[["R",null]]}},{"type":"Feature","geometry":{"type":"Point","coordinates":[19.850036,39.655815]},"properties":{"nm":"","ref":"","ch":"Q G","ty":"buoy_lateral","ar":[["G",null]]}},{"type":"Feature","geometry":{"type":"Point","coordinates":[19.854827,39.658443]},"properties":{"nm":"","ref":"","ch":"Q G","ty":"buoy_lateral","ar":[["G",null]]}},{"type":"Feature","geometry":{"type":"Point","coordinates":[19.851431,39.64997]},"properties":{"nm":"Ormos Gouvion","ref":"E 3755","ch":"F R 3M","ty":"light_minor","ar":[["R",3.0]]}},{"type":"Feature","geometry":{"type":"Point","coordinates":[19.850662,39.655168]},"properties":{"nm":"","ref":"","ch":"Q R","ty":"buoy_lateral","ar":[["R",null]]}},{"type":"Feature","geometry":{"type":"Point","coordinates":[19.851893,39.650261]},"properties":{"nm":"","ref":"","ch":"F R 3M","ty":"light_minor","ar":[["R",3.0]]}},{"type":"Feature","geometry":{"type":"Point","coordinates":[20.714786,38.829416]},"properties":{"nm":"","ref":"","ch":"Fl R","ty":"light_minor","ar":[["R",null]]}},{"type":"Feature","geometry":{"type":"Point","coordinates":[20.714883,38.830251]},"properties":{"nm":"","ref":"","ch":"Fl G","ty":"light_minor","ar":[["G",null]]}},{"type":"Feature","geometry":{"type":"Point","coordinates":[20.727829,38.805085]},"properties":{"nm":"","ref":"","ch":"Q R","ty":"buoy_lateral","ar":[["R",null]]}},{"type":"Feature","geometry":{"type":"Point","coordinates":[20.726025,38.794163]},"properties":{"nm":"","ref":"","ch":"Q R","ty":"buoy_lateral","ar":[["R",null]]}},{"type":"Feature","geometry":{"type":"Point","coordinates":[20.726918,38.79877]},"properties":{"nm":"","ref":"","ch":"Q R","ty":"buoy_lateral","ar":[["R",null]]}},{"type":"Feature","geometry":{"type":"Point","coordinates":[20.726555,38.794277]},"properties":{"nm":"","ref":"","ch":"Q G","ty":"buoy_lateral","ar":[["G",null]]}},{"type":"Feature","geometry":{"type":"Point","coordinates":[20.727266,38.798726]},"properties":{"nm":"","ref":"","ch":"Q G","ty":"buoy_lateral","ar":[["G",null]]}},{"type":"Feature","geometry":{"type":"Point","coordinates":[20.72728,38.8029]},"properties":{"nm":"","ref":"","ch":"Q R","ty":"buoy_lateral","ar":[["R",null]]}},{"type":"Feature","geometry":{"type":"Point","coordinates":[20.728367,38.805049]},"properties":{"nm":"","ref":"","ch":"Q G","ty":"buoy_lateral","ar":[["G",null]]}},{"type":"Feature","geometry":{"type":"Point","coordinates":[20.727742,38.802761]},"properties":{"nm":"","ref":"","ch":"Q G","ty":"buoy_lateral","ar":[["G",null]]}},{"type":"Feature","geometry":{"type":"Point","coordinates":[20.1329,39.240569]},"properties":{"nm":"","ref":"","ch":"Fl G 2s 3M","ty":"light_minor","ar":[["G",3.0]]}},{"type":"Feature","geometry":{"type":"Point","coordinates":[20.135392,39.238922]},"properties":{"nm":"","ref":"","ch":"Fl R 2s 3M","ty":"light_minor","ar":[["R",3.0]]}},{"type":"Feature","geometry":{"type":"Point","coordinates":[19.927578,39.625078]},"properties":{"nm":"Mandraki","ref":"E 3757","ch":"Fl R 3s 4M","ty":"light_major","ar":[["R",4.0]]}},{"type":"Feature","geometry":{"type":"Point","coordinates":[18.306667,40.390792]},"properties":{"nm":"Punta San Cataldo di Lecce","ref":"E 2192","ch":"LFl W 5s 16M","ty":"light_major","ss":[["W",140.0,315.0,16.0]]}},{"type":"Feature","geometry":{"type":"Point","coordinates":[18.408742,40.303574]},"properties":{"nm":"San Foca di Melendugno","ref":"E 2190","ch":"F G 3M","ty":"light_minor","ar":[["G",3.0]]}},{"type":"Feature","geometry":{"type":"Point","coordinates":[18.445067,40.255265]},"properties":{"nm":"Torre Sant'Andrea","ref":"E 2188","ch":"Fl(2) R 7s 12M","ty":"light_major","ss":[["W",343.0,300.0,15.0],["R",300.0,343.0,12.0]]}},{"type":"Feature","geometry":{"type":"Point","coordinates":[18.493766,40.150008]},"properties":{"nm":"Punta San Nicola","ref":"E 2186","ch":"Fl R 3s 8M","ty":"beacon_lateral","ar":[["R",8.0]]}},{"type":"Feature","geometry":{"type":"Point","coordinates":[18.491803,40.153279]},"properties":{"nm":"Otranto","ref":"E 2182","ch":"Fl(3) R 10s 9M","ty":"light_minor","ss":[["W",183.0,165.0,13.0],["R",165.0,183.0,9.0]]}},{"type":"Feature","geometry":{"type":"Point","coordinates":[18.427993,40.000582]},"properties":{"nm":"Castro","ref":"E 2177.5","ch":"Fl R 3s 7M","ty":"light_minor","ar":[["R",7.0]]}},{"type":"Feature","geometry":{"type":"Point","coordinates":[18.396093,39.93229]},"properties":{"nm":"Tricase","ref":"E 2177","ch":"Iso G 2s 4M","ty":"light_minor","ar":[["G",4.0]]}},{"type":"Feature","geometry":{"type":"Point","coordinates":[18.137967,39.82765]},"properties":{"nm":"Secche di Ugento","ref":"E 2174.4","ch":"Q(9) W 15s 5M","ty":"beacon_cardinal","ar":[["W",5.0]]}},{"type":"Feature","geometry":{"type":"Point","coordinates":[18.113825,39.886444]},"properties":{"nm":"Torre San Giovanni","ref":"E 2174","ch":"Iso R 4s 11M","ty":"light_major","ss":[["W",13.0,120.0,15.0],["R",310.0,13.0,11.0]]}},{"type":"Feature","geometry":{"type":"Point","coordinates":[17.979794,40.053034]},"properties":{"nm":"--Molo di Sottoflutto.","ref":"E 2173","ch":"Fl R 5ss 9M","ty":"light_minor","ar":[["R",9.0]]}},{"type":"Feature","geometry":{"type":"Point","coordinates":[17.977734,40.063917]},"properties":{"nm":"Secca del Rafo","ref":"E 2170","ch":"Q W 5M","ty":"beacon_cardinal","ar":[["W",5.0]]}},{"type":"Feature","geometry":{"type":"Point","coordinates":[17.983,40.058467]},"properties":{"nm":"E 2172.2","ref":"E 2172.2","ch":"Fl R 5s 9M","ty":"light_minor","ar":[["R",9.0]]}},{"type":"Feature","geometry":{"type":"Point","coordinates":[17.983556,40.061309]},"properties":{"nm":"E 2172","ref":"E 2172","ch":"Fl G 5s 9M","ty":"light_minor","ss":[["G",90.0,54.0,9.0]]}},{"type":"Feature","geometry":{"type":"Point","coordinates":[17.90495,40.264617]},"properties":{"nm":"E 2164.1","ref":"E 2164.1","ch":"Oc W 3s 11M","ty":"light_minor","ss":[["W",339.0,99.0,11.0]]}},{"type":"Feature","geometry":{"type":"Point","coordinates":[17.900083,40.259033]},"properties":{"nm":"E 2164","ref":"E 2164","ch":"Iso W 2s 7M","ty":"light_minor","ss":[["W",350.0,68.0,7.0]]}},{"type":"Feature","geometry":{"type":"Point","coordinates":[20.728462,38.794703]},"properties":{"nm":"Nisis Volios","ref":"E 3842","ch":"Fl R 1.5s 3M","ty":"light_minor","ss":[["W",335.0,181.0,5.0],["R",293.0,335.0,3.0]]}},{"type":"Feature","geometry":{"type":"Point","coordinates":[20.719722,38.845392]},"properties":{"nm":"Citadel","ref":"E 3832","ch":"Fl(2) R 12s 5M","ty":"light_major","ss":[["W",120.0,255.0,8.0],["R",75.0,120.0,5.0]]}},{"type":"Feature","geometry":{"type":"Point","coordinates":[20.720679,38.84785]},"properties":{"nm":"Dhiorix Lavkadhos","ref":"E 3834","ch":"Fl G 1.5s 3M","ty":"light_minor","ar":[["G",3.0]]}},{"type":"Feature","geometry":{"type":"Point","coordinates":[20.808845,38.668393]},"properties":{"nm":"Akra Eliar","ref":"E 3840","ch":"Fl R 8s 7M","ty":"light_minor","ss":[["W",165.0,19.0,10.0],["R",70.0,165.0,7.0]]}},{"type":"Feature","geometry":{"type":"Point","coordinates":[20.538449,38.695707]},"properties":{"nm":"Nisis Sesoula","ref":"E 3835","ch":"Fl W 4.5s 8M","ty":"light_major","ar":[["W",8.0]]}},{"type":"Feature","geometry":{"type":"Point","coordinates":[20.763302,38.756606]},"properties":{"nm":"Akra Kefali","ref":"E 3844","ch":"Fl W 4s 5M","ty":"light_minor","ss":[["W",292.0,162.0,5.0]]}},{"type":"Feature","geometry":{"type":"Point","coordinates":[20.877546,38.781815]},"properties":{"nm":"Palairos","ref":"E 3850","ch":"Fl G 1.5s 3M","ty":"light_minor","ar":[["G",3.0]]}},{"type":"Feature","geometry":{"type":"Point","coordinates":[19.958886,39.792477]},"properties":{"nm":"Nisis Peristerai","ref":"E 3750","ch":"Fl R 5s 8M","ty":"light_minor","ar":[["R",8.0]]}},{"type":"Feature","geometry":{"type":"Point","coordinates":[19.947783,39.785783]},"properties":{"nm":"Akra Psaromyta","ref":"E 3754","ch":"Fl G 3s 4M","ty":"light_minor","ss":[["G",119.0,310.0,4.0]]}},{"type":"Feature","geometry":{"type":"Point","coordinates":[19.959717,39.7704]},"properties":{"nm":"Serpa Bank","ref":"E 3754.5","ch":"Q(3) W 10s 7M","ty":"beacon_cardinal","ar":[["W",7.0]]}},{"type":"Feature","geometry":{"type":"Point","coordinates":[19.927372,39.637504]},"properties":{"nm":"Nisis Vidhon","ref":"E 3774","ch":"Fl G 3s 4M","ty":"light_minor","ar":[["G",4.0]]}},{"type":"Feature","geometry":{"type":"Point","coordinates":[19.904295,39.63284]},"properties":{"nm":"E 3762","ref":"E 3762","ch":"Fl G 2s 7M","ty":"light_minor","ar":[["G",7.0]]}},{"type":"Feature","geometry":{"type":"Point","coordinates":[19.919262,39.627854]},"properties":{"nm":"E 3758","ref":"E 3758","ch":"Fl R 2s 4M","ty":"light_minor","ar":[["R",4.0]]}},{"type":"Feature","geometry":{"type":"Point","coordinates":[19.928178,39.611772]},"properties":{"nm":"Akra Anemomilos","ref":"E 3773","ch":"Fl(2) R 10s 4M","ty":"light_minor","ar":[["R",4.0]]}},{"type":"Feature","geometry":{"type":"Point","coordinates":[20.071938,39.458583]},"properties":{"nm":"Akra Levkimnis","ref":"E 3776","ch":"Fl W 6s 7M","ty":"light_major","ar":[["W",7.0]]}},{"type":"Feature","geometry":{"type":"Point","coordinates":[20.087475,39.436696]},"properties":{"nm":"Port Levkimnis","ref":"E 3778","ch":"Fl R 2s 3M","ty":"light_minor","ar":[["R",3.0]]}},{"type":"Feature","geometry":{"type":"Point","coordinates":[19.903767,39.417617]},"properties":{"nm":"Vrakoi Lagoudia","ref":"E 3779","ch":"Fl(3) W 14s 7M","ty":"light_minor","ss":[["W",290.0,145.0,7.0]]}},{"type":"Feature","geometry":{"type":"Point","coordinates":[19.7127,39.6707]},"properties":{"nm":"Akra Kosteri","ref":"E 3780","ch":"Fl W 3s 5M","ty":"light_major","ar":[["W",5.0]]}},{"type":"Feature","geometry":{"type":"Point","coordinates":[19.708752,39.673142]},"properties":{"nm":"Palaiokastritsas","ref":"E 3781","ch":"F R 3M","ty":"light_minor","ar":[["R",3.0]]}},{"type":"Feature","geometry":{"type":"Point","coordinates":[20.180583,39.625817]},"properties":{"nm":"Sayiadhiaa","ref":"E 3782","ch":"Fl W 3s 5M","ty":"light_minor","ar":[["W",5.0]]}},{"type":"Feature","geometry":{"type":"Point","coordinates":[20.154783,39.50935]},"properties":{"nm":"Nisis Prasoudi","ref":"E 3783","ch":"Fl(2) W 9s 8M","ty":"light_minor","ar":[["W",8.0]]}},{"type":"Feature","geometry":{"type":"Point","coordinates":[19.481527,40.414644]},"properties":{"nm":"Kepi i Kalase","ref":"E 3729.5","ch":"Fl W 10s 11M","ty":"light_minor","ar":[["W",11.0]]}},{"type":"Feature","geometry":{"type":"Point","coordinates":[19.404462,40.376055]},"properties":{"nm":"Shen Vasilit","ref":"E 3732","ch":"Fl(3) W 8s 8M","ty":"light_minor","ar":[["W",8.0]]}},{"type":"Feature","geometry":{"type":"Point","coordinates":[19.419628,40.328028]},"properties":{"nm":"Gji Dukatit","ref":"E 3731","ch":"Fl(2) W 5s 8M","ty":"light_minor","ar":[["W",8.0]]}},{"type":"Feature","geometry":{"type":"Point","coordinates":[19.475317,40.215367]},"properties":{"nm":"Grames","ref":"E 3733","ch":"Fl W 6s 5M","ty":"light_major","ar":[["W",5.0]]}},{"type":"Feature","geometry":{"type":"Point","coordinates":[19.794449,40.049528]},"properties":{"nm":"Kep i Palermos","ref":"E 3734","ch":"Fl W 8s 8M","ty":"light_minor","ar":[["W",8.0]]}},{"type":"Feature","geometry":{"type":"Point","coordinates":[19.89195,40.004283]},"properties":{"nm":"E 3734.5","ref":"E 3734.5","ch":"Fl R 3s 4M","ty":"light_minor","ar":[["R",4.0]]}},{"type":"Feature","geometry":{"type":"Point","coordinates":[19.912667,39.9077]},"properties":{"nm":"Kep i Qefalit","ref":"E 3741","ch":"Fl W 5s 9M","ty":"light_minor","ar":[["W",9.0]]}},{"type":"Feature","geometry":{"type":"Point","coordinates":[20.019227,39.849412]},"properties":{"nm":"E 3742.5","ref":"E 3742.5","ch":"Fl W 9s 6M","ty":"light_minor","ar":[["W",6.0]]}},{"type":"Feature","geometry":{"type":"Point","coordinates":[19.386733,39.836467]},"properties":{"nm":"E 3739","ref":"E 3739","ch":"Fl(2) W 6s 6M","ty":"light_minor","ss":[["W",276.0,116.0,6.0]]}},{"type":"Feature","geometry":{"type":"Point","coordinates":[19.593863,39.890875]},"properties":{"nm":"Nisis Errikousa","ref":"E 3740","ch":"Fl(3) W 15s 6M","ty":"light_minor","ss":[["W",141.0,11.0,6.0]]}},{"type":"Feature","geometry":{"type":"Point","coordinates":[19.847164,39.821925]},"properties":{"nm":"Cape Aikaterini","ref":"E 3749","ch":"Fl W 10s 6M","ty":"light_minor","ss":[["W",45.0,285.0,6.0]]}},{"type":"Feature","geometry":{"type":"Point","coordinates":[20.227158,39.496572]},"properties":{"nm":"Akra Kontramourto","ref":"E 3784","ch":"Fl W 3s 5M","ty":"light_minor","ss":[["W",83.0,283.0,5.0]]}},{"type":"Feature","geometry":{"type":"Point","coordinates":[20.128011,39.235648]},"properties":{"nm":"Lakka","ref":"E 3792","ch":"Fl(3) W 24s 20M","ty":"landmark","ar":[["W",20.0]]}},{"type":"Feature","geometry":{"type":"Point","coordinates":[20.194824,39.204555]},"properties":{"nm":"Nisis Panayia","ref":"E 3794","ch":"Fl W 5s 10M","ty":"landmark","ss":[["W",283.0,325.0,10.0],["W",135.0,250.0,10.0],["R",250.0,283.0,8.0]]}},{"type":"Feature","geometry":{"type":"Point","coordinates":[20.190514,39.204524]},"properties":{"nm":"Point Kiavari","ref":"E 3794.7","ch":"Fl G 3s 3M","ty":"light_minor","ar":[["G",3.0]]}},{"type":"Feature","geometry":{"type":"Point","coordinates":[20.185709,39.200757]},"properties":{"nm":"Akra Nikolaos","ref":"E 3795.6","ch":"Fl R 2s 3M","ty":"light_minor","ar":[["R",3.0]]}},{"type":"Feature","geometry":{"type":"Point","coordinates":[20.18532,39.200535]},"properties":{"nm":"E 3795.7","ref":"E 3795.7","ch":"F G 3M","ty":"light_minor","ar":[["G",3.0]]}},{"type":"Feature","geometry":{"type":"Point","coordinates":[20.188503,39.196753]},"properties":{"nm":"Limin Paxon","ref":"E 3795","ch":"Fl G 2s 3M","ty":"light_minor","ar":[["G",3.0]]}},{"type":"Feature","geometry":{"type":"Point","coordinates":[20.19347,39.205171]},"properties":{"nm":"E 3794.5","ref":"E 3794.5","ch":"Fl R 3s 3M","ty":"light_minor","ar":[["R",3.0]]}},{"type":"Feature","geometry":{"type":"Point","coordinates":[20.697146,38.999576]},"properties":{"nm":"Akra Mytikas","ref":"E 3800","ch":"Fl W 3s 7M","ty":"light_minor","ss":[["W",135.0,147.0,7.0],["W",347.0,78.0,7.0],["R",78.0,135.0,5.0]]}},{"type":"Feature","geometry":{"type":"Point","coordinates":[20.761167,38.94445]},"properties":{"nm":"E 3804","ref":"E 3804","ch":"Q Y 7M","ty":"light_minor","ar":[["Y",7.0]]}},{"type":"Feature","geometry":{"type":"Point","coordinates":[20.764967,38.945733]},"properties":{"nm":"E 3804.1","ref":"E 3804.1","ch":"LFl Y 6s 7M","ty":"light_minor","ar":[["Y",7.0]]}},{"type":"Feature","geometry":{"type":"Point","coordinates":[20.100092,39.41523]},"properties":{"nm":"","ref":"","ch":"Fl G 2s 3M","ty":"light_minor","ar":[["G",3.0]]}},{"type":"Feature","geometry":{"type":"Point","coordinates":[20.101846,39.415832]},"properties":{"nm":"","ref":"","ch":"Fl R 2s 3M","ty":"light_minor","ar":[["R",3.0]]}},{"type":"Feature","geometry":{"type":"Point","coordinates":[20.75575,38.959015]},"properties":{"nm":"Limin Preveza","ref":"E 3809","ch":"Fl R 2s 3M","ty":"light_minor","ar":[["R",3.0]]}},{"type":"Feature","geometry":{"type":"Point","coordinates":[20.756476,38.958061]},"properties":{"nm":"E 3808","ref":"E 3808","ch":"Fl G 3s 3M","ty":"light_minor","ar":[["G",3.0]]}},{"type":"Feature","geometry":{"type":"Point","coordinates":[20.79845,38.96395]},"properties":{"nm":"Agios Thomas","ref":"E 3810","ch":"Fl R 2s 3M","ty":"light_minor","ar":[["R",3.0]]}},{"type":"Feature","geometry":{"type":"Point","coordinates":[20.821933,38.955033]},"properties":{"nm":"Akra Laskara","ref":"E 3811","ch":"Fl(2) R 6s 5M","ty":"light_minor","ss":[["R",246.0,103.0,5.0]]}},{"type":"Feature","geometry":{"type":"Point","coordinates":[20.870984,39.030445]},"properties":{"nm":"AK. Salaoras","ref":"E 3824","ch":"Fl G 8s 5M","ty":"light_minor","ar":[["G",5.0]]}},{"type":"Feature","geometry":{"type":"Point","coordinates":[20.913519,39.013512]},"properties":{"nm":"Ak. Koronisia","ref":"E 3822","ch":"Fl R 2s 3M","ty":"light_minor","ar":[["G",3.0],["R",3.0]]}},{"type":"Feature","geometry":{"type":"Point","coordinates":[19.291511,40.42198]},"properties":{"nm":"Kepi Gjuhezes","ref":"E 3732.5","ch":"Fl W 6s 6M","ty":"light_minor","ar":[["W",6.0]]}},{"type":"Feature","geometry":{"type":"Point","coordinates":[19.3203,40.438167]},"properties":{"nm":"Kep i Gallovecit","ref":"E 3728","ch":"Fl W 5s 5M","ty":"light_minor","ss":[["W",95.0,290.0,5.0]]}},{"type":"Feature","geometry":{"type":"Point","coordinates":[19.480633,40.44909]},"properties":{"nm":"E 3729.1","ref":"E 3729.1","ch":"Fl R 3s 3M","ty":"light_minor","ar":[["R",3.0]]}},{"type":"Feature","geometry":{"type":"Point","coordinates":[20.781486,38.66538]},"properties":{"nm":"Vathy, N. mole, head.","ref":"","ch":"Fl G 3s 3M","ty":"light_minor","ar":[["G",3.0]]}},{"type":"Feature","geometry":{"type":"Point","coordinates":[20.727783,38.932467]},"properties":{"nm":"1","ref":"","ch":"Q G","ty":"buoy_lateral","ar":[["G",null]]}},{"type":"Feature","geometry":{"type":"Point","coordinates":[20.727617,38.933033]},"properties":{"nm":"2","ref":"","ch":"Q R","ty":"buoy_lateral","ar":[["R",null]]}},{"type":"Feature","geometry":{"type":"Point","coordinates":[20.7375,38.935767]},"properties":{"nm":"3","ref":"","ch":"Q G","ty":"buoy_lateral","ar":[["G",null]]}},{"type":"Feature","geometry":{"type":"Point","coordinates":[20.736983,38.93625]},"properties":{"nm":"4","ref":"","ch":"Q R","ty":"buoy_lateral","ar":[["R",null]]}},{"type":"Feature","geometry":{"type":"Point","coordinates":[20.74645,38.938917]},"properties":{"nm":"5","ref":"","ch":"Q G","ty":"buoy_lateral","ar":[["G",null]]}},{"type":"Feature","geometry":{"type":"Point","coordinates":[20.746083,38.9394]},"properties":{"nm":"6","ref":"","ch":"Q R","ty":"buoy_lateral","ar":[["R",null]]}},{"type":"Feature","geometry":{"type":"Point","coordinates":[20.755667,38.942]},"properties":{"nm":"7","ref":"","ch":"Q G","ty":"buoy_lateral","ar":[["G",null]]}},{"type":"Feature","geometry":{"type":"Point","coordinates":[20.7553,38.94265]},"properties":{"nm":"8","ref":"","ch":"Q R","ty":"buoy_lateral","ar":[["R",null]]}},{"type":"Feature","geometry":{"type":"Point","coordinates":[20.784583,38.959367]},"properties":{"nm":"","ref":"","ch":"Fl G","ty":"buoy_lateral","ar":[["G",null]]}},{"type":"Feature","geometry":{"type":"Point","coordinates":[20.769133,38.960067]},"properties":{"nm":"","ref":"","ch":"Q G","ty":"buoy_lateral","ar":[["G",null]]}},{"type":"Feature","geometry":{"type":"Point","coordinates":[20.762317,38.9601]},"properties":{"nm":"","ref":"","ch":"Fl R 3s","ty":"buoy_lateral","ar":[["R",null]]}},{"type":"Feature","geometry":{"type":"Point","coordinates":[20.761317,38.960417]},"properties":{"nm":"","ref":"","ch":"Q Y","ty":"buoy_special_purpose","ar":[["Y",null]]}},{"type":"Feature","geometry":{"type":"Point","coordinates":[20.765617,38.963167]},"properties":{"nm":"","ref":"","ch":"Fl R 2s","ty":"buoy_lateral","ar":[["R",null]]}},{"type":"Feature","geometry":{"type":"Point","coordinates":[20.758967,38.9487]},"properties":{"nm":"","ref":"","ch":"Q R","ty":"buoy_lateral","ar":[["R",null]]}},{"type":"Feature","geometry":{"type":"Point","coordinates":[20.188471,39.196384]},"properties":{"nm":"Gaios Port Lighthouse","ref":"","ch":"F R 2M","ty":"light_minor","ar":[["R",2.0]]}},{"type":"Feature","geometry":{"type":"Point","coordinates":[20.018333,39.851667]},"properties":{"nm":"Sarandë - Lëkurës","ref":"3742.3","ch":"Fl(3) 30s 24M","ty":"light_minor"}},{"type":"Feature","geometry":{"type":"Point","coordinates":[20.163511,39.229089]},"properties":{"nm":"Longos","ref":"","ch":"F R 3M","ty":"light_minor","ar":[["R",3.0]]}},{"type":"Feature","geometry":{"type":"Point","coordinates":[20.222293,39.498741]},"properties":{"nm":"","ref":"","ch":"Fl G 1.5s","ty":"buoy_lateral","ar":[["G",null]]}},{"type":"Feature","geometry":{"type":"Point","coordinates":[20.215432,39.499851]},"properties":{"nm":"","ref":"","ch":"Fl G 1.5s","ty":"buoy_lateral","ar":[["G",null]]}},{"type":"Feature","geometry":{"type":"Point","coordinates":[20.222382,39.499563]},"properties":{"nm":"","ref":"","ch":"Fl R 1.5s","ty":"buoy_lateral","ar":[["R",null]]}},{"type":"Feature","geometry":{"type":"Point","coordinates":[20.208315,39.500928]},"properties":{"nm":"","ref":"","ch":"Fl G 1.5s","ty":"buoy_lateral","ar":[["G",null]]}},{"type":"Feature","geometry":{"type":"Point","coordinates":[20.215636,39.500647]},"properties":{"nm":"","ref":"","ch":"Fl R 1.5s","ty":"buoy_lateral","ar":[["R",null]]}},{"type":"Feature","geometry":{"type":"Point","coordinates":[20.201327,39.502084]},"properties":{"nm":"","ref":"","ch":"Fl G 1.5s","ty":"buoy_lateral","ar":[["G",null]]}},{"type":"Feature","geometry":{"type":"Point","coordinates":[20.208413,39.501771]},"properties":{"nm":"","ref":"","ch":"Fl R 1.5s","ty":"buoy_lateral","ar":[["R",null]]}},{"type":"Feature","geometry":{"type":"Point","coordinates":[20.201427,39.502968]},"properties":{"nm":"","ref":"","ch":"Fl R 1.5s","ty":"buoy_lateral","ar":[["R",null]]}},{"type":"Feature","geometry":{"type":"Point","coordinates":[20.222597,39.503843]},"properties":{"nm":"","ref":"","ch":"Fl(3) Y 10s 3M","ty":"beacon_special_purpose","ar":[["Y",3.0]]}},{"type":"Feature","geometry":{"type":"Point","coordinates":[20.225973,39.505271]},"properties":{"nm":"","ref":"","ch":"Fl Y 3s 3M","ty":"beacon_special_purpose","ar":[["Y",3.0]]}},{"type":"Feature","geometry":{"type":"Point","coordinates":[20.220407,39.506068]},"properties":{"nm":"","ref":"","ch":"Fl Y 3s 3M","ty":"beacon_special_purpose","ar":[["Y",3.0]]}},{"type":"Feature","geometry":{"type":"Point","coordinates":[20.026543,39.864055]},"properties":{"nm":"","ref":"","ch":"","ty":"lh"}},{"type":"Feature","geometry":{"type":"Point","coordinates":[20.764333,38.957472]},"properties":{"nm":"Akra Akri","ref":"E 3806","ch":"LFl W 7.5s 5M","ty":"light_minor","ss":[["W",18.0,156.0,5.0]]}},{"type":"Feature","geometry":{"type":"Point","coordinates":[17.092811,38.895187]},"properties":{"nm":"Faro di Capo Rizzuto","ref":"","ch":"","ty":"light_major"}},{"type":"Feature","geometry":{"type":"Point","coordinates":[19.914513,39.627691]},"properties":{"nm":"E 3760","ref":"E 3760","ch":"Q R 3M","ty":"light_minor","ar":[["R",3.0]]}},{"type":"Feature","geometry":{"type":"Point","coordinates":[19.910468,39.633132]},"properties":{"nm":"","ref":"","ch":"Fl G 1.5s","ty":"buoy_lateral","ar":[["G",null]]}},{"type":"Feature","geometry":{"type":"Point","coordinates":[20.877735,38.771551]},"properties":{"nm":"N 3850.5","ref":"N 3850.5","ch":"Fl G 3s 3M","ty":"light_minor","ar":[["G",3.0]]}},{"type":"Feature","geometry":{"type":"Point","coordinates":[19.412824,39.839207]},"properties":{"nm":"","ref":"","ch":"","ty":"lh"}},{"type":"Feature","geometry":{"type":"Point","coordinates":[20.888558,38.921247]},"properties":{"nm":"","ref":"","ch":"","ty":"lh"}},{"type":"Feature","geometry":{"type":"Point","coordinates":[20.222936,39.505851]},"properties":{"nm":"","ref":"","ch":"","ty":"lh"}},{"type":"Feature","geometry":{"type":"Point","coordinates":[20.261506,39.499812]},"properties":{"nm":"","ref":"","ch":"","ty":"lh"}},{"type":"Feature","geometry":{"type":"Point","coordinates":[19.484183,40.448374]},"properties":{"nm":"","ref":"","ch":"","ty":"lh"}},{"type":"Feature","geometry":{"type":"Point","coordinates":[19.741554,40.099864]},"properties":{"nm":"","ref":"","ch":"Fl(3) W 6M","ty":"landmark","ar":[["W",6.0]]}},{"type":"Feature","geometry":{"type":"Point","coordinates":[20.761189,38.944399]},"properties":{"nm":"Φανός Διαύλου Αμβρακικού Κόλπου (εκτός λειτουργίας)","ref":"","ch":"","ty":"lh"}},{"type":"Feature","geometry":{"type":"Point","coordinates":[19.950798,39.760035]},"properties":{"nm":"","ref":"","ch":"Fl Y 4s","ty":"mooring","ar":[["Y",null]]}},{"type":"Feature","geometry":{"type":"Point","coordinates":[20.913873,39.014001]},"properties":{"nm":"green","ref":"","ch":"","ty":"lh"}},{"type":"Feature","geometry":{"type":"Point","coordinates":[18.493171,40.148159]},"properties":{"nm":"","ref":"","ch":"Fl G 3s 4M","ty":"beacon_lateral","ar":[["G",4.0]]}},{"type":"Feature","geometry":{"type":"Point","coordinates":[20.701888,38.38458]},"properties":{"nm":"Limin Vathi","ref":"E 3860","ch":"Fl W 3s 5M","ty":"light_minor","ar":[["W",5.0]]}},{"type":"Feature","geometry":{"type":"Point","coordinates":[20.582003,38.460472]},"properties":{"nm":"Venetian Lighthouse","ref":"","ch":"","ty":"lh"}},{"type":"Feature","geometry":{"type":"Point","coordinates":[20.581986,38.461051]},"properties":{"nm":"Akra Fiskardhon","ref":"E 3876","ch":"Fl W 3s 7M","ty":"landmark","ar":[["W",7.0]]}},{"type":"Feature","geometry":{"type":"Point","coordinates":[20.341619,38.180114]},"properties":{"nm":"Γερόκομπος","ref":"","ch":"","ty":"lh"}},{"type":"Feature","geometry":{"type":"Point","coordinates":[20.4678,38.191397]},"properties":{"nm":"Akra Ayious Theodhoros","ref":"E 3890","ch":"Fl W 3s 5M","ty":"light_minor","ar":[["W",5.0]]}},{"type":"Feature","geometry":{"type":"Point","coordinates":[20.702147,37.931014]},"properties":{"nm":"Akra Skinari","ref":"E 3984","ch":"Fl W 5s 20M","ty":"light_major","ar":[["W",20.0]]}},{"type":"Feature","geometry":{"type":"Point","coordinates":[20.577431,38.460669]},"properties":{"nm":"","ref":"","ch":"F R 2M","ty":"light_minor","ar":[["R",2.0]]}},{"type":"Feature","geometry":{"type":"Point","coordinates":[20.601513,38.301426]},"properties":{"nm":"Ormos Ayios Evefemias","ref":"E 3874","ch":"Q G 3M","ty":"light_minor","ar":[["G",3.0]]}},{"type":"Feature","geometry":{"type":"Point","coordinates":[20.542605,38.563591]},"properties":{"nm":"Akra Dhoukaton","ref":"E 3836","ch":"Fl W 10s 20M","ty":"light_major","ar":[["W",20.0]]}},{"type":"Feature","geometry":{"type":"Point","coordinates":[20.605955,38.626614]},"properties":{"nm":"Ormos Vasilikis","ref":"N 3837","ch":"F G 3M","ty":"light_minor","ar":[["G",3.0]]}},{"type":"Feature","geometry":{"type":"Point","coordinates":[20.665817,38.3625]},"properties":{"nm":"Akra Pisaitos","ref":"E 3866","ch":"Fl W 5s 6M","ty":"light_minor","ar":[["W",6.0]]}},{"type":"Feature","geometry":{"type":"Point","coordinates":[20.677892,38.489221]},"properties":{"nm":"Akra Ayiou Nikolaou","ref":"N 3858.9","ch":"Fl(3) W 15s 7M","ty":"light_minor","ar":[["W",7.0]]}},{"type":"Feature","geometry":{"type":"Point","coordinates":[20.664765,38.459615]},"properties":{"nm":"Ormos Phrikon","ref":"E 3859","ch":"Fl R 2s 2M","ty":"light_minor","ar":[["R",2.0]]}},{"type":"Feature","geometry":{"type":"Point","coordinates":[20.691443,38.449098]},"properties":{"nm":"Ormos Kioni","ref":"E 3859.5","ch":"F G 3M","ty":"light_minor","ar":[["G",3.0]]}},{"type":"Feature","geometry":{"type":"Point","coordinates":[20.698733,38.376217]},"properties":{"nm":"NS Skartroupo","ref":"E 3861","ch":"Fl G 4s 3M","ty":"light_minor","ss":[["G",18.0,322.0,3.0]]}},{"type":"Feature","geometry":{"type":"Point","coordinates":[20.7129,38.368452]},"properties":{"nm":"Nisis Loimokathartirion","ref":"N 3862","ch":"Q G 2M","ty":"light_minor","ar":[["G",2.0]]}},{"type":"Feature","geometry":{"type":"Point","coordinates":[20.647036,38.254059]},"properties":{"nm":"Sami","ref":"E 3872","ch":"Fl R 2s 4M","ty":"light_minor","ar":[["R",4.0]]}},{"type":"Feature","geometry":{"type":"Point","coordinates":[20.675899,38.280833]},"properties":{"nm":"Akra Dhik Halia","ref":"E 3870","ch":"Fl(2) R 8s 5M","ty":"light_minor","ar":[["R",5.0]]}},{"type":"Feature","geometry":{"type":"Point","coordinates":[20.490583,38.184583]},"properties":{"nm":"Argostolion","ref":"E 3892","ch":"Fl G 3s 3M","ty":"light_minor","ar":[["G",3.0]]}},{"type":"Feature","geometry":{"type":"Point","coordinates":[20.442207,38.201678]},"properties":{"nm":"Lixourion","ref":"E 3884","ch":"Fl R 1.5s","ty":"light_minor","ss":[["G",9.0,345.0,null],["R",9.0,345.0,null]]}},{"type":"Feature","geometry":{"type":"Point","coordinates":[20.341167,38.1801]},"properties":{"nm":"Akra Yerogombos","ref":"E 3880","ch":"LFl(2) W 15s 24M","ty":"light_minor","ar":[["W",24.0]]}},{"type":"Feature","geometry":{"type":"Point","coordinates":[20.712956,37.905027]},"properties":{"nm":"Ayios Nikolaos","ref":"E 3985","ch":"Fl W 2s 7M","ty":"light_minor","ar":[["W",7.0]]}},{"type":"Feature","geometry":{"type":"Point","coordinates":[20.443183,38.200967]},"properties":{"nm":"Lixourion","ref":"E 3884","ch":"Fl R 1.5s 3M","ty":"light_minor","ss":[["R",9.0,345.0,3.0]]}},{"type":"Feature","geometry":{"type":"Point","coordinates":[20.60467,38.624684]},"properties":{"nm":"Ormos Vasilikis","ref":"","ch":"Fl G 3s 3M","ty":"light_minor","ar":[["G",3.0]]}},{"type":"Feature","geometry":{"type":"Point","coordinates":[20.714578,38.391458]},"properties":{"nm":"","ref":"","ch":"","ty":"lh"}},{"type":"Feature","geometry":{"type":"Point","coordinates":[15.131789,36.686206]},"properties":{"nm":"Faro di Cozzo Spadaro","ref":"","ch":"","ty":"lh"}},{"type":"Feature","geometry":{"type":"Point","coordinates":[15.302586,37.042571]},"properties":{"nm":"Faro Massolivieri","ref":"","ch":"","ty":"lh"}},{"type":"Feature","geometry":{"type":"Point","coordinates":[15.335061,37.003146]},"properties":{"nm":"Capo Murro di Porco","ref":"E 1876","ch":"Fl W 5s 17M","ty":"light_major","ss":[["W",160.0,90.0,17.0]]}},{"type":"Feature","geometry":{"type":"Point","coordinates":[14.552037,36.782559]},"properties":{"nm":"","ref":"","ch":"","ty":"lh"}},{"type":"Feature","geometry":{"type":"Point","coordinates":[14.427733,36.892378]},"properties":{"nm":"Faro di Scoglitti","ref":"","ch":"","ty":"lh"}},{"type":"Feature","geometry":{"type":"Point","coordinates":[14.493998,36.787286]},"properties":{"nm":"Faro di Capo Scaramia","ref":"","ch":"","ty":"lh"}},{"type":"Feature","geometry":{"type":"Point","coordinates":[15.234213,37.158255]},"properties":{"nm":"Penisola Magnisi","ref":"E 1860","ch":"Fl(4) W 12s 11M","ty":"light_minor","ss":[["W",90.0,320.0,11.0]]}},{"type":"Feature","geometry":{"type":"Point","coordinates":[12.27227,37.93504]},"properties":{"nm":"Punta Sottile","ref":"","ch":"Fl W 8s 25M","ty":"light_major","ss":[["W",316.0,237.0,25.0]]}},{"type":"Feature","geometry":{"type":"Point","coordinates":[15.085129,37.488983]},"properties":{"nm":"Sciara Biscari","ref":"","ch":"Fl W 5s 22M","ty":"light_major","ar":[["W",22.0]]}},{"type":"Feature","geometry":{"type":"Point","coordinates":[15.152456,37.200848]},"properties":{"nm":"Faro Dromo Gigia","ref":"","ch":"","ty":"lh"}},{"type":"Feature","geometry":{"type":"Point","coordinates":[15.184091,37.199241]},"properties":{"nm":"Faro Punta Giannalena","ref":"","ch":"","ty":"lh"}},{"type":"Feature","geometry":{"type":"Point","coordinates":[15.131786,36.686218]},"properties":{"nm":"Cozzo Spadaro","ref":"E 1882","ch":"Fl(3) W 15s 24M","ty":"light_major","ss":[["W",170.0,95.0,24.0]]}},{"type":"Feature","geometry":{"type":"Point","coordinates":[15.137595,36.869305]},"properties":{"nm":"","ref":"","ch":"","ty":"lh"}},{"type":"Feature","geometry":{"type":"Point","coordinates":[13.07579,37.50073]},"properties":{"nm":"E 1928","ref":"E 1928","ch":"LFl G 6s 8M","ty":"beacon_lateral","ar":[["G",8.0]]}},{"type":"Feature","geometry":{"type":"Point","coordinates":[13.07656,37.50247]},"properties":{"nm":"E 1927","ref":"E 1927","ch":"LFl R 6s 8M","ty":"beacon_lateral","ar":[["R",8.0]]}},{"type":"Feature","geometry":{"type":"Point","coordinates":[13.078747,37.502223]},"properties":{"nm":"E 1926.2","ref":"E 1926.2","ch":"Fl G 4s 2M","ty":"beacon_lateral","ar":[["G",2.0]]}},{"type":"Feature","geometry":{"type":"Point","coordinates":[13.080186,37.503745]},"properties":{"nm":"E 1926","ref":"E 1926","ch":"Fl G 5s 2M","ty":"beacon_lateral","ar":[["G",2.0]]}},{"type":"Feature","geometry":{"type":"Point","coordinates":[15.098773,37.491599]},"properties":{"nm":"","ref":"","ch":"Fl G 2s 5M","ty":"light_minor","ss":[["G",355.0,175.0,5.0]]}},{"type":"Feature","geometry":{"type":"Point","coordinates":[15.149766,37.556067]},"properties":{"nm":"Acicastello","ref":"E 1827","ch":"Fl R 4s 3M","ty":"light_minor","ar":[["R",3.0]]}},{"type":"Feature","geometry":{"type":"Point","coordinates":[15.186372,37.285809]},"properties":{"nm":"Brucoli","ref":"E 1836","ch":"Fl W 5s 11M","ty":"light_minor","ar":[["W",11.0]]}},{"type":"Feature","geometry":{"type":"Point","coordinates":[15.256295,37.243376]},"properties":{"nm":"Capo Santa Croce","ref":"E 1838","ch":"LFl(2) W 12s 16M","ty":"light_major","ss":[["W",146.0,21.0,16.0]]}},{"type":"Feature","geometry":{"type":"Point","coordinates":[15.214013,37.17528]},"properties":{"nm":"E 1858.6","ref":"E 1858.6","ch":"Fl R 3s 5M","ty":"beacon_lateral","ar":[["R",5.0]]}},{"type":"Feature","geometry":{"type":"Point","coordinates":[15.216536,37.177123]},"properties":{"nm":"E 1858.4","ref":"E 1858.4","ch":"Fl G 3s 5M","ty":"beacon_lateral","ar":[["G",5.0]]}},{"type":"Feature","geometry":{"type":"Point","coordinates":[15.206806,37.172941]},"properties":{"nm":"E 1858.3","ref":"E 1858.3","ch":"F R 3M","ty":"light_minor","ar":[["R",3.0]]}},{"type":"Feature","geometry":{"type":"Point","coordinates":[15.2056,37.178152]},"properties":{"nm":"E 1858.1","ref":"E 1858.1","ch":"F R 3M","ty":"light_minor","ar":[["R",3.0]]}},{"type":"Feature","geometry":{"type":"Point","coordinates":[15.207522,37.1752]},"properties":{"nm":"Solids","ref":"E 1858.2","ch":"F R 3M","ty":"light_minor","ar":[["G",3.0],["R",3.0],["R",3.0]]}},{"type":"Feature","geometry":{"type":"Point","coordinates":[15.206309,37.181674]},"properties":{"nm":"E 1858","ref":"E 1858","ch":"F G 3M","ty":"light_minor","ar":[["R",3.0],["G",3.0],["G",3.0]]}},{"type":"Feature","geometry":{"type":"Point","coordinates":[15.206049,37.188633]},"properties":{"nm":"E 1857.4","ref":"E 1857.4","ch":"F G 3M","ty":"light_minor","ar":[["G",3.0]]}},{"type":"Feature","geometry":{"type":"Point","coordinates":[15.190213,37.192273]},"properties":{"nm":"E 1856.5","ref":"E 1856.5","ch":"F R 3M","ty":"light_minor","ar":[["R",3.0]]}},{"type":"Feature","geometry":{"type":"Point","coordinates":[15.19322,37.195095]},"properties":{"nm":"E 1856","ref":"E 1856","ch":"F G 3M","ty":"light_minor","ar":[["G",3.0]]}},{"type":"Feature","geometry":{"type":"Point","coordinates":[15.185567,37.210017]},"properties":{"nm":"E 1855.2","ref":"E 1855.2","ch":"Fl Y 3s 3M","ty":"beacon_special_purpose","ar":[["Y",3.0]]}},{"type":"Feature","geometry":{"type":"Point","coordinates":[15.193978,37.211415]},"properties":{"nm":"E 1854","ref":"E 1854","ch":"F R 3M","ty":"light_minor","ar":[["G",3.0],["R",3.0]]}},{"type":"Feature","geometry":{"type":"Point","coordinates":[15.19502,37.207067]},"properties":{"nm":"No.2","ref":"E 1855","ch":"F R 3M","ty":"light_minor","ar":[["R",3.0],["R",3.0],["G",3.0]]}},{"type":"Feature","geometry":{"type":"Point","coordinates":[15.195591,37.234401]},"properties":{"nm":"E 1852.6","ref":"E 1852.6","ch":"F R 4M","ty":"light_minor","ar":[["G",4.0],["R",4.0],["R",4.0]]}},{"type":"Feature","geometry":{"type":"Point","coordinates":[15.197539,37.235392]},"properties":{"nm":"E 1852.5","ref":"E 1852.5","ch":"F G 4M","ty":"light_minor","ar":[["G",4.0]]}},{"type":"Feature","geometry":{"type":"Point","coordinates":[15.215262,37.238648]},"properties":{"nm":"E 1852","ref":"E 1852","ch":"F G 3M","ty":"light_minor","ar":[["G",3.0]]}},{"type":"Feature","geometry":{"type":"Point","coordinates":[15.215706,37.23234]},"properties":{"nm":"E 1850","ref":"E 1850","ch":"Fl G 3s 4M","ty":"light_minor","ar":[["G",4.0]]}},{"type":"Feature","geometry":{"type":"Point","coordinates":[15.216641,37.225692]},"properties":{"nm":"Darsena Servizi","ref":"E 1849.6","ch":"Fl G 5s 4M","ty":"light_minor","ar":[["G",4.0]]}},{"type":"Feature","geometry":{"type":"Point","coordinates":[15.212211,37.219735]},"properties":{"nm":"Augusta","ref":"E 1849.4","ch":"Q(9) W 15s 5M","ty":"beacon_cardinal","ar":[["W",5.0]]}},{"type":"Feature","geometry":{"type":"Point","coordinates":[15.22262,37.216014]},"properties":{"nm":"E 1849","ref":"E 1849","ch":"F R 3M","ty":"light_minor","ar":[["R",3.0]]}},{"type":"Feature","geometry":{"type":"Point","coordinates":[15.152523,37.200899]},"properties":{"nm":"Dromo Gigia","ref":"E 1846.1","ch":"Oc W 5s 17M","ty":"light_major","ss":[["W",245.0,301.0,17.0]]}},{"type":"Feature","geometry":{"type":"Point","coordinates":[15.232061,37.194803]},"properties":{"nm":"E 1848","ref":"E 1848","ch":"Fl(2) R 10s 8M","ty":"beacon_lateral","ar":[["R",8.0]]}},{"type":"Feature","geometry":{"type":"Point","coordinates":[15.232266,37.198444]},"properties":{"nm":"E 1847","ref":"E 1847","ch":"Fl(2) G 10s 8M","ty":"beacon_lateral","ar":[["G",8.0]]}},{"type":"Feature","geometry":{"type":"Point","coordinates":[15.238081,37.145762]},"properties":{"nm":"E 1861","ref":"E 1861","ch":"F G 3M","ty":"light_minor","ar":[["G",3.0]]}},{"type":"Feature","geometry":{"type":"Point","coordinates":[15.223333,37.139933]},"properties":{"nm":"E 1861.5","ref":"E 1861.5","ch":"F R 4M","ty":"light_minor","ar":[["R",4.0]]}},{"type":"Feature","geometry":{"type":"Point","coordinates":[15.261867,37.109733]},"properties":{"nm":"E 1862.8","ref":"E 1862.8","ch":"Fl Y 3s 4M","ty":"beacon_special_purpose","ar":[["Y",4.0]]}},{"type":"Feature","geometry":{"type":"Point","coordinates":[15.261683,37.106267]},"properties":{"nm":"A3","ref":"E 1862.61","ch":"Q W 5M","ty":"light_minor","ss":[["W",218.0,251.0,5.0]]}},{"type":"Feature","geometry":{"type":"Point","coordinates":[15.257883,37.104867]},"properties":{"nm":"E 1862.6","ref":"E 1862.6","ch":"Oc R 3s 4M","ty":"light_minor","ss":[["R",219.0,251.0,4.0]]}},{"type":"Feature","geometry":{"type":"Point","coordinates":[15.26055,37.106733]},"properties":{"nm":"A2","ref":"E 1862.59","ch":"Q R 3M","ty":"light_minor","ss":[["R",214.0,247.0,3.0]]}},{"type":"Feature","geometry":{"type":"Point","coordinates":[15.252167,37.1085]},"properties":{"nm":"E 1862.51","ref":"E 1862.51","ch":"Oc G 3s 4M","ty":"light_minor","ss":[["G",206.0,239.0,4.0]]}},{"type":"Feature","geometry":{"type":"Point","coordinates":[15.252029,37.114273]},"properties":{"nm":"E 1861.8","ref":"E 1861.8","ch":"Q R 4M","ty":"light_minor","ar":[["R",4.0]]}},{"type":"Feature","geometry":{"type":"Point","coordinates":[15.26247,37.110574]},"properties":{"nm":"E 1862","ref":"E 1862","ch":"F G 5M","ty":"light_minor","ar":[["G",5.0]]}},{"type":"Feature","geometry":{"type":"Point","coordinates":[15.293554,37.067658]},"properties":{"nm":"E 1865","ref":"E 1865","ch":"F R 3M","ty":"light_minor","ar":[["R",3.0]]}},{"type":"Feature","geometry":{"type":"Point","coordinates":[15.293387,37.068252]},"properties":{"nm":"Porto Marmorea","ref":"E 1864","ch":"F G 3M","ty":"light_minor","ar":[["G",3.0]]}},{"type":"Feature","geometry":{"type":"Point","coordinates":[15.262212,37.047317]},"properties":{"nm":"Faro Carrozzieri","ref":"E 1868.1","ch":"Oc W 5s 17M","ty":"light_major","ss":[["W",267.2,267.2,17.0],["W",261.0,272.0,17.0]]}},{"type":"Feature","geometry":{"type":"Point","coordinates":[15.273464,37.047739]},"properties":{"nm":"Caderini","ref":"E 1868","ch":"Iso R 2s 17M","ty":"light_major","ss":[["R",224.0,274.0,17.0]]}},{"type":"Feature","geometry":{"type":"Point","coordinates":[15.30225,37.060733]},"properties":{"nm":"Isola dei Cani","ref":"E 1865.5","ch":"Fl(2) W 6s 3M","ty":"beacon_isolated_danger","ar":[["W",3.0]]}},{"type":"Feature","geometry":{"type":"Point","coordinates":[15.302597,37.042574]},"properties":{"nm":"Punta Castelluccio","ref":"E 1867","ch":"Fl R 3s 9M","ty":"light_minor","ar":[["R",9.0]]}},{"type":"Feature","geometry":{"type":"Point","coordinates":[15.263767,36.9792]},"properties":{"nm":"Ognina","ref":"E 1877.8","ch":"Iso W 2s 2M","ty":"light_minor","ar":[["W",2.0]]}},{"type":"Feature","geometry":{"type":"Point","coordinates":[15.123319,36.733708]},"properties":{"nm":"E 1878","ref":"E 1878","ch":"Fl G 5s 4M","ty":"light_minor","ar":[["G",4.0]]}},{"type":"Feature","geometry":{"type":"Point","coordinates":[15.122231,36.733155]},"properties":{"nm":"Marzamemi","ref":"E 1879","ch":"Fl R 5s 3M","ty":"light_minor","ar":[["R",3.0]]}},{"type":"Feature","geometry":{"type":"Point","coordinates":[15.155967,36.716533]},"properties":{"nm":"Acqua Azzura","ref":"E 1880","ch":"F R","ty":"light_vessel","ar":[["R",null]]}},{"type":"Feature","geometry":{"type":"Point","coordinates":[15.151717,36.688767]},"properties":{"nm":"Capo Passero","ref":"E 1884","ch":"Fl(2) W 10s 11M","ty":"light_minor","ss":[["W",151.0,63.0,11.0]]}},{"type":"Feature","geometry":{"type":"Point","coordinates":[15.121367,36.6687]},"properties":{"nm":"Porto Palo","ref":"E 1885","ch":"Fl G 3s 3M","ty":"light_minor","ar":[["G",3.0]]}},{"type":"Feature","geometry":{"type":"Point","coordinates":[15.077431,36.645185]},"properties":{"nm":"Isola delle Correnti","ref":"E 1886","ch":"Fl W 4s 11M","ty":"light_minor","ar":[["W",11.0]]}},{"type":"Feature","geometry":{"type":"Point","coordinates":[14.931899,36.686286]},"properties":{"nm":"Scogli Porri","ref":"E 1888","ch":"Fl(2) W 6s 11M","ty":"light_minor","ar":[["W",11.0]]}},{"type":"Feature","geometry":{"type":"Point","coordinates":[14.840798,36.709217]},"properties":{"nm":"E 1891","ref":"E 1891","ch":"F R 3M","ty":"light_minor","ar":[["R",3.0]]}},{"type":"Feature","geometry":{"type":"Point","coordinates":[14.631861,36.76138]},"properties":{"nm":"Donnalucata","ref":"E 1892","ch":"F G 3M","ty":"light_minor","ar":[["G",3.0]]}},{"type":"Feature","geometry":{"type":"Point","coordinates":[14.625633,36.539267]},"properties":{"nm":"Vega","ref":"E 7120","ch":"Mo(U) W 15s 10M","ty":"platform","ar":[["W",10.0]]}},{"type":"Feature","geometry":{"type":"Point","coordinates":[14.427747,36.892381]},"properties":{"nm":"Scoglitti","ref":"E 1898","ch":"Fl(3) W 10s 11M","ty":"light_minor","ar":[["W",11.0]]}},{"type":"Feature","geometry":{"type":"Point","coordinates":[14.256729,37.029343]},"properties":{"nm":"E 1900","ref":"E 1900","ch":"Oc R 4s 3M","ty":"light_minor","ar":[["R",3.0]]}},{"type":"Feature","geometry":{"type":"Point","coordinates":[14.252247,37.032294]},"properties":{"nm":"E 1900.4","ref":"E 1900.4","ch":"F R 3M","ty":"light_minor","ar":[["G",3.0],["R",3.0]]}},{"type":"Feature","geometry":{"type":"Point","coordinates":[14.246296,37.034519]},"properties":{"nm":"E 1900.2","ref":"E 1900.2","ch":"Oc G 4s 3M","ty":"light_minor","ar":[["G",3.0]]}},{"type":"Feature","geometry":{"type":"Point","coordinates":[14.229117,37.063932]},"properties":{"nm":"E 1902.2","ref":"E 1902.2","ch":"Fl R 3s 8M","ty":"light_minor","ar":[["R",8.0]]}},{"type":"Feature","geometry":{"type":"Point","coordinates":[14.229893,37.062933]},"properties":{"nm":"E 1902","ref":"E 1902","ch":"Fl G 3s 8M","ty":"light_minor","ar":[["G",8.0]]}},{"type":"Feature","geometry":{"type":"Point","coordinates":[13.934227,37.091973]},"properties":{"nm":"","ref":"","ch":"F G 3M","ty":"beacon_lateral","ar":[["G",3.0]]}},{"type":"Feature","geometry":{"type":"Point","coordinates":[13.933273,37.09238]},"properties":{"nm":"","ref":"","ch":"F R 3M","ty":"light_minor","ar":[["R",3.0]]}},{"type":"Feature","geometry":{"type":"Point","coordinates":[13.939806,37.084747]},"properties":{"nm":"","ref":"","ch":"Fl R 5s 8M","ty":"beacon_lateral","ar":[["R",8.0]]}},{"type":"Feature","geometry":{"type":"Point","coordinates":[13.943109,37.084861]},"properties":{"nm":"E 1908","ref":"E 1908","ch":"Fl G 5s 8M","ty":"beacon_lateral","ar":[["G",8.0]]}},{"type":"Feature","geometry":{"type":"Point","coordinates":[13.941091,37.096304]},"properties":{"nm":"Faro di San Giacomo","ref":"","ch":"Fl W 5s 21M","ty":"light_major","ss":[["W",180.0,95.0,21.0]]}},{"type":"Feature","geometry":{"type":"Point","coordinates":[13.529964,37.284475]},"properties":{"nm":"E 1920","ref":"E 1920","ch":"F R 3M","ty":"light_minor","ss":[["R",172.0,50.0,3.0]]}},{"type":"Feature","geometry":{"type":"Point","coordinates":[13.527479,37.27496]},"properties":{"nm":"E 1916","ref":"E 1916","ch":"Fl R 3s 8M","ty":"light_minor","ar":[["R",8.0]]}},{"type":"Feature","geometry":{"type":"Point","coordinates":[13.528119,37.280055]},"properties":{"nm":"E 1918","ref":"E 1918","ch":"Fl G 3s 8M","ty":"light_minor","ar":[["G",8.0]]}},{"type":"Feature","geometry":{"type":"Point","coordinates":[13.450311,37.294887]},"properties":{"nm":"Capo Rossello","ref":"E 1922","ch":"Fl(2) W 10s 22M","ty":"light_major","ar":[["W",22.0]]}},{"type":"Feature","geometry":{"type":"Point","coordinates":[12.948783,37.532367]},"properties":{"nm":"E 1928.7","ref":"E 1928.7","ch":"Fl Y 5s 6M","ty":"beacon_special_purpose","ar":[["Y",6.0]]}},{"type":"Feature","geometry":{"type":"Point","coordinates":[13.020906,37.495887]},"properties":{"nm":"Capo San Marco","ref":"E 1928.5","ch":"Fl(3) W 15s 18M","ty":"light_major","ar":[["W",18.0]]}},{"type":"Feature","geometry":{"type":"Point","coordinates":[15.077468,36.645233]},"properties":{"nm":"","ref":"","ch":"","ty":"lh"}},{"type":"Feature","geometry":{"type":"Point","coordinates":[13.938457,37.088645]},"properties":{"nm":"","ref":"","ch":"Fl R 3s 4M","ty":"beacon_lateral","ar":[["R",4.0]]}},{"type":"Feature","geometry":{"type":"Point","coordinates":[13.942575,37.09043]},"properties":{"nm":"","ref":"","ch":"","ty":"lh"}},{"type":"Feature","geometry":{"type":"Point","coordinates":[13.9433,37.091567]},"properties":{"nm":"","ref":"","ch":"","ty":"lh"}},{"type":"Feature","geometry":{"type":"Point","coordinates":[13.527509,37.274882]},"properties":{"nm":"","ref":"","ch":"","ty":"lh"}},{"type":"Feature","geometry":{"type":"Point","coordinates":[13.528019,37.280081]},"properties":{"nm":"","ref":"","ch":"","ty":"lh"}},{"type":"Feature","geometry":{"type":"Point","coordinates":[13.937992,37.091519]},"properties":{"nm":"","ref":"","ch":"Fl G 3s 4M","ty":"beacon_lateral","ar":[["G",4.0]]}},{"type":"Feature","geometry":{"type":"Point","coordinates":[15.258835,37.11295]},"properties":{"nm":"E 1862.9","ref":"E 1862.9","ch":"Fl Y 5s 3M","ty":"beacon_special_purpose","ar":[["Y",3.0]]}},{"type":"Feature","geometry":{"type":"Point","coordinates":[15.255067,37.1105]},"properties":{"nm":"A1","ref":"E 1862.5","ch":"Q G 4M","ty":"light_minor","ss":[["G",211.0,244.0,4.0]]}},{"type":"Feature","geometry":{"type":"Point","coordinates":[15.184117,37.199233]},"properties":{"nm":"E 1846","ref":"E 1846","ch":"Iso W 4s 12M","ty":"light_minor","ss":[["W",247.0,299.0,12.0]]}},{"type":"Feature","geometry":{"type":"Point","coordinates":[15.224336,37.211883]},"properties":{"nm":"","ref":"","ch":"","ty":"lh"}},{"type":"Feature","geometry":{"type":"Point","coordinates":[15.115078,37.530593]},"properties":{"nm":"","ref":"","ch":"","ty":"pile"}},{"type":"Feature","geometry":{"type":"Point","coordinates":[15.197479,37.191119]},"properties":{"nm":"E 1857","ref":"E 1857","ch":"Fl G 2s 3M","ty":"light_minor","ar":[["R",3.0],["G",3.0]]}},{"type":"Feature","geometry":{"type":"Point","coordinates":[15.209783,37.164239]},"properties":{"nm":"Seno del Priolo","ref":"E 1859","ch":"Iso R 2s 3M","ty":"light_minor","ar":[["R",3.0]]}},{"type":"Feature","geometry":{"type":"Point","coordinates":[15.270401,37.117445]},"properties":{"nm":"E 1862.4","ref":"E 1862.4","ch":"F G 2M","ty":"light_minor","ar":[["G",2.0]]}},{"type":"Feature","geometry":{"type":"Point","coordinates":[15.099465,37.48404]},"properties":{"nm":"E 1830","ref":"E 1830","ch":"LFl G 5s 5M","ty":"light_minor","ar":[["G",5.0]]}},{"type":"Feature","geometry":{"type":"Point","coordinates":[15.095411,37.487785]},"properties":{"nm":"E 1832.5","ref":"E 1832.5","ch":"Fl R 3s 5M","ty":"light_minor","ar":[["R",5.0]]}},{"type":"Feature","geometry":{"type":"Point","coordinates":[15.077418,36.645122]},"properties":{"nm":"","ref":"","ch":"","ty":"lh"}},{"type":"Feature","geometry":{"type":"Point","coordinates":[14.834763,36.718858]},"properties":{"nm":"","ref":"","ch":"F R","ty":"light_minor","ar":[["R",null]]}},{"type":"Feature","geometry":{"type":"Point","coordinates":[14.833433,36.718751]},"properties":{"nm":"","ref":"","ch":"F G","ty":"light_minor","ar":[["G",null]]}},{"type":"Feature","geometry":{"type":"Point","coordinates":[14.832477,36.712617]},"properties":{"nm":"","ref":"","ch":"F G","ty":"light_minor","ar":[["G",null]]}},{"type":"Feature","geometry":{"type":"Point","coordinates":[15.193012,37.228986]},"properties":{"nm":"","ref":"","ch":"Fl G 1.5s 3M","ty":"light_minor","ar":[["G",3.0]]}},{"type":"Feature","geometry":{"type":"Point","coordinates":[15.192971,37.229789]},"properties":{"nm":"","ref":"","ch":"Fl R 1.5s 3M","ty":"light_minor","ar":[["R",3.0]]}},{"type":"Feature","geometry":{"type":"Point","coordinates":[15.094993,37.492122]},"properties":{"nm":"","ref":"","ch":"Fl R 4s 3M","ty":"light_minor","ar":[["R",3.0]]}},{"type":"Feature","geometry":{"type":"Point","coordinates":[14.218429,36.072227]},"properties":{"nm":"Gurden","ref":"E 2050","ch":"Fl W 7.5s 20M","ty":"light_major","ar":[["W",20.0]]}},{"type":"Feature","geometry":{"type":"Point","coordinates":[10.348913,36.872618]},"properties":{"nm":"سيدي بوسعيد","ref":"","ch":"","ty":"lh"}},{"type":"Feature","geometry":{"type":"Point","coordinates":[14.52546,35.90264]},"properties":{"nm":"Saint Elmo","ref":"E 2062","ch":"Q G 7M","ty":"beacon_special_purpose","ar":[["G",7.0]]}},{"type":"Feature","geometry":{"type":"Point","coordinates":[11.044379,37.081434]},"properties":{"nm":"ناظور الرأس الطيب","ref":"","ch":"","ty":"lh"}},{"type":"Feature","geometry":{"type":"Point","coordinates":[12.860404,35.856513]},"properties":{"nm":"","ref":"","ch":"","ty":"lh"}},{"type":"Feature","geometry":{"type":"Point","coordinates":[10.61357,36.394395]},"properties":{"nm":"Phare d'Hammamet","ref":"","ch":"","ty":"light_major"}},{"type":"Feature","geometry":{"type":"Point","coordinates":[10.894432,35.676386]},"properties":{"nm":"Phare Blanc","ref":"","ch":"","ty":"lh"}},{"type":"Feature","geometry":{"type":"Point","coordinates":[10.894,35.675715]},"properties":{"nm":"Phare Vert","ref":"","ch":"","ty":"lh"}},{"type":"Feature","geometry":{"type":"Point","coordinates":[10.894153,35.67514]},"properties":{"nm":"Phare Rouge","ref":"","ch":"","ty":"lh"}},{"type":"Feature","geometry":{"type":"Point","coordinates":[12.541724,35.526102]},"properties":{"nm":"","ref":"","ch":"","ty":"lh"}},{"type":"Feature","geometry":{"type":"Point","coordinates":[11.033862,35.800263]},"properties":{"nm":"Phare de Kuriat","ref":"","ch":"","ty":"lh"}},{"type":"Feature","geometry":{"type":"Point","coordinates":[10.635514,35.822035]},"properties":{"nm":"Susah","ref":"E 6382","ch":"Fl W 4s 22M","ty":"light_major","ar":[["W",22.0]]}},{"type":"Feature","geometry":{"type":"Point","coordinates":[10.635513,35.822036]},"properties":{"nm":"Phare de Sousse","ref":"","ch":"","ty":"lh"}},{"type":"Feature","geometry":{"type":"Point","coordinates":[11.961011,36.768305]},"properties":{"nm":"Scauri","ref":"E 2096","ch":"Fl W 5s 10M","ty":"light_minor","ar":[["W",10.0]]}},{"type":"Feature","geometry":{"type":"Point","coordinates":[12.032069,36.739686]},"properties":{"nm":"Punta Limarsi","ref":"E 2106","ch":"Fl(3) W 15s 7M","ty":"light_minor","ar":[["W",7.0]]}},{"type":"Feature","geometry":{"type":"Point","coordinates":[12.048416,36.798894]},"properties":{"nm":"Punta Tracino","ref":"E 2107","ch":"Fl(2) W 10s 10M","ty":"light_minor","ar":[["W",10.0]]}},{"type":"Feature","geometry":{"type":"Point","coordinates":[12.012449,36.824267]},"properties":{"nm":"Punta Spadillo","ref":"E 2094","ch":"Fl(2) W 10s 24M","ty":"light_major","ar":[["W",24.0]]}},{"type":"Feature","geometry":{"type":"Point","coordinates":[12.320171,35.551143]},"properties":{"nm":"Isolotto Lampione","ref":"E 2084","ch":"Fl(2) W 10s 7M","ty":"light_minor","ar":[["W",7.0]]}},{"type":"Feature","geometry":{"type":"Point","coordinates":[12.86034,35.856542]},"properties":{"nm":"Punta Arena Bianca","ref":"E 2080","ch":"Fl W 5s 9M","ty":"light_minor","ss":[["W",276.5,150.0,9.0]]}},{"type":"Feature","geometry":{"type":"Point","coordinates":[12.880138,35.872263]},"properties":{"nm":"Punta Beppe Tuccio","ref":"E 2082","ch":"Fl(4) W 20s 16M","ty":"light_major","ss":[["W",107.0,345.0,16.0]]}},{"type":"Feature","geometry":{"type":"Point","coordinates":[12.518326,35.520324]},"properties":{"nm":"Capo Ponente","ref":"E 2086","ch":"Fl(3) W 15s 8M","ty":"light_minor","ss":[["W",290.0,222.0,8.0]]}},{"type":"Feature","geometry":{"type":"Point","coordinates":[12.599436,35.496071]},"properties":{"nm":"E 2090","ref":"E 2090","ch":"Fl R 3s 8M","ty":"light_minor","ar":[["R",8.0]]}},{"type":"Feature","geometry":{"type":"Point","coordinates":[12.603983,35.4983]},"properties":{"nm":"Punta Favaloro","ref":"E 2091","ch":"Fl R 5s 7M","ty":"light_minor","ar":[["R",7.0]]}},{"type":"Feature","geometry":{"type":"Point","coordinates":[12.606435,35.498454]},"properties":{"nm":"E 2092","ref":"E 2092","ch":"F R 3M","ty":"light_minor","ar":[["R",3.0]]}},{"type":"Feature","geometry":{"type":"Point","coordinates":[12.603877,35.495328]},"properties":{"nm":"E 2089","ref":"E 2089","ch":"Fl G 3s 8M","ty":"light_minor","ar":[["G",8.0]]}},{"type":"Feature","geometry":{"type":"Point","coordinates":[12.632173,35.517696]},"properties":{"nm":"Capo Grecale","ref":"E 2088","ch":"Fl W 5s 22M","ty":"light_major","ss":[["W",112.0,75.0,22.0]]}},{"type":"Feature","geometry":{"type":"Point","coordinates":[14.549665,35.827678]},"properties":{"nm":"E 2076","ref":"E 2076","ch":"Fl W 2s","ty":"light_minor","ar":[["W",null]]}},{"type":"Feature","geometry":{"type":"Point","coordinates":[14.542656,35.821866]},"properties":{"nm":"E 2070.7","ref":"E 2070.7","ch":"LFl R 10s 8M","ty":"light_minor","ar":[["R",8.0]]}},{"type":"Feature","geometry":{"type":"Point","coordinates":[14.546874,35.820462]},"properties":{"nm":"E 2070.4","ref":"E 2070.4","ch":"Q R 8M","ty":"light_minor","ar":[["R",8.0]]}},{"type":"Feature","geometry":{"type":"Point","coordinates":[14.549572,35.81803]},"properties":{"nm":"E 2070.6","ref":"E 2070.6","ch":"Fl R 3s 6M","ty":"light_minor","ss":[["R",260.0,42.0,6.0]]}},{"type":"Feature","geometry":{"type":"Point","coordinates":[14.558781,35.821981]},"properties":{"nm":"Delimara Point","ref":"E 2070","ch":"Fl(2) W 12s 15M","ty":"light_major","ss":[["W",272.0,90.0,15.0]]}},{"type":"Feature","geometry":{"type":"Point","coordinates":[14.467738,35.85532]},"properties":{"nm":"Luqa","ref":"E 2068","ch":"Mo(LU) G 9s 25M","ty":"light_major","ss":[["G",170.0,345.0,25.0]]}},{"type":"Feature","geometry":{"type":"Point","coordinates":[14.518967,35.902583]},"properties":{"nm":"Valleta","ref":"E 2061.5","ch":"Fl(3) W 15s 19M","ty":"light_major","ar":[["W",19.0]]}},{"type":"Feature","geometry":{"type":"Point","coordinates":[14.5404,35.907417]},"properties":{"nm":"Fairway Buoy","ref":"X 10532","ch":"LFl W 10s","ty":"buoy_safe_water","ar":[["W",null]]}},{"type":"Feature","geometry":{"type":"Point","coordinates":[14.358733,35.971957]},"properties":{"nm":"Mellieha","ref":"E 2057","ch":"Fl(2) W 5s 2M","ty":"light_minor","ar":[["W",2.0]]}},{"type":"Feature","geometry":{"type":"Point","coordinates":[14.329661,35.990628]},"properties":{"nm":"Cirkewwa","ref":"E 2055.5","ch":"Fl G 2s 2M","ty":"beacon_special_purpose","ar":[["G",2.0]]}},{"type":"Feature","geometry":{"type":"Point","coordinates":[14.301923,36.026003]},"properties":{"nm":"E 2051.2","ref":"E 2051.2","ch":"Fl G 5s","ty":"light_minor","ar":[["G",null]]}},{"type":"Feature","geometry":{"type":"Point","coordinates":[14.301881,36.024905]},"properties":{"nm":"Ramla Tal-Mgarr Harbor.","ref":"E 2051","ch":"Fl R 4s","ty":"light_minor","ar":[["R",null]]}},{"type":"Feature","geometry":{"type":"Point","coordinates":[10.350592,36.865868]},"properties":{"nm":"E6413.2","ref":"E6413.2","ch":"Fl R 5s 4M","ty":"beacon_lateral","ar":[["R",4.0]]}},{"type":"Feature","geometry":{"type":"Point","coordinates":[10.350913,36.865322]},"properties":{"nm":"E6413","ref":"E6413","ch":"Fl G 4s 8M","ty":"beacon_lateral","ar":[["G",8.0]]}},{"type":"Feature","geometry":{"type":"Point","coordinates":[10.375733,36.78655]},"properties":{"nm":"Goulette 1","ref":"","ch":"Iso W 4s","ty":"buoy_safe_water","ar":[["W",null]]}},{"type":"Feature","geometry":{"type":"Point","coordinates":[10.8747,37.106267]},"properties":{"nm":"Zembretta Isle","ref":"E 6394","ch":"Fl W 4s 6M","ty":"light_minor","ss":[["W",124.0,99.0,6.0]]}},{"type":"Feature","geometry":{"type":"Point","coordinates":[11.135083,36.874284]},"properties":{"nm":"Ras el Melah","ref":"E 6391","ch":"Fl R 5s 4M","ty":"light_minor","ar":[["R",4.0]]}},{"type":"Feature","geometry":{"type":"Point","coordinates":[11.116841,36.837869]},"properties":{"nm":"Rass Mostefa","ref":"E 6390","ch":"Fl(4) W 20s 23M","ty":"light_major","ar":[["W",23.0]]}},{"type":"Feature","geometry":{"type":"Point","coordinates":[11.109628,36.833832]},"properties":{"nm":"E 6390.6","ref":"E 6390.6","ch":"Fl R 2s 4M","ty":"beacon_lateral","ar":[["R",4.0]]}},{"type":"Feature","geometry":{"type":"Point","coordinates":[11.108347,36.833396]},"properties":{"nm":"E6390.42","ref":"E6390.42","ch":"Fl G 4s 4M","ty":"beacon_lateral","ar":[["G",4.0]]}},{"type":"Feature","geometry":{"type":"Point","coordinates":[11.107637,36.832405]},"properties":{"nm":"E6390·4","ref":"E6390·4","ch":"Fl(2) W 8s 9M","ty":"beacon_lateral","ar":[["W",9.0]]}},{"type":"Feature","geometry":{"type":"Point","coordinates":[10.6123,36.394067]},"properties":{"nm":"Hammamet","ref":"E 6386","ch":"Fl(2) W 6s 15M","ty":"light_major","ss":[["W",255.0,165.0,15.0]]}},{"type":"Feature","geometry":{"type":"Point","coordinates":[10.511949,36.032116]},"properties":{"nm":"E 6388.2","ref":"E 6388.2","ch":"Fl R 5s 6M","ty":"light_minor","ar":[["R",6.0]]}},{"type":"Feature","geometry":{"type":"Point","coordinates":[10.512752,36.032698]},"properties":{"nm":"Hargalah","ref":"E 6388","ch":"Fl(2) G 10s 6M","ty":"light_minor","ar":[["G",6.0]]}},{"type":"Feature","geometry":{"type":"Point","coordinates":[10.601253,35.892498]},"properties":{"nm":"E 6387.3","ref":"E 6387.3","ch":"Fl R 5s 6M","ty":"light_minor","ar":[["R",6.0]]}},{"type":"Feature","geometry":{"type":"Point","coordinates":[10.602005,35.892833]},"properties":{"nm":"El Kantaoui","ref":"E 6387","ch":"Fl G 4s 6M","ty":"light_minor","ar":[["G",6.0]]}},{"type":"Feature","geometry":{"type":"Point","coordinates":[10.647812,35.824739]},"properties":{"nm":"E 6385.5","ref":"E 6385.5","ch":"Fl R 5s 8M","ty":"light_minor","ss":[["R",79.0,277.0,8.0]]}},{"type":"Feature","geometry":{"type":"Point","coordinates":[10.648001,35.825523]},"properties":{"nm":"E 6385","ref":"E 6385","ch":"Iso G 4s 8M","ty":"light_minor","ss":[["G",258.0,112.0,8.0]]}},{"type":"Feature","geometry":{"type":"Point","coordinates":[10.687249,35.789106]},"properties":{"nm":"E 6381.5","ref":"E 6381.5","ch":"Oc(2) W 10s 5M","ty":"light_minor","ar":[["W",5.0]]}},{"type":"Feature","geometry":{"type":"Point","coordinates":[10.664083,35.82615]},"properties":{"nm":"No.1","ref":"E 6385.7","ch":"LFl G 6s","ty":"buoy_lateral","ar":[["G",null]]}},{"type":"Feature","geometry":{"type":"Point","coordinates":[10.683187,35.792034]},"properties":{"nm":"E 6381","ref":"E 6381","ch":"Oc G 5s 5M","ty":"light_minor","ar":[["G",5.0]]}},{"type":"Feature","geometry":{"type":"Point","coordinates":[10.835734,35.778295]},"properties":{"nm":"E 6377.2","ref":"E 6377.2","ch":"Fl(2) R 10s 6M","ty":"light_minor","ar":[["R",6.0]]}},{"type":"Feature","geometry":{"type":"Point","coordinates":[10.9549,35.657503]},"properties":{"nm":"Teboulba","ref":"E 6373.6","ch":"LFl G 10s 5M","ty":"light_minor","ar":[["G",5.0]]}},{"type":"Feature","geometry":{"type":"Point","coordinates":[11.033875,35.800257]},"properties":{"nm":"جزيرة قورية","ref":"E 6380","ch":"Fl R 5s 14M","ty":"light_major","ss":[["W",53.0,348.0,18.0],["R",348.0,53.0,14.0]]}},{"type":"Feature","geometry":{"type":"Point","coordinates":[11.049688,35.6221]},"properties":{"nm":"Bekalta","ref":"E 6372.8","ch":"Fl G 4s 7M","ty":"light_minor","ar":[["G",7.0]]}},{"type":"Feature","geometry":{"type":"Point","coordinates":[11.071418,35.498983]},"properties":{"nm":"E 6372.6","ref":"E 6372.6","ch":"Fl(2) R 10s 6M","ty":"light_minor","ar":[["R",6.0]]}},{"type":"Feature","geometry":{"type":"Point","coordinates":[11.068009,35.499874]},"properties":{"nm":"E 6372","ref":"E 6372","ch":"F R 3M","ty":"light_minor","ar":[["R",3.0]]}},{"type":"Feature","geometry":{"type":"Point","coordinates":[11.068616,35.499727]},"properties":{"nm":"E 6371.2","ref":"E 6371.2","ch":"F G 3M","ty":"light_minor","ar":[["G",3.0]]}},{"type":"Feature","geometry":{"type":"Point","coordinates":[11.156567,35.234933]},"properties":{"nm":"Ras Kapudia","ref":"E 6368","ch":"Fl(2) W 9s 19M","ty":"light_major","ss":[["R",325.0,135.0,14.0],["W",135.0,325.0,19.0]]}},{"type":"Feature","geometry":{"type":"Point","coordinates":[11.164192,35.231175]},"properties":{"nm":"E 6369.2","ref":"E 6369.2","ch":"Fl(2) R 6.5s 6M","ty":"light_minor","ar":[["R",6.0]]}},{"type":"Feature","geometry":{"type":"Point","coordinates":[11.166292,35.230697]},"properties":{"nm":"Chebba","ref":"E 6369","ch":"Fl(2) G 9s 6M","ty":"light_minor","ar":[["G",6.0]]}},{"type":"Feature","geometry":{"type":"Point","coordinates":[11.035156,35.041995]},"properties":{"nm":"E 6364.2","ref":"E 6364.2","ch":"Fl(2) G 10s 5M","ty":"light_minor","ar":[["G",5.0]]}},{"type":"Feature","geometry":{"type":"Point","coordinates":[11.034764,35.042329]},"properties":{"nm":"E 6364","ref":"E 6364","ch":"VQ(3) R 6s 5M","ty":"light_minor","ar":[["R",5.0]]}},{"type":"Feature","geometry":{"type":"Point","coordinates":[11.074983,34.522217]},"properties":{"nm":"Rass el Besh","ref":"E 6361.5","ch":"Fl(2) W 9s 7M","ty":"light_minor","ar":[["W",7.0]]}},{"type":"Feature","geometry":{"type":"Point","coordinates":[11.246614,34.8307]},"properties":{"nm":"فنار رأس جليجة","ref":"E 6366.6","ch":"Fl(2) W 10s 6M","ty":"light_minor","ar":[["W",6.0]]}},{"type":"Feature","geometry":{"type":"Point","coordinates":[10.767917,34.7311]},"properties":{"nm":"E 6362","ref":"E 6362","ch":"Oc(2) W 8s 13M","ty":"light_minor","ss":[["W",319.0,325.0,13.0]]}},{"type":"Feature","geometry":{"type":"Point","coordinates":[10.771629,34.713768]},"properties":{"nm":"E 6362.7","ref":"E 6362.7","ch":"Iso R 6s 10M","ty":"light_minor","ar":[["R",10.0]]}},{"type":"Feature","geometry":{"type":"Point","coordinates":[10.768466,34.713911]},"properties":{"nm":"E 6362.6","ref":"E 6362.6","ch":"Fl G 4s 10M","ty":"light_minor","ar":[["G",10.0]]}},{"type":"Feature","geometry":{"type":"Point","coordinates":[10.76746,34.713074]},"properties":{"nm":"E 6362.5","ref":"E 6362.5","ch":"Fl R 5s 10M","ty":"light_minor","ar":[["R",10.0]]}},{"type":"Feature","geometry":{"type":"Point","coordinates":[10.682864,34.649651]},"properties":{"nm":"Ra's Thinah","ref":"E 6359","ch":"Fl(2) W 10s 24M","ty":"light_major","ar":[["W",24.0]]}},{"type":"Feature","geometry":{"type":"Point","coordinates":[11.257178,34.830232]},"properties":{"nm":"","ref":"","ch":"","ty":"light_minor"}},{"type":"Feature","geometry":{"type":"Point","coordinates":[11.257599,34.830809]},"properties":{"nm":"","ref":"","ch":"","ty":"light_minor"}},{"type":"Feature","geometry":{"type":"Point","coordinates":[10.967094,34.657882]},"properties":{"nm":"","ref":"","ch":"Fl R 5s","ty":"light_minor","ar":[["R",null]]}},{"type":"Feature","geometry":{"type":"Point","coordinates":[10.65585,35.823818]},"properties":{"nm":"No.2","ref":"","ch":"Fl R 5s","ty":"buoy_lateral","ar":[["R",null]]}},{"type":"Feature","geometry":{"type":"Point","coordinates":[10.654084,35.825817]},"properties":{"nm":"No.3","ref":"","ch":"Fl G 4s","ty":"buoy_lateral","ar":[["G",null]]}},{"type":"Feature","geometry":{"type":"Point","coordinates":[11.080436,35.508001]},"properties":{"nm":"Al Mahdiyah","ref":"E 6370","ch":"Fl R 5s 17M","ty":"light_major","ar":[["R",17.0]]}},{"type":"Feature","geometry":{"type":"Point","coordinates":[10.652136,35.826591]},"properties":{"nm":"Phare","ref":"E 6384","ch":"Oc R 4s 6M","ty":"light_minor","ss":[["W",180.0,45.0,9.0],["R",135.0,180.0,6.0]]}},{"type":"Feature","geometry":{"type":"Point","coordinates":[10.836055,35.778647]},"properties":{"nm":"E 6377","ref":"E 6377","ch":"LFl(2) G 10s 6M","ty":"light_minor","ar":[["G",6.0]]}},{"type":"Feature","geometry":{"type":"Point","coordinates":[11.046807,35.390055]},"properties":{"nm":"E 6369.8","ref":"E 6369.8","ch":"Fl G 4s 8M","ty":"light_minor","ar":[["G",8.0]]}},{"type":"Feature","geometry":{"type":"Point","coordinates":[11.04678,35.390655]},"properties":{"nm":"","ref":"","ch":"","ty":"lh"}},{"type":"Feature","geometry":{"type":"Point","coordinates":[12.320379,35.551201]},"properties":{"nm":"","ref":"","ch":"","ty":"lh"}},{"type":"Feature","geometry":{"type":"Point","coordinates":[11.246601,34.830705]},"properties":{"nm":"رأس جليجة","ref":"","ch":"","ty":"light_major"}},{"type":"Feature","geometry":{"type":"Point","coordinates":[14.495585,35.921242]},"properties":{"nm":"Portomaso Lighthouse","ref":"","ch":"","ty":"lh"}},{"type":"Feature","geometry":{"type":"Point","coordinates":[14.389627,35.947334]},"properties":{"nm":"St. Paul's Bay","ref":"E 2058","ch":"Fl R 2s 2M","ty":"beacon_special_purpose","ar":[["R",2.0]]}},{"type":"Feature","geometry":{"type":"Point","coordinates":[10.685615,34.651742]},"properties":{"nm":"ناظور طينة","ref":"","ch":"","ty":"light_major"}},{"type":"Feature","geometry":{"type":"Point","coordinates":[10.957088,34.659665]},"properties":{"nm":"Sidi Youssef No 3","ref":"E 6367.28","ch":"Fl G 10s 5M","ty":"light_minor","ar":[["G",5.0]]}},{"type":"Feature","geometry":{"type":"Point","coordinates":[14.522982,35.89933]},"properties":{"nm":"Ricasoli Breakwater","ref":"E 2064","ch":"Q R 6M","ty":"beacon_special_purpose","ar":[["R",6.0]]}},{"type":"Feature","geometry":{"type":"Point","coordinates":[10.957505,35.66085]},"properties":{"nm":"","ref":"","ch":"","ty":"lh"}},{"type":"Feature","geometry":{"type":"Point","coordinates":[11.944535,36.83536]},"properties":{"nm":"Punta San Leonardo","ref":"E 2098","ch":"Fl W 3s 15M","ty":"light_major","ar":[["W",15.0]]}},{"type":"Feature","geometry":{"type":"Point","coordinates":[12.87866,35.872211]},"properties":{"nm":"Punta Beppe Tuccio","ref":"E 2082","ch":"Fl W 20s 16M","ty":"light_major","ar":[["W",16.0]]}},{"type":"Feature","geometry":{"type":"Point","coordinates":[10.967101,34.657881]},"properties":{"nm":"","ref":"","ch":"Fl R","ty":"","ar":[["R",null]]}},{"type":"Feature","geometry":{"type":"Point","coordinates":[14.281333,36.081333]},"properties":{"nm":"","ref":"","ch":"Fl W 2s","ty":"buoy_special_purpose","ar":[["W",null]]}},{"type":"Feature","geometry":{"type":"Point","coordinates":[10.846573,35.692799]},"properties":{"nm":"","ref":"","ch":"","ty":"light_major"}},{"type":"Feature","geometry":{"type":"Point","coordinates":[14.329939,35.989496]},"properties":{"nm":"E 2056","ref":"E 2056","ch":"Fl R 5s 2M","ty":"light_minor","ss":[["G",222.0,42.0,2.0],["R",42.0,222.0,2.0]]}},{"type":"Feature","geometry":{"type":"Point","coordinates":[14.324412,36.003797]},"properties":{"nm":"Irkieka ta Kemmuna","ref":"E 2054","ch":"Fl R 2s 2M","ty":"beacon_special_purpose","ar":[["R",2.0]]}},{"type":"Feature","geometry":{"type":"Point","coordinates":[14.301867,36.024921]},"properties":{"nm":"","ref":"","ch":"","ty":"lh"}},{"type":"Feature","geometry":{"type":"Point","coordinates":[10.847543,35.692884]},"properties":{"nm":"","ref":"","ch":"","ty":"light_major"}},{"type":"Feature","geometry":{"type":"Point","coordinates":[14.21346,36.028894]},"properties":{"nm":"","ref":"","ch":"Q+LFl(6+1) W 10s","ty":"beacon_cardinal","ar":[["W",null]]}},{"type":"Feature","geometry":{"type":"Point","coordinates":[10.348917,36.872609]},"properties":{"nm":"Carthage Lightouse","ref":"E6412","ch":"Fl W 5s 22M","ty":"landmark","ar":[["W",22.0]]}},{"type":"Feature","geometry":{"type":"Point","coordinates":[10.968899,34.657935]},"properties":{"nm":"","ref":"","ch":"Fl G 4s","ty":"light_minor","ar":[["G",null]]}},{"type":"Feature","geometry":{"type":"Point","coordinates":[10.9665,34.656746]},"properties":{"nm":"","ref":"","ch":"Fl G 4s","ty":"light_minor","ar":[["G",null]]}},{"type":"Feature","geometry":{"type":"Point","coordinates":[11.065995,35.50159]},"properties":{"nm":"E 6372.7","ref":"E 6372.7","ch":"Fl R 3s 3M","ty":"light_minor","ar":[["R",3.0]]}},{"type":"Feature","geometry":{"type":"Point","coordinates":[10.328321,37.181552]},"properties":{"nm":"الجزيرة المنبسطة","ref":"","ch":"","ty":"lh"}},{"type":"Feature","geometry":{"type":"Point","coordinates":[9.147604,39.184334]},"properties":{"nm":"Faro Sant'Elia","ref":"","ch":"","ty":"lh"}},{"type":"Feature","geometry":{"type":"Point","coordinates":[9.738745,37.344554]},"properties":{"nm":"رأس بن سكةnördl. Punkt afrikas","ref":"","ch":"","ty":"light_major"}},{"type":"Feature","geometry":{"type":"Point","coordinates":[9.513814,39.103545]},"properties":{"nm":"Faro di Capo Carbonara","ref":"","ch":"","ty":"lh"}},{"type":"Feature","geometry":{"type":"Point","coordinates":[9.109869,39.202695]},"properties":{"nm":"","ref":"","ch":"","ty":"lh"}},{"type":"Feature","geometry":{"type":"Point","coordinates":[9.12391,39.201428]},"properties":{"nm":"","ref":"","ch":"","ty":"lh"}},{"type":"Feature","geometry":{"type":"Point","coordinates":[9.21123,37.2333]},"properties":{"nm":"Cap Serrat","ref":"","ch":"","ty":"lh"}},{"type":"Feature","geometry":{"type":"Point","coordinates":[9.533516,39.088629]},"properties":{"nm":"Isola dei Cavoli","ref":"E 1048","ch":"Fl(2) W 10s 11M","ty":"light_minor","ss":[["R",73.0,93.0,8.0],["W",162.0,73.0,11.0],["W",93.0,128.0,11.0]]}},{"type":"Feature","geometry":{"type":"Point","coordinates":[12.076753,37.966319]},"properties":{"nm":"Punta San Simone","ref":"E 1960","ch":"F G 3M","ty":"light_minor","ar":[["G",3.0]]}},{"type":"Feature","geometry":{"type":"Point","coordinates":[12.072848,37.970285]},"properties":{"nm":"Isola Marettimo, Landing pier, head","ref":"E 1958","ch":"Fl R 3s 5M","ty":"light_minor","ar":[["R",5.0]]}},{"type":"Feature","geometry":{"type":"Point","coordinates":[10.310382,36.806605]},"properties":{"nm":"E 6397","ref":"E 6397","ch":"Fl G 4s 7M","ty":"beacon_lateral","ar":[["G",7.0]]}},{"type":"Feature","geometry":{"type":"Point","coordinates":[10.308768,36.80656]},"properties":{"nm":"حلق الوادي","ref":"E 6396","ch":"Fl(3) W 12s 11M","ty":"light_major","ss":[["W",90.0,121.0,11.0],["W",215.0,35.0,11.0]]}},{"type":"Feature","geometry":{"type":"Point","coordinates":[10.328312,37.181568]},"properties":{"nm":"Al Jazirah al Mussattahah","ref":"E 6414","ch":"Fl(2) R 10s 11M","ty":"landmark","ss":[["W",107.0,67.0,15.0],["R",67.0,107.0,11.0]]}},{"type":"Feature","geometry":{"type":"Point","coordinates":[9.738753,37.344594]},"properties":{"nm":"رأس أنجلة","ref":"E 6456","ch":"Fl R 2.5s 25M","ty":"light_major","ss":[["W",305.0,85.0,28.0],["R",85.0,60.0,25.0]]}},{"type":"Feature","geometry":{"type":"Point","coordinates":[12.049987,37.956679]},"properties":{"nm":"Punta Libeccio","ref":"E 1956","ch":"Fl(2) W 15s 24M","ty":"light_major","ss":[["W",298.0,151.0,24.0]]}},{"type":"Feature","geometry":{"type":"Point","coordinates":[9.5492,39.111083]},"properties":{"nm":"Secca dei Berni","ref":"E 1044","ch":"Fl(2) W 6s 4M","ty":"beacon_isolated_danger","ar":[["W",4.0]]}},{"type":"Feature","geometry":{"type":"Point","coordinates":[9.4955,39.085117]},"properties":{"nm":"Seccadi San Caterina","ref":"E 1049","ch":"Q(9) W 15s 5M","ty":"beacon_cardinal","ar":[["W",5.0]]}},{"type":"Feature","geometry":{"type":"Point","coordinates":[9.513815,39.103548]},"properties":{"nm":"Capo Carbonara","ref":"E 1043","ch":"Fl W 7.5s 23M","ty":"light_major","ss":[["W",217.0,109.0,23.0]]}},{"type":"Feature","geometry":{"type":"Point","coordinates":[9.497445,39.131324]},"properties":{"nm":"Baia dei Carbonara","ref":"E 1042.1","ch":"Fl W 5s 6M","ty":"light_minor","ss":[["W",9.0,58.0,6.0]]}},{"type":"Feature","geometry":{"type":"Point","coordinates":[9.177283,39.209121]},"properties":{"nm":"E 1052.7","ref":"E 1052.7","ch":"Fl Y 5s 3M","ty":"yes","ar":[["Y",3.0]]}},{"type":"Feature","geometry":{"type":"Point","coordinates":[9.147479,39.184278]},"properties":{"nm":"Capo Sant' Elia","ref":"E 1054","ch":"Fl(2) W 10s 21M","ty":"light_major","ar":[["W",21.0]]}},{"type":"Feature","geometry":{"type":"Point","coordinates":[9.122564,39.203834]},"properties":{"nm":"E 1059","ref":"E 1059","ch":"F R 3M","ty":"light_minor","ar":[["R",3.0]]}},{"type":"Feature","geometry":{"type":"Point","coordinates":[9.120433,39.204691]},"properties":{"nm":"E 1059.2","ref":"E 1059.2","ch":"Fl G 3s 3M","ty":"light_minor","ar":[["G",3.0]]}},{"type":"Feature","geometry":{"type":"Point","coordinates":[9.1135,39.210791]},"properties":{"nm":"E 1063","ref":"E 1063","ch":"Fl R 4s 3M","ty":"light_minor","ar":[["R",3.0]]}},{"type":"Feature","geometry":{"type":"Point","coordinates":[9.079003,39.208567]},"properties":{"nm":"E 1065.67","ref":"E 1065.67","ch":"F R 3M","ty":"light_minor","ar":[["R",3.0]]}},{"type":"Feature","geometry":{"type":"Point","coordinates":[9.079298,39.208334]},"properties":{"nm":"E 1065.68","ref":"E 1065.68","ch":"F G 3M","ty":"light_minor","ar":[["G",3.0]]}},{"type":"Feature","geometry":{"type":"Point","coordinates":[9.08246,39.203051]},"properties":{"nm":"E 1065.63","ref":"E 1065.63","ch":"Fl(2) R 6s 4M","ty":"beacon_lateral","ar":[["R",4.0]]}},{"type":"Feature","geometry":{"type":"Point","coordinates":[9.083815,39.203967]},"properties":{"nm":"E 1065.64","ref":"E 1065.64","ch":"Fl(2) G 6s 4M","ty":"beacon_lateral","ar":[["G",4.0]]}},{"type":"Feature","geometry":{"type":"Point","coordinates":[9.093758,39.192475]},"properties":{"nm":"E 1065.61","ref":"E 1065.61","ch":"Fl(2) R 6s 5M","ty":"light_minor","ar":[["R",5.0]]}},{"type":"Feature","geometry":{"type":"Point","coordinates":[9.096925,39.194856]},"properties":{"nm":"E 1065.62","ref":"E 1065.62","ch":"Fl(2) G 6s 5M","ty":"light_minor","ar":[["G",5.0]]}},{"type":"Feature","geometry":{"type":"Point","coordinates":[9.106917,39.184167]},"properties":{"nm":"E 1057.4","ref":"E 1057.4","ch":"Fl(2+1) G 5s 3M","ty":"beacon_lateral","ar":[["G",3.0]]}},{"type":"Feature","geometry":{"type":"Point","coordinates":[9.109564,39.195535]},"properties":{"nm":"E 1057","ref":"E 1057","ch":"Fl G 3s 9M","ty":"light_minor","ar":[["G",9.0]]}},{"type":"Feature","geometry":{"type":"Point","coordinates":[9.10985,39.202678]},"properties":{"nm":"E 1056","ref":"E 1056","ch":"F R 4M","ty":"light_minor","ss":[["R",110.0,330.0,4.0]]}},{"type":"Feature","geometry":{"type":"Point","coordinates":[9.110935,39.201348]},"properties":{"nm":"E 1056.2","ref":"E 1056.2","ch":"Fl R 3s 9M","ty":"light_minor","ss":[["R",120.0,60.0,9.0]]}},{"type":"Feature","geometry":{"type":"Point","coordinates":[10.306988,36.805082]},"properties":{"nm":"E 6399","ref":"E 6399","ch":"Fl R 5s 8M","ty":"beacon_lateral","ar":[["R",8.0]]}},{"type":"Feature","geometry":{"type":"Point","coordinates":[9.211181,37.233267]},"properties":{"nm":"Cap Serrat","ref":"E 6458","ch":"Fl(2) W 10s 24M","ty":"light_major","ss":[["R",238.0,261.0,22.0],["W",261.0,238.0,24.0]]}},{"type":"Feature","geometry":{"type":"Point","coordinates":[9.814954,37.159748]},"properties":{"nm":"E6445","ref":"E6445","ch":"Fl G 4s 4M","ty":"beacon_lateral","ar":[["G",4.0]]}},{"type":"Feature","geometry":{"type":"Point","coordinates":[9.815751,37.15878]},"properties":{"nm":"E6446","ref":"E6446","ch":"Fl R 5s 4M","ty":"beacon_lateral","ar":[["R",4.0]]}},{"type":"Feature","geometry":{"type":"Point","coordinates":[9.862268,37.231021]},"properties":{"nm":"Menzel Abderrahman","ref":"E 6454","ch":"Fl R 5s 8M","ty":"beacon_lateral","ar":[["R",8.0]]}},{"type":"Feature","geometry":{"type":"Point","coordinates":[9.870367,37.263433]},"properties":{"nm":"E 6438","ref":"E 6438","ch":"Fl R 4s 2M","ty":"light_minor","ar":[["R",2.0]]}},{"type":"Feature","geometry":{"type":"Point","coordinates":[9.868417,37.26545]},"properties":{"nm":"E 6436","ref":"E 6436","ch":"Fl G 4s 2M","ty":"light_minor","ar":[["G",2.0]]}},{"type":"Feature","geometry":{"type":"Point","coordinates":[9.884194,37.271368]},"properties":{"nm":"E 6434","ref":"E 6434","ch":"Fl R 3M","ty":"light_minor","ss":[["R",55.0,310.0,3.0]]}},{"type":"Feature","geometry":{"type":"Point","coordinates":[9.882483,37.2726]},"properties":{"nm":"E 6432","ref":"E 6432","ch":"F G 4M","ty":"light_minor","ar":[["G",4.0]]}},{"type":"Feature","geometry":{"type":"Point","coordinates":[9.890432,37.274943]},"properties":{"nm":"E 6428","ref":"E 6428","ch":"Iso R 4s 10M","ty":"light_minor","ar":[["R",10.0]]}},{"type":"Feature","geometry":{"type":"Point","coordinates":[9.890597,37.27843]},"properties":{"nm":"E 6426","ref":"E 6426","ch":"F G 8M","ty":"light_minor","ar":[["G",8.0]]}},{"type":"Feature","geometry":{"type":"Point","coordinates":[9.894307,37.268682]},"properties":{"nm":"E 6423.4","ref":"E 6423.4","ch":"Fl(2) R 10s 6M","ty":"beacon_lateral","ar":[["R",6.0]]}},{"type":"Feature","geometry":{"type":"Point","coordinates":[9.895717,37.268891]},"properties":{"nm":"Zarzouna","ref":"E 6423","ch":"Fl(2) G 10s 6M","ty":"beacon_lateral","ar":[["G",6.0]]}},{"type":"Feature","geometry":{"type":"Point","coordinates":[9.893308,37.280485]},"properties":{"nm":"E 6422","ref":"E 6422","ch":"Fl(2) R 10s 2M","ty":"light_minor","ar":[["R",2.0]]}},{"type":"Feature","geometry":{"type":"Point","coordinates":[9.897925,37.276426]},"properties":{"nm":"E 6420","ref":"E 6420","ch":"Iso G 4s 3M","ty":"light_minor","ar":[["G",3.0]]}},{"type":"Feature","geometry":{"type":"Point","coordinates":[10.123743,37.35476]},"properties":{"nm":"Iles Cani","ref":"E 6416","ch":"Fl(2) W 10s 19M","ty":"light_major","ss":[["R",177.0,237.0,16.0],["W",237.0,177.0,19.0]]}},{"type":"Feature","geometry":{"type":"Point","coordinates":[10.304871,36.807211]},"properties":{"nm":"E 6396.5","ref":"E 6396.5","ch":"Fl G 4s 6M","ty":"beacon_lateral","ar":[["G",6.0]]}},{"type":"Feature","geometry":{"type":"Point","coordinates":[10.301343,36.806326]},"properties":{"nm":"E 6399","ref":"E 6399","ch":"Fl R 5s 8M","ty":"beacon_lateral","ar":[["R",8.0]]}},{"type":"Feature","geometry":{"type":"Point","coordinates":[9.162841,39.192868]},"properties":{"nm":"","ref":"","ch":"G","ty":"light_minor","ar":[["G",null]]}},{"type":"Feature","geometry":{"type":"Point","coordinates":[9.163609,39.193232]},"properties":{"nm":"","ref":"","ch":"R","ty":"light_minor","ar":[["R",null]]}},{"type":"Feature","geometry":{"type":"Point","coordinates":[9.533538,39.088614]},"properties":{"nm":"Faru de s'ìsula de is càvurus/Faro dell'Isola dei Cavoli","ref":"","ch":"","ty":"lh"}},{"type":"Feature","geometry":{"type":"Point","coordinates":[9.125647,37.168277]},"properties":{"nm":"E6459.1","ref":"E6459.1","ch":"Fl G 4s 6M","ty":"beacon_lateral","ar":[["G",6.0]]}},{"type":"Feature","geometry":{"type":"Point","coordinates":[9.124897,37.16862]},"properties":{"nm":"E6459","ref":"E6459","ch":"Fl R 5s 6M","ty":"beacon_lateral","ar":[["R",6.0]]}},{"type":"Feature","geometry":{"type":"Point","coordinates":[9.126292,37.168909]},"properties":{"nm":"E6459.2","ref":"E6459.2","ch":"Fl G 4s 3M","ty":"beacon_lateral","ar":[["G",3.0]]}},{"type":"Feature","geometry":{"type":"Point","coordinates":[9.805892,37.168767]},"properties":{"nm":"E6442·8","ref":"E6442·8","ch":"Fl G 4s 4M","ty":"beacon_lateral","ar":[["G",4.0]]}},{"type":"Feature","geometry":{"type":"Point","coordinates":[9.802088,37.170339]},"properties":{"nm":"E6442·7","ref":"E6442·7","ch":"Fl G 4s 4M","ty":"beacon_lateral","ar":[["G",4.0]]}},{"type":"Feature","geometry":{"type":"Point","coordinates":[10.311995,36.920683]},"properties":{"nm":"E6411","ref":"E6411","ch":"Fl G 4s 3M","ty":"beacon_lateral","ar":[["G",3.0]]}},{"type":"Feature","geometry":{"type":"Point","coordinates":[10.310269,36.920533]},"properties":{"nm":"E6410.5","ref":"E6410.5","ch":"Fl G 5s 3M","ty":"beacon_lateral","ar":[["G",3.0]]}},{"type":"Feature","geometry":{"type":"Point","coordinates":[10.203049,37.084782]},"properties":{"nm":"E 6414.3","ref":"E 6414.3","ch":"Fl G 4s","ty":"beacon_lateral","ar":[["G",null]]}},{"type":"Feature","geometry":{"type":"Point","coordinates":[10.201286,37.085026]},"properties":{"nm":"E 6414.5","ref":"E 6414.5","ch":"Fl R 5s","ty":"beacon_lateral","ar":[["R",null]]}},{"type":"Feature","geometry":{"type":"Point","coordinates":[10.231898,37.15018]},"properties":{"nm":"E 6415","ref":"E 6415","ch":"Fl G 4s 6M","ty":"beacon_lateral","ar":[["G",6.0]]}},{"type":"Feature","geometry":{"type":"Point","coordinates":[10.230214,37.151964]},"properties":{"nm":"E 6415.2","ref":"E 6415.2","ch":"Fl R 5s 4M","ty":"beacon_lateral","ar":[["R",4.0]]}},{"type":"Feature","geometry":{"type":"Point","coordinates":[10.235288,37.15304]},"properties":{"nm":"E 6415.7","ref":"E 6415.7","ch":"Fl(3) W 5s 7.6M","ty":"beacon_lateral","ar":[["W",7.6]]}},{"type":"Feature","geometry":{"type":"Point","coordinates":[10.239212,37.155347]},"properties":{"nm":"E 6415.5","ref":"E 6415.5","ch":"Fl(3) W 5s 7.6M","ty":"beacon_special_purpose","ar":[["W",7.6]]}},{"type":"Feature","geometry":{"type":"Point","coordinates":[10.230085,37.185074]},"properties":{"nm":"E6415.4","ref":"E6415.4","ch":"Fl(3) Y 10s 3M","ty":":beacon_special_purpose","ar":[["Y",3.0]]}},{"type":"Feature","geometry":{"type":"Point","coordinates":[10.309431,36.807116]},"properties":{"nm":"E 6397.5","ref":"E 6397.5","ch":"Fl R 5s","ty":"beacon_lateral","ar":[["R",null]]}},{"type":"Feature","geometry":{"type":"Point","coordinates":[10.290308,36.793442]},"properties":{"nm":"E 6401.2","ref":"E 6401.2","ch":"Fl G 4s","ty":"beacon_lateral","ar":[["G",null]]}},{"type":"Feature","geometry":{"type":"Point","coordinates":[10.287894,36.79361]},"properties":{"nm":"E 6401.3","ref":"E 6401.3","ch":"Fl R 5s","ty":"beacon_lateral","ar":[["R",null]]}},{"type":"Feature","geometry":{"type":"Point","coordinates":[10.292259,36.788483]},"properties":{"nm":"E 6401.5","ref":"E 6401.5","ch":"Fl G 4s","ty":"beacon_lateral","ar":[["G",null]]}},{"type":"Feature","geometry":{"type":"Point","coordinates":[10.291373,36.789159]},"properties":{"nm":"E N/A","ref":"E N/A","ch":"Fl R 5s","ty":"beacon_lateral","ar":[["R",null]]}},{"type":"Feature","geometry":{"type":"Point","coordinates":[10.283161,36.795883]},"properties":{"nm":"E 6401","ref":"E 6401","ch":"Fl R 1.5s 8M","ty":"light_minor","ar":[["R",8.0]]}},{"type":"Feature","geometry":{"type":"Point","coordinates":[10.28059,36.810006]},"properties":{"nm":"","ref":"","ch":"Fl R 5s 2M","ty":"buoy_lateral","ar":[["R",2.0]]}},{"type":"Feature","geometry":{"type":"Point","coordinates":[10.280276,36.811155]},"properties":{"nm":"","ref":"","ch":"Fl G 4s 2M","ty":"buoy_lateral","ar":[["G",2.0]]}},{"type":"Feature","geometry":{"type":"Point","coordinates":[10.284804,36.812056]},"properties":{"nm":"","ref":"","ch":"Fl G 4s 2M","ty":"buoy_lateral","ar":[["G",2.0]]}},{"type":"Feature","geometry":{"type":"Point","coordinates":[10.276133,36.806901]},"properties":{"nm":"","ref":"","ch":"Fl R 5s 2M","ty":"buoy_lateral","ar":[["R",2.0]]}},{"type":"Feature","geometry":{"type":"Point","coordinates":[10.274879,36.805779]},"properties":{"nm":"","ref":"","ch":"Fl R 5s 2M","ty":"buoy_lateral","ar":[["R",2.0]]}},{"type":"Feature","geometry":{"type":"Point","coordinates":[10.278298,36.808894]},"properties":{"nm":"","ref":"","ch":"Fl R 5s 2M","ty":"buoy_lateral","ar":[["R",2.0]]}},{"type":"Feature","geometry":{"type":"Point","coordinates":[10.271125,36.809841]},"properties":{"nm":"","ref":"","ch":"Fl G 4s 2M","ty":"buoy_lateral","ar":[["G",2.0]]}},{"type":"Feature","geometry":{"type":"Point","coordinates":[10.211224,36.800115]},"properties":{"nm":"","ref":"","ch":"Fl G 4s","ty":"beacon_lateral","ar":[["G",null]]}},{"type":"Feature","geometry":{"type":"Point","coordinates":[10.211466,36.79914]},"properties":{"nm":"","ref":"","ch":"Fl R 5s","ty":"beacon_lateral","ar":[["R",null]]}},{"type":"Feature","geometry":{"type":"Point","coordinates":[10.234647,36.803909]},"properties":{"nm":"","ref":"","ch":"Fl G 4s","ty":"beacon_lateral","ar":[["G",null]]}},{"type":"Feature","geometry":{"type":"Point","coordinates":[10.234889,36.802934]},"properties":{"nm":"","ref":"","ch":"Fl R 5s","ty":"beacon_lateral","ar":[["R",null]]}},{"type":"Feature","geometry":{"type":"Point","coordinates":[10.263016,36.808293]},"properties":{"nm":"","ref":"","ch":"Fl G 4s","ty":"beacon_lateral","ar":[["G",null]]}},{"type":"Feature","geometry":{"type":"Point","coordinates":[10.262605,36.807315]},"properties":{"nm":"","ref":"","ch":"Fl R 5s","ty":"beacon_lateral","ar":[["R",null]]}},{"type":"Feature","geometry":{"type":"Point","coordinates":[10.267515,36.808169]},"properties":{"nm":"","ref":"","ch":"Fl R 5s","ty":"beacon_lateral","ar":[["R",null]]}},{"type":"Feature","geometry":{"type":"Point","coordinates":[10.197659,36.796552]},"properties":{"nm":"","ref":"","ch":"Fl R 5s","ty":"beacon_lateral","ar":[["R",null]]}},{"type":"Feature","geometry":{"type":"Point","coordinates":[10.200183,36.797386]},"properties":{"nm":"","ref":"","ch":"Fl R 5s","ty":"beacon_lateral","ar":[["R",null]]}},{"type":"Feature","geometry":{"type":"Point","coordinates":[10.197406,36.797845]},"properties":{"nm":"","ref":"","ch":"Fl R 5s","ty":"beacon_lateral","ar":[["R",null]]}},{"type":"Feature","geometry":{"type":"Point","coordinates":[10.20489,36.799105]},"properties":{"nm":"","ref":"","ch":"Fl R 5s","ty":"beacon_lateral","ar":[["R",null]]}},{"type":"Feature","geometry":{"type":"Point","coordinates":[10.208653,36.799659]},"properties":{"nm":"","ref":"","ch":"Fl G 4s","ty":"beacon_lateral","ar":[["G",null]]}},{"type":"Feature","geometry":{"type":"Point","coordinates":[10.208537,36.798385]},"properties":{"nm":"","ref":"","ch":"Fl R 5s","ty":"beacon_lateral","ar":[["R",null]]}},{"type":"Feature","geometry":{"type":"Point","coordinates":[10.214363,36.799268]},"properties":{"nm":"","ref":"","ch":"Fl R 5s","ty":"beacon_lateral","ar":[["R",null]]}},{"type":"Feature","geometry":{"type":"Point","coordinates":[10.216486,36.799652]},"properties":{"nm":"","ref":"","ch":"Fl R 5s","ty":"beacon_lateral","ar":[["R",null]]}},{"type":"Feature","geometry":{"type":"Point","coordinates":[10.218733,36.800033]},"properties":{"nm":"","ref":"","ch":"Fl R 5s","ty":"beacon_lateral","ar":[["R",null]]}},{"type":"Feature","geometry":{"type":"Point","coordinates":[10.220892,36.800439]},"properties":{"nm":"","ref":"","ch":"Fl R 5s","ty":"beacon_lateral","ar":[["R",null]]}},{"type":"Feature","geometry":{"type":"Point","coordinates":[8.377953,40.0351]},"properties":{"nm":"Capo Mannu","ref":"E 1112","ch":"Fl(3) W 15s 15M","ty":"light_major","ar":[["W",15.0]]}},{"type":"Feature","geometry":{"type":"Point","coordinates":[8.45572,39.768788]},"properties":{"nm":"Faro di Capo Frasca","ref":"","ch":"","ty":"lh"}},{"type":"Feature","geometry":{"type":"Point","coordinates":[8.162792,40.560695]},"properties":{"nm":"Far del Cap Caccia/Faro di Capo Caccia","ref":"","ch":"","ty":"lh"}},{"type":"Feature","geometry":{"type":"Point","coordinates":[9.711209,40.73968]},"properties":{"nm":"","ref":"","ch":"","ty":"lh"}},{"type":"Feature","geometry":{"type":"Point","coordinates":[9.658482,39.691553]},"properties":{"nm":"","ref":"","ch":"","ty":"lh"}},{"type":"Feature","geometry":{"type":"Point","coordinates":[9.713317,39.930155]},"properties":{"nm":"Capo Bellavista","ref":"E 1032","ch":"Fl(2) W 10s 26M","ty":"light_major","ar":[["W",26.0]]}},{"type":"Feature","geometry":{"type":"Point","coordinates":[9.633556,39.299336]},"properties":{"nm":"Capo Ferrato","ref":"E 1042","ch":"Fl(3) W 10s 11M","ty":"light_minor","ar":[["W",11.0]]}},{"type":"Feature","geometry":{"type":"Point","coordinates":[8.474378,40.286618]},"properties":{"nm":"","ref":"","ch":"","ty":"lh"}},{"type":"Feature","geometry":{"type":"Point","coordinates":[8.845332,38.877753]},"properties":{"nm":"Capo Spartivento","ref":"E 1072","ch":"Fl(3) W 15s 18M","ty":"light_major","ss":[["W",240.0,85.0,18.0]]}},{"type":"Feature","geometry":{"type":"Point","coordinates":[9.70258,39.944499]},"properties":{"nm":"E 1033","ref":"E 1033","ch":"Fl R 5s 9M","ty":"beacon_lateral","ar":[["R",9.0]]}},{"type":"Feature","geometry":{"type":"Point","coordinates":[8.434255,39.859953]},"properties":{"nm":"Capo San Marco","ref":"E 1108","ch":"Fl(2) W 10s 22M","ty":"light_major","ss":[["W",215.0,155.0,22.0]]}},{"type":"Feature","geometry":{"type":"Point","coordinates":[8.303939,39.992954]},"properties":{"nm":"Isolotto di Mal di Ventre","ref":"E 1111","ch":"Fl R 6s 8M","ty":"light_minor","ss":[["W",20.0,4.0,11.0],["R",4.0,20.0,8.0]]}},{"type":"Feature","geometry":{"type":"Point","coordinates":[8.300342,40.572296]},"properties":{"nm":"Faro della Maddalenetta","ref":"","ch":"","ty":"lh"}},{"type":"Feature","geometry":{"type":"Point","coordinates":[9.754723,40.61041]},"properties":{"nm":"E 1029.2","ref":"E 1029.2","ch":"Fl R 3s 4M","ty":"light_minor","ar":[["R",4.0]]}},{"type":"Feature","geometry":{"type":"Point","coordinates":[9.756486,40.609782]},"properties":{"nm":"La Caletta","ref":"E 1029","ch":"Fl G 3s 1M","ty":"light_minor","ar":[["G",1.0]]}},{"type":"Feature","geometry":{"type":"Point","coordinates":[9.827866,40.528458]},"properties":{"nm":"Capo Comino","ref":"E 1030","ch":"Fl W 5s 15M","ty":"light_major","ar":[["W",15.0]]}},{"type":"Feature","geometry":{"type":"Point","coordinates":[9.63875,40.282363]},"properties":{"nm":"E 1031.2","ref":"E 1031.2","ch":"F R 3M","ty":"light_minor","ar":[["R",3.0]]}},{"type":"Feature","geometry":{"type":"Point","coordinates":[9.639316,40.281302]},"properties":{"nm":"Cala Gonone","ref":"E 1031","ch":"F G 3M","ty":"light_minor","ar":[["G",3.0]]}},{"type":"Feature","geometry":{"type":"Point","coordinates":[9.706478,39.936665]},"properties":{"nm":"Arbatax Tower","ref":"E 1037","ch":"F G 3M","ty":"light_minor","ar":[["G",3.0]]}},{"type":"Feature","geometry":{"type":"Point","coordinates":[9.060469,39.222098]},"properties":{"nm":"E 1065.66","ref":"E 1065.66","ch":"Fl W 3s 6M","ty":"light_minor","ar":[["W",6.0]]}},{"type":"Feature","geometry":{"type":"Point","coordinates":[9.03125,39.165017]},"properties":{"nm":"E 1066.2","ref":"E 1066.2","ch":"Oc R 4s 4M","ty":"light_minor","ss":[["R",306.0,126.0,4.0]]}},{"type":"Feature","geometry":{"type":"Point","coordinates":[9.033367,39.167217]},"properties":{"nm":"E 1066","ref":"E 1066","ch":"Oc G 6s 4M","ty":"light_minor","ss":[["G",126.0,306.0,4.0]]}},{"type":"Feature","geometry":{"type":"Point","coordinates":[9.039317,39.162067]},"properties":{"nm":"E 1066.28","ref":"E 1066.28","ch":"Iso G 2s 3M","ty":"light_minor","ss":[["R",306.0,126.0,3.0],["G",126.0,306.0,3.0]]}},{"type":"Feature","geometry":{"type":"Point","coordinates":[9.046167,39.15805]},"properties":{"nm":"E 1066.26","ref":"E 1066.26","ch":"Q W 3M","ty":"light_minor","ar":[["W",3.0]]}},{"type":"Feature","geometry":{"type":"Point","coordinates":[9.048217,39.156917]},"properties":{"nm":"E 1066.24","ref":"E 1066.24","ch":"F R 3M","ty":"light_minor","ar":[["G",3.0],["R",3.0]]}},{"type":"Feature","geometry":{"type":"Point","coordinates":[9.0275,39.09875]},"properties":{"nm":"E 1066.7","ref":"E 1066.7","ch":"Iso R 2s 3M","ty":"light_minor","ar":[["R",3.0]]}},{"type":"Feature","geometry":{"type":"Point","coordinates":[9.050867,39.0859]},"properties":{"nm":"E 1067","ref":"E 1067","ch":"Fl W 3s 6M","ty":"light_minor","ar":[["W",6.0]]}},{"type":"Feature","geometry":{"type":"Point","coordinates":[9.001642,38.985053]},"properties":{"nm":"E 1071","ref":"E 1071","ch":"Fl R 5s 3M","ty":"light_minor","ar":[["R",3.0]]}},{"type":"Feature","geometry":{"type":"Point","coordinates":[9.001678,38.984462]},"properties":{"nm":"Cala Verde","ref":"E 1071.2","ch":"Fl G 5s 3M","ty":"light_minor","ar":[["G",3.0]]}},{"type":"Feature","geometry":{"type":"Point","coordinates":[8.719665,38.92756]},"properties":{"nm":"E 1073.1","ref":"E 1073.1","ch":"Fl G 4s 6M","ty":"light_minor","ar":[["G",6.0]]}},{"type":"Feature","geometry":{"type":"Point","coordinates":[8.721204,38.927239]},"properties":{"nm":"E 1073","ref":"E 1073","ch":"Fl R 4s 6M","ty":"light_minor","ar":[["R",6.0]]}},{"type":"Feature","geometry":{"type":"Point","coordinates":[8.473902,39.058264]},"properties":{"nm":"Sant'Antioco Ponti","ref":"E 1080","ch":"Fl W 5s 15M","ty":"light_major","ar":[["W",15.0]]}},{"type":"Feature","geometry":{"type":"Point","coordinates":[8.409417,38.861]},"properties":{"nm":"Isolotta Il Toro","ref":"E 1074","ch":"Fl(2) W 6s 11M","ty":"light_minor","ss":[["R",199.0,205.0,8.0],["W",205.0,199.0,11.0]]}},{"type":"Feature","geometry":{"type":"Point","coordinates":[8.373715,39.112817]},"properties":{"nm":"E 1098.4","ref":"E 1098.4","ch":"F R 3M","ty":"light_minor","ar":[["R",3.0]]}},{"type":"Feature","geometry":{"type":"Point","coordinates":[8.375202,39.113564]},"properties":{"nm":"E 1098","ref":"E 1098","ch":"F G 3M","ty":"light_minor","ar":[["G",3.0]]}},{"type":"Feature","geometry":{"type":"Point","coordinates":[8.311887,39.148235]},"properties":{"nm":"E 1096.6","ref":"E 1096.6","ch":"F G 2M","ty":"light_minor","ar":[["G",2.0]]}},{"type":"Feature","geometry":{"type":"Point","coordinates":[8.315952,39.142313]},"properties":{"nm":"E 1092","ref":"E 1092","ch":"Fl R 3s 8M","ty":"light_minor","ar":[["R",8.0]]}},{"type":"Feature","geometry":{"type":"Point","coordinates":[8.3099,39.140283]},"properties":{"nm":"E 1094","ref":"E 1094","ch":"F R 6M","ty":"light_minor","ar":[["R",6.0]]}},{"type":"Feature","geometry":{"type":"Point","coordinates":[8.308649,39.145122]},"properties":{"nm":"E 1093","ref":"E 1093","ch":"F R 3M","ty":"light_minor","ar":[["R",3.0]]}},{"type":"Feature","geometry":{"type":"Point","coordinates":[8.391844,39.192594]},"properties":{"nm":"E 1101","ref":"E 1101","ch":"Fl G 3s 7M","ty":"light_minor","ar":[["G",7.0]]}},{"type":"Feature","geometry":{"type":"Point","coordinates":[8.389497,39.19442]},"properties":{"nm":"E 1100.8","ref":"E 1100.8","ch":"F R 3M","ty":"light_minor","ss":[["R",195.0,63.0,3.0]]}},{"type":"Feature","geometry":{"type":"Point","coordinates":[8.386692,39.193274]},"properties":{"nm":"E 1100.5","ref":"E 1100.5","ch":"Fl R 3s 3M","ty":"beacon_lateral","ar":[["R",3.0]]}},{"type":"Feature","geometry":{"type":"Point","coordinates":[8.380758,39.19965]},"properties":{"nm":"E 1099.2","ref":"E 1099.2","ch":"F R 4M","ty":"light_minor","ar":[["R",4.0]]}},{"type":"Feature","geometry":{"type":"Point","coordinates":[8.398375,39.403529]},"properties":{"nm":"Buggerru","ref":"E 1103.24","ch":"Fl R 3s 4M","ty":"light_minor","ar":[["R",4.0]]}},{"type":"Feature","geometry":{"type":"Point","coordinates":[8.455718,39.768788]},"properties":{"nm":"Capo Fresca","ref":"E 1104","ch":"Fl W 6s 11M","ty":"light_minor","ar":[["W",11.0]]}},{"type":"Feature","geometry":{"type":"Point","coordinates":[8.550643,39.829718]},"properties":{"nm":"E 1104.2","ref":"E 1104.2","ch":"Fl Y 3s 3M","ty":"light_minor","ar":[["Y",3.0]]}},{"type":"Feature","geometry":{"type":"Point","coordinates":[8.543146,39.865355]},"properties":{"nm":"Oristano","ref":"E 1105.2","ch":"LFl R 5s 7M","ty":"light_minor","ar":[["R",7.0]]}},{"type":"Feature","geometry":{"type":"Point","coordinates":[8.533762,39.893574]},"properties":{"nm":"Pontile Perlite","ref":"E 1107.6","ch":"F G 3M","ty":"light_minor","ar":[["R",3.0],["G",3.0]]}},{"type":"Feature","geometry":{"type":"Point","coordinates":[8.516247,39.906681]},"properties":{"nm":"Torre Grande","ref":"E 1106","ch":"Fl R 5s 8M","ty":"light_minor","ar":[["R",8.0]]}},{"type":"Feature","geometry":{"type":"Point","coordinates":[8.5351,39.891245]},"properties":{"nm":"Pontile Sipsa","ref":"E 1107.2","ch":"F R 3M","ty":"light_minor","ar":[["G",3.0],["R",3.0]]}},{"type":"Feature","geometry":{"type":"Point","coordinates":[8.475187,40.284793]},"properties":{"nm":"E 1116.5","ref":"E 1116.5","ch":"Fl R 3s 11M","ty":"light_minor","ar":[["R",11.0]]}},{"type":"Feature","geometry":{"type":"Point","coordinates":[8.475673,40.287269]},"properties":{"nm":"E 1116.4","ref":"E 1116.4","ch":"F R 3M","ty":"light_minor","ar":[["R",3.0]]}},{"type":"Feature","geometry":{"type":"Point","coordinates":[8.311601,40.561958]},"properties":{"nm":"E 1118","ref":"E 1118","ch":"F G 3M","ty":"light_minor","ar":[["G",3.0]]}},{"type":"Feature","geometry":{"type":"Point","coordinates":[8.308043,40.564519]},"properties":{"nm":"E 1117.2","ref":"E 1117.2","ch":"Fl R 3s 8M","ty":"light_minor","ar":[["R",8.0]]}},{"type":"Feature","geometry":{"type":"Point","coordinates":[8.305438,40.565666]},"properties":{"nm":"E 1117","ref":"E 1117","ch":"Fl G 3s 8M","ty":"light_minor","ar":[["G",8.0]]}},{"type":"Feature","geometry":{"type":"Point","coordinates":[8.289107,40.591515]},"properties":{"nm":"E 1122.6","ref":"E 1122.6","ch":"F G 1M","ty":"light_minor","ar":[["G",1.0]]}},{"type":"Feature","geometry":{"type":"Point","coordinates":[8.300343,40.572294]},"properties":{"nm":"Isolotto della Maddalena","ref":"E 1122","ch":"Fl R 5s 4M","ty":"light_minor","ar":[["R",4.0]]}},{"type":"Feature","geometry":{"type":"Point","coordinates":[8.204019,40.593823]},"properties":{"nm":"Porto Conte","ref":"E 1126","ch":"Fl W 3s 10M","ty":"light_minor","ar":[["W",10.0]]}},{"type":"Feature","geometry":{"type":"Point","coordinates":[8.162681,40.560755]},"properties":{"nm":"Capo Caccia","ref":"E 1124","ch":"Fl W 5s 24M","ty":"light_major","ar":[["W",24.0]]}},{"type":"Feature","geometry":{"type":"Point","coordinates":[8.223635,39.147439]},"properties":{"nm":"Capo Sandalo","ref":"E 1090","ch":"Fl W 20s 24M","ty":"light_major","ar":[["W",24.0]]}},{"type":"Feature","geometry":{"type":"Point","coordinates":[8.317024,39.144326]},"properties":{"nm":"E 1096.5","ref":"E 1096.5","ch":"F R 2M","ty":"light_minor","ar":[["R",2.0]]}},{"type":"Feature","geometry":{"type":"Point","coordinates":[8.316664,39.145688]},"properties":{"nm":"E 1095","ref":"E 1095","ch":"F G 3M","ty":"light_minor","ar":[["G",3.0]]}},{"type":"Feature","geometry":{"type":"Point","coordinates":[8.448392,39.748486]},"properties":{"nm":"","ref":"","ch":"","ty":"lh"}},{"type":"Feature","geometry":{"type":"Point","coordinates":[9.713373,40.738911]},"properties":{"nm":"","ref":"","ch":"G","ty":"light_minor","ar":[["G",null]]}},{"type":"Feature","geometry":{"type":"Point","coordinates":[8.204083,40.593778]},"properties":{"nm":"","ref":"","ch":"","ty":"lh"}},{"type":"Feature","geometry":{"type":"Point","coordinates":[9.639656,39.43809]},"properties":{"nm":"","ref":"","ch":"R","ty":"light_minor","ar":[["R",null]]}},{"type":"Feature","geometry":{"type":"Point","coordinates":[9.712457,40.738818]},"properties":{"nm":"","ref":"","ch":"R","ty":"light_minor","ar":[["R",null]]}},{"type":"Feature","geometry":{"type":"Point","coordinates":[8.345513,39.076479]},"properties":{"nm":"Faro Mangiabarche","ref":"","ch":"","ty":"lh"}},{"type":"Feature","geometry":{"type":"Point","coordinates":[9.020348,38.984176]},"properties":{"nm":"Torre Sant' Efisio","ref":"E 1305","ch":"Fl(4) W 15s 11M","ty":"light_minor","ar":[["W",11.0]]}},{"type":"Feature","geometry":{"type":"Point","coordinates":[8.319532,39.193867]},"properties":{"nm":"Faro Isola Piana","ref":"E 1103","ch":"Fl(2) R 8s 7M","ty":"light_minor","ss":[["W",231.0,209.0,7.0],["R",209.0,231.0,7.0]]}},{"type":"Feature","geometry":{"type":"Point","coordinates":[8.213833,40.5945]},"properties":{"nm":"E 1127.15","ref":"E 1127.15","ch":"Fl Y 3s 1M","ty":"light_minor","ar":[["Y",1.0]]}},{"type":"Feature","geometry":{"type":"Point","coordinates":[8.214167,40.594333]},"properties":{"nm":"E 1127.1","ref":"E 1127.1","ch":"Fl Y 3s 1M","ty":"light_minor","ar":[["Y",1.0]]}},{"type":"Feature","geometry":{"type":"Point","coordinates":[8.2175,40.597833]},"properties":{"nm":"E 1127.9","ref":"E 1127.9","ch":"Fl Y 3s 1M","ty":"light_minor","ar":[["Y",1.0]]}},{"type":"Feature","geometry":{"type":"Point","coordinates":[8.28818,40.592411]},"properties":{"nm":"E 1122.5","ref":"E 1122.5","ch":"F R 1M","ty":"light_minor","ar":[["R",1.0]]}},{"type":"Feature","geometry":{"type":"Point","coordinates":[8.288827,40.591905]},"properties":{"nm":"E 1122.55","ref":"E 1122.55","ch":"Fl Y 3s 1M","ty":"light_minor","ar":[["Y",1.0]]}},{"type":"Feature","geometry":{"type":"Point","coordinates":[8.214667,40.593667]},"properties":{"nm":"E 1126.8","ref":"E 1126.8","ch":"Fl Y 2s 1M","ty":"light_minor","ar":[["Y",1.0]]}},{"type":"Feature","geometry":{"type":"Point","coordinates":[8.2075,40.594167]},"properties":{"nm":"E 1126.5","ref":"E 1126.5","ch":"Fl Y 3s 2M","ty":"light_minor","ar":[["Y",2.0]]}},{"type":"Feature","geometry":{"type":"Point","coordinates":[8.170167,40.592333]},"properties":{"nm":"E 1125","ref":"E 1125","ch":"Fl Y 3s 3M","ty":"light_minor","ar":[["Y",3.0]]}},{"type":"Feature","geometry":{"type":"Point","coordinates":[13.756991,45.675626]},"properties":{"nm":"Faro della Vittoria","ref":"E 2558","ch":"Fl(2) W 10s 22M","ty":"light_major","ar":[["W",22.0]]}},{"type":"Feature","geometry":{"type":"Point","coordinates":[13.755975,45.649173]},"properties":{"nm":"Lanterna","ref":"","ch":"","ty":"light_major"}},{"type":"Feature","geometry":{"type":"Point","coordinates":[13.555557,45.317634]},"properties":{"nm":"E 2654","ref":"E 2654","ch":"LFl G 5s 6M","ty":"light_minor","ss":[["R",25.0,58.0,5.0],["G",117.0,3.0,6.0],["W",3.0,25.0,8.0],["W",58.0,117.0,8.0]]}},{"type":"Feature","geometry":{"type":"Point","coordinates":[13.561957,45.318855]},"properties":{"nm":"E 2655","ref":"E 2655","ch":"Fl W 3s 3M","ty":"light_minor","ar":[["W",3.0]]}},{"type":"Feature","geometry":{"type":"Point","coordinates":[13.561506,45.318354]},"properties":{"nm":"E 2656","ref":"E 2656","ch":"F G 3M","ty":"light_minor","ar":[["G",3.0]]}},{"type":"Feature","geometry":{"type":"Point","coordinates":[13.153146,45.697514]},"properties":{"nm":"Vecchio Faro","ref":"","ch":"","ty":"light_major"}},{"type":"Feature","geometry":{"type":"Point","coordinates":[14.560396,45.27304]},"properties":{"nm":"Svjetionik Rt Oštro","ref":"","ch":"","ty":"lh"}},{"type":"Feature","geometry":{"type":"Point","coordinates":[14.578074,44.668662]},"properties":{"nm":"Svjetionik Trstenik","ref":"","ch":"","ty":"lh"}},{"type":"Feature","geometry":{"type":"Point","coordinates":[13.614196,45.043084]},"properties":{"nm":"Svjetionik Sveti Ivan na pučini","ref":"","ch":"","ty":"lh"}},{"type":"Feature","geometry":{"type":"Point","coordinates":[12.52949,44.968672]},"properties":{"nm":"Punta della Maestra","ref":"E 2440","ch":"Fl(3) W 20s 25M","ty":"light_major","ar":[["W",25.0]]}},{"type":"Feature","geometry":{"type":"Point","coordinates":[14.569123,44.409587]},"properties":{"nm":"Svjetionik Otočić Grujica","ref":"","ch":"","ty":"lh"}},{"type":"Feature","geometry":{"type":"Point","coordinates":[12.34311,45.333915]},"properties":{"nm":"","ref":"","ch":"","ty":"lh"}},{"type":"Feature","geometry":{"type":"Point","coordinates":[12.295636,45.342754]},"properties":{"nm":"Spignon","ref":"","ch":"","ty":"lh"}},{"type":"Feature","geometry":{"type":"Point","coordinates":[14.421277,44.550048]},"properties":{"nm":"Svjetionik Otočić Murtar","ref":"","ch":"","ty":"lh"}},{"type":"Feature","geometry":{"type":"Point","coordinates":[13.569113,45.298318]},"properties":{"nm":"Svjetionik Rt Zub","ref":"","ch":"","ty":"lh"}},{"type":"Feature","geometry":{"type":"Point","coordinates":[12.583217,45.478542]},"properties":{"nm":"Faro di Piave Vecchia","ref":"E 2504","ch":"Fl(4) W 24s 18M","ty":"light_major","ar":[["W",18.0]]}},{"type":"Feature","geometry":{"type":"Point","coordinates":[13.097523,45.636289]},"properties":{"nm":"Punta Tagliamento","ref":"E 2518","ch":"Fl(3) W 10s 15M","ty":"light_major","ar":[["W",15.0]]}},{"type":"Feature","geometry":{"type":"Point","coordinates":[12.244456,44.676018]},"properties":{"nm":"","ref":"","ch":"","ty":"lh"}},{"type":"Feature","geometry":{"type":"Point","coordinates":[14.145645,44.957113]},"properties":{"nm":"Svjetionik Rt Crna Punta","ref":"","ch":"","ty":"lh"}},{"type":"Feature","geometry":{"type":"Point","coordinates":[13.83367,44.83321]},"properties":{"nm":"Svjetionik Rt Verudica","ref":"","ch":"","ty":"lh"}},{"type":"Feature","geometry":{"type":"Point","coordinates":[12.354795,44.266495]},"properties":{"nm":"Cervia","ref":"E 2411","ch":"Iso W 2s 11M","ty":"light_minor","ar":[["W",11.0]]}},{"type":"Feature","geometry":{"type":"Point","coordinates":[14.590871,45.238725]},"properties":{"nm":"Svjetionik Rt Vošćica","ref":"","ch":"","ty":"lh"}},{"type":"Feature","geometry":{"type":"Point","coordinates":[13.629472,45.083946]},"properties":{"nm":"","ref":"","ch":"","ty":"lh"}},{"type":"Feature","geometry":{"type":"Point","coordinates":[12.284128,44.491914]},"properties":{"nm":"Corsini","ref":"E 2418","ch":"Fl W 5s 20M","ty":"light_major","ar":[["W",20.0]]}},{"type":"Feature","geometry":{"type":"Point","coordinates":[13.559014,45.318572]},"properties":{"nm":"","ref":"","ch":"W","ty":"light_minor","ar":[["W",null]]}},{"type":"Feature","geometry":{"type":"Point","coordinates":[13.585878,45.230016]},"properties":{"nm":"Hrid Barbaran","ref":"E 2662","ch":"Fl R 5s 5M","ty":"light_minor","ss":[["W",62.0,153.0,8.0],["R",11.0,62.0,5.0],["R",153.0,308.0,5.0]]}},{"type":"Feature","geometry":{"type":"Point","coordinates":[12.284127,44.491913]},"properties":{"nm":"","ref":"","ch":"","ty":"landmark"}},{"type":"Feature","geometry":{"type":"Point","coordinates":[13.154447,45.698414]},"properties":{"nm":"Porto Lignano","ref":"E 2521","ch":"Fl R 2s 8M","ty":"light_minor","ss":[["R",152.0,330.0,8.0]]}},{"type":"Feature","geometry":{"type":"Point","coordinates":[15.026113,44.303359]},"properties":{"nm":"Otok Vir","ref":"E 3081","ch":"Fl W 10s 11M","ty":"light_minor","ss":[["W",315.0,163.0,11.0]]}},{"type":"Feature","geometry":{"type":"Point","coordinates":[13.890773,44.75797]},"properties":{"nm":"Svjetionik Porer","ref":"","ch":"","ty":"lh"}},{"type":"Feature","geometry":{"type":"Point","coordinates":[12.377178,44.799406]},"properties":{"nm":"Lanterna Vecchia di Goro","ref":"","ch":"","ty":"lh"}},{"type":"Feature","geometry":{"type":"Point","coordinates":[13.582909,45.224854]},"properties":{"nm":"","ref":"","ch":"","ty":"light_major"}},{"type":"Feature","geometry":{"type":"Point","coordinates":[14.57609,45.023927]},"properties":{"nm":"","ref":"","ch":"","ty":"lh"}},{"type":"Feature","geometry":{"type":"Point","coordinates":[12.405284,44.208781]},"properties":{"nm":"Faro Rosso","ref":"E 2405","ch":"Fl R 5s 8M","ty":"light_minor","ar":[["Y",4.0],["R",8.0]]}},{"type":"Feature","geometry":{"type":"Point","coordinates":[12.404481,44.208784]},"properties":{"nm":"Faro Verde","ref":"E 2406","ch":"Fl G 5s 8M","ty":"light_minor","ar":[["G",8.0]]}},{"type":"Feature","geometry":{"type":"Point","coordinates":[13.633545,45.076353]},"properties":{"nm":"LtHo Rovinj Marina","ref":"E 2686","ch":"Fl G 5s 4M","ty":"beacon_lateral","ar":[["G",4.0]]}},{"type":"Feature","geometry":{"type":"Point","coordinates":[13.634425,45.084693]},"properties":{"nm":"Sjeverna Luka","ref":"E 2682","ch":"Fl G 3s 3M","ty":"beacon_lateral","ar":[["G",3.0]]}},{"type":"Feature","geometry":{"type":"Point","coordinates":[13.633567,45.07989]},"properties":{"nm":"Juzna Luka","ref":"E 2684","ch":"Fl R 3s 3M","ty":"light_minor","ar":[["R",3.0]]}},{"type":"Feature","geometry":{"type":"Point","coordinates":[13.62141,45.12762]},"properties":{"nm":"Marina Valalta","ref":"","ch":"F W","ty":"beacon_lateral","ar":[["W",null]]}},{"type":"Feature","geometry":{"type":"Point","coordinates":[14.301632,44.514327]},"properties":{"nm":"Svjetionik Otok Susak","ref":"","ch":"","ty":"lh"}},{"type":"Feature","geometry":{"type":"Point","coordinates":[14.898684,44.992067]},"properties":{"nm":"","ref":"","ch":"","ty":"lh"}},{"type":"Feature","geometry":{"type":"Point","coordinates":[12.253822,44.676698]},"properties":{"nm":"E 2429","ref":"E 2429","ch":"R","ty":"light_minor","ar":[["R",null]]}},{"type":"Feature","geometry":{"type":"Point","coordinates":[12.427172,45.417884]},"properties":{"nm":"","ref":"","ch":"","ty":"lh"}},{"type":"Feature","geometry":{"type":"Point","coordinates":[13.611818,45.128002]},"properties":{"nm":"","ref":"","ch":"Q+LFl(6) W","ty":"beacon_cardinal","ar":[["W",null]]}},{"type":"Feature","geometry":{"type":"Point","coordinates":[13.634565,45.078778]},"properties":{"nm":"BYB Untiefe Sv.Katarina","ref":"","ch":"VQ(3) W 5s","ty":"buoy_cardinal","ar":[["W",null]]}},{"type":"Feature","geometry":{"type":"Point","coordinates":[13.620741,45.062829]},"properties":{"nm":"Untiefe Crveni otok","ref":"","ch":"Q(9) W 15s","ty":"beacon_cardinal","ar":[["W",null]]}},{"type":"Feature","geometry":{"type":"Point","coordinates":[13.501335,45.500978]},"properties":{"nm":"Stara Savudrija","ref":"E 2643","ch":"Fl(2) R 5s 4M","ty":"light_minor","ss":[["R",264.0,304.0,null],["R",90.0,163.0,4.0]]}},{"type":"Feature","geometry":{"type":"Point","coordinates":[15.01196,44.171993]},"properties":{"nm":"Svjetionik Otočić Tri Sestrice","ref":"","ch":"","ty":"lh"}},{"type":"Feature","geometry":{"type":"Point","coordinates":[13.571625,45.721645]},"properties":{"nm":"Punta Sdobba","ref":"E 2540","ch":"Fl R 5s 4M","ty":"light_minor","ar":[["R",4.0]]}},{"type":"Feature","geometry":{"type":"Point","coordinates":[15.111375,44.31709]},"properties":{"nm":"","ref":"","ch":"","ty":"lh"}},{"type":"Feature","geometry":{"type":"Point","coordinates":[13.738761,45.617293]},"properties":{"nm":"Fanale L. Rizzo","ref":"E 2587","ch":"Fl(3) R 10s 5M","ty":"light_minor","ar":[["R",5.0]]}},{"type":"Feature","geometry":{"type":"Point","coordinates":[13.735502,45.631381]},"properties":{"nm":"E 2586","ref":"E 2586","ch":"Iso G 2s 5M","ty":"light_minor","ss":[["G",18.0,328.0,5.0]]}},{"type":"Feature","geometry":{"type":"Point","coordinates":[13.737805,45.632839]},"properties":{"nm":"E 2582","ref":"E 2582","ch":"Iso R 2s 5M","ty":"light_minor","ss":[["R",198.0,148.0,5.0]]}},{"type":"Feature","geometry":{"type":"Point","coordinates":[13.736816,45.63718]},"properties":{"nm":"E 2580","ref":"E 2580","ch":"Fl G 3s 5M","ty":"light_minor","ar":[["G",5.0]]}},{"type":"Feature","geometry":{"type":"Point","coordinates":[13.739217,45.638694]},"properties":{"nm":"E 2578","ref":"E 2578","ch":"Fl R 3s 8M","ty":"light_minor","ar":[["R",8.0]]}},{"type":"Feature","geometry":{"type":"Point","coordinates":[13.762395,45.65523]},"properties":{"nm":"E 2560","ref":"E 2560","ch":"Fl R 3s 6M","ty":"light_minor","ar":[["R",6.0]]}},{"type":"Feature","geometry":{"type":"Point","coordinates":[13.757056,45.664095]},"properties":{"nm":"E 2562","ref":"E 2562","ch":"Fl G 3s 8M","ty":"light_minor","ar":[["G",8.0]]}},{"type":"Feature","geometry":{"type":"Point","coordinates":[13.758888,45.66321]},"properties":{"nm":"E 2561","ref":"E 2561","ch":"F G 3M","ty":"light_minor","ss":[["G",130.0,40.0,3.0]]}},{"type":"Feature","geometry":{"type":"Point","coordinates":[14.899712,44.990396]},"properties":{"nm":"","ref":"","ch":"","ty":"lh"}},{"type":"Feature","geometry":{"type":"Point","coordinates":[13.491206,45.490068]},"properties":{"nm":"Svjetionik Savudrija","ref":"","ch":"","ty":"lh"}},{"type":"Feature","geometry":{"type":"Point","coordinates":[15.026227,44.303328]},"properties":{"nm":"Lanterna","ref":"","ch":"","ty":"lh"}},{"type":"Feature","geometry":{"type":"Point","coordinates":[14.001361,44.80361]},"properties":{"nm":"Svjetionik Rt Marlera","ref":"","ch":"","ty":"lh"}},{"type":"Feature","geometry":{"type":"Point","coordinates":[14.420243,45.333699]},"properties":{"nm":"Svjetionik Mlaka","ref":"","ch":"","ty":"lh"}},{"type":"Feature","geometry":{"type":"Point","coordinates":[13.753016,44.888089]},"properties":{"nm":"Svjetionik Rt Peneda","ref":"","ch":"","ty":"lh"}},{"type":"Feature","geometry":{"type":"Point","coordinates":[14.272806,45.120092]},"properties":{"nm":"Svjetionik Rt Prestenice","ref":"","ch":"","ty":"lh"}},{"type":"Feature","geometry":{"type":"Point","coordinates":[14.768257,44.933121]},"properties":{"nm":"Svjetionik Rt Stražica","ref":"","ch":"","ty":"lh"}},{"type":"Feature","geometry":{"type":"Point","coordinates":[14.235501,44.619328]},"properties":{"nm":"Svjetionik Vnetak","ref":"","ch":"","ty":"lh"}},{"type":"Feature","geometry":{"type":"Point","coordinates":[14.288478,44.921193]},"properties":{"nm":"Svjetionik Hrid Zaglav","ref":"","ch":"","ty":"lh"}},{"type":"Feature","geometry":{"type":"Point","coordinates":[14.429967,44.557643]},"properties":{"nm":"Otocic Koldurac","ref":"E 3024","ch":"Fl G 3s 3M","ty":"light_minor","ar":[["G",3.0]]}},{"type":"Feature","geometry":{"type":"Point","coordinates":[14.426091,44.560859]},"properties":{"nm":"Rt Torunza","ref":"E 3026","ch":"Fl W 3s 6M","ty":"light_minor","ss":[["R",72.0,65.0,4.0],["W",65.0,72.0,6.0]]}},{"type":"Feature","geometry":{"type":"Point","coordinates":[14.421207,44.550004]},"properties":{"nm":"Otocic Murtar","ref":"E 3022","ch":"LFl W 8s 8M","ty":"light_minor","ar":[["W",8.0]]}},{"type":"Feature","geometry":{"type":"Point","coordinates":[14.402517,44.550751]},"properties":{"nm":"Otocic Zabodaski","ref":"","ch":"Fl(2) R 6s 4M","ty":"light_minor","ar":[["R",4.0]]}},{"type":"Feature","geometry":{"type":"Point","coordinates":[13.790221,44.886748]},"properties":{"nm":"Rt Kumpare","ref":"E 2720","ch":"Fl G 3s 6M","ty":"light_minor","ar":[["G",6.0]]}},{"type":"Feature","geometry":{"type":"Point","coordinates":[13.794499,44.890411]},"properties":{"nm":"Rt Kristo","ref":"E 2718","ch":"Fl R 3s 5M","ty":"light_minor","ar":[["R",5.0]]}},{"type":"Feature","geometry":{"type":"Point","coordinates":[12.343199,45.43015]},"properties":{"nm":"","ref":"","ch":"","ty":"lh"}},{"type":"Feature","geometry":{"type":"Point","coordinates":[12.346218,45.429368]},"properties":{"nm":"","ref":"","ch":"","ty":"lh"}},{"type":"Feature","geometry":{"type":"Point","coordinates":[12.401569,44.206101]},"properties":{"nm":"Cesenatico","ref":"E 2404","ch":"Fl(2) W 6s 15M","ty":"light_major","ar":[["W",15.0]]}},{"type":"Feature","geometry":{"type":"Point","coordinates":[15.034781,44.187063]},"properties":{"nm":"Plicina Sajda","ref":"E 3106.4","ch":"Fl(2) W 10s 5M","ty":"beacon_isolated_danger","ar":[["W",5.0]]}},{"type":"Feature","geometry":{"type":"Point","coordinates":[14.408844,44.95718]},"properties":{"nm":"","ref":"","ch":"Fl W 3s","ty":"light_minor","ar":[["W",null]]}},{"type":"Feature","geometry":{"type":"Point","coordinates":[13.563208,45.530217]},"properties":{"nm":"Rt Madona","ref":"E 2624","ch":"Iso W 4s 15M","ty":"light_major","ss":[["W",351.0,253.0,15.0]]}},{"type":"Feature","geometry":{"type":"Point","coordinates":[14.844768,44.188633]},"properties":{"nm":"Otocic Golac","ref":"E 3094.4","ch":"Fl W 3s 6M","ty":"light_minor","ss":[["W",66.0,280.0,6.0]]}},{"type":"Feature","geometry":{"type":"Point","coordinates":[14.87508,44.171672]},"properties":{"nm":"Zverinacki Kanal","ref":"E 3099.5","ch":"Fl(2) W 6s 4M","ty":"light_minor","ss":[["W",132.0,318.0,4.0]]}},{"type":"Feature","geometry":{"type":"Point","coordinates":[14.404122,44.956436]},"properties":{"nm":"Rt Melin","ref":"E 2788","ch":"Fl R 3s 3M","ty":"light_minor","ar":[["R",3.0]]}},{"type":"Feature","geometry":{"type":"Point","coordinates":[14.391856,44.955488]},"properties":{"nm":"Luka Cres","ref":"E 2792","ch":"Fl G 3s 4M","ty":"light_minor","ar":[["G",4.0]]}},{"type":"Feature","geometry":{"type":"Point","coordinates":[14.390756,44.959678]},"properties":{"nm":"Rt Kovacine","ref":"E 2784","ch":"Fl(2) R 6s 8M","ty":"light_minor","ss":[["R",297.0,185.0,8.0]]}},{"type":"Feature","geometry":{"type":"Point","coordinates":[13.577069,45.76149]},"properties":{"nm":"","ref":"","ch":"Fl(2) R 6s 4M","ty":"beacon_lateral","ar":[["R",4.0]]}},{"type":"Feature","geometry":{"type":"Point","coordinates":[13.588528,45.756884]},"properties":{"nm":"","ref":"","ch":"Fl(2) G 6s 4M","ty":"beacon_lateral","ar":[["G",4.0]]}},{"type":"Feature","geometry":{"type":"Point","coordinates":[13.570121,45.769546]},"properties":{"nm":"","ref":"","ch":"Fl(2) G 4M","ty":"beacon_lateral","ar":[["G",4.0]]}},{"type":"Feature","geometry":{"type":"Point","coordinates":[13.586329,45.755125]},"properties":{"nm":"","ref":"","ch":"Fl(2) R 6s 4M","ty":"beacon_lateral","ar":[["R",4.0]]}},{"type":"Feature","geometry":{"type":"Point","coordinates":[13.568055,45.766918]},"properties":{"nm":"","ref":"","ch":"Fl(2) R 6s 4M","ty":"beacon_lateral","ar":[["R",4.0]]}},{"type":"Feature","geometry":{"type":"Point","coordinates":[13.579281,45.763241]},"properties":{"nm":"","ref":"","ch":"Fl(2) G 4M","ty":"beacon_lateral","ar":[["G",4.0]]}},{"type":"Feature","geometry":{"type":"Point","coordinates":[13.372366,45.684491]},"properties":{"nm":"E 2528","ref":"E 2528","ch":"Fl(2) R 6s 4M","ty":"light_minor","ar":[["R",4.0]]}},{"type":"Feature","geometry":{"type":"Point","coordinates":[13.373496,45.683367]},"properties":{"nm":"E 2530","ref":"E 2530","ch":"Fl G 3s 3M","ty":"light_minor","ss":[["G",48.0,266.0,3.0]]}},{"type":"Feature","geometry":{"type":"Point","coordinates":[13.244105,45.724162]},"properties":{"nm":"","ref":"","ch":"Fl G","ty":"beacon_lateral","ar":[["G",null]]}},{"type":"Feature","geometry":{"type":"Point","coordinates":[13.241541,45.723535]},"properties":{"nm":"","ref":"","ch":"Fl R","ty":"beacon_lateral","ar":[["R",null]]}},{"type":"Feature","geometry":{"type":"Point","coordinates":[14.765489,44.751623]},"properties":{"nm":"Sveti Juraj","ref":"","ch":"","ty":"lh"}},{"type":"Feature","geometry":{"type":"Point","coordinates":[13.56635,45.526197]},"properties":{"nm":"E 2628","ref":"E 2628","ch":"Fl R 3s 3M","ty":"light_minor","ar":[["R",3.0]]}},{"type":"Feature","geometry":{"type":"Point","coordinates":[13.56684,45.526134]},"properties":{"nm":"E 2630","ref":"E 2630","ch":"Fl G 3s 4M","ty":"light_minor","ar":[["G",4.0]]}},{"type":"Feature","geometry":{"type":"Point","coordinates":[13.593828,45.153731]},"properties":{"nm":"Otocic Galiner","ref":"E 2674","ch":"Fl W 2s","ty":"light_minor","ss":[["W",49.0,64.0,null],["W",185.0,25.0,null],["W",99.0,116.0,null]]}},{"type":"Feature","geometry":{"type":"Point","coordinates":[12.311145,45.33933]},"properties":{"nm":"Rochetta","ref":"E 2464","ch":"Fl(3) W 12s 16M","ty":"light_major","ar":[["W",16.0]]}},{"type":"Feature","geometry":{"type":"Point","coordinates":[13.75255,45.61045]},"properties":{"nm":"Porto San Rocco","ref":"","ch":"Fl G 5s 5M","ty":"light_minor","ar":[["G",5.0]]}},{"type":"Feature","geometry":{"type":"Point","coordinates":[13.75186,45.61009]},"properties":{"nm":"Porto San Rocca","ref":"","ch":"Fl R 5s 5M","ty":"light_minor","ar":[["R",5.0]]}},{"type":"Feature","geometry":{"type":"Point","coordinates":[14.3685,44.562407]},"properties":{"nm":"","ref":"","ch":"","ty":"lh"}},{"type":"Feature","geometry":{"type":"Point","coordinates":[14.288467,44.921212]},"properties":{"nm":"Hrid Zaglav","ref":"E 2764","ch":"Fl(3) W 15s 10M","ty":"light_minor","ar":[["W",10.0]]}},{"type":"Feature","geometry":{"type":"Point","coordinates":[14.498689,44.602682]},"properties":{"nm":"Rt Suha","ref":"E 3006","ch":"Fl R 5s 6M","ty":"light_minor","ss":[["W",319.0,285.0,9.0],["R",285.0,319.0,6.0]]}},{"type":"Feature","geometry":{"type":"Point","coordinates":[14.51053,44.61269]},"properties":{"nm":"Luka Jadresnica","ref":"E 3004","ch":"F G 3M","ty":"light_minor","ar":[["G",3.0]]}},{"type":"Feature","geometry":{"type":"Point","coordinates":[14.57809,44.668649]},"properties":{"nm":"Otocic Trstenik","ref":"E 3002","ch":"LFl W 10s 11M","ty":"light_minor","ss":[["R",346.0,18.0,8.0],["W",42.0,346.0,11.0],["W",18.0,32.0,11.0]]}},{"type":"Feature","geometry":{"type":"Point","coordinates":[14.485446,44.981568]},"properties":{"nm":"Rt Veli Pin","ref":"E2872","ch":"Fl W 6s 10M","ty":"light_minor","ar":[["W",10.0]]}},{"type":"Feature","geometry":{"type":"Point","coordinates":[14.301866,45.163737]},"properties":{"nm":"Banja","ref":"E 2799.6","ch":"Fl G 4s 8M","ty":"light_minor","ar":[["G",8.0]]}},{"type":"Feature","geometry":{"type":"Point","coordinates":[14.348053,44.776879]},"properties":{"nm":"Otocic Visoki","ref":"E 2761","ch":"Fl W 3s 6M","ty":"light_minor","ar":[["W",6.0]]}},{"type":"Feature","geometry":{"type":"Point","coordinates":[14.302134,44.766398]},"properties":{"nm":"Otocic Zecevo","ref":"E 2760","ch":"Fl(2) W 10s 8M","ty":"light_minor","ss":[["R",176.0,194.0,6.0],["W",194.0,176.0,8.0]]}},{"type":"Feature","geometry":{"type":"Point","coordinates":[14.485445,44.981568]},"properties":{"nm":"","ref":"","ch":"","ty":"lh"}},{"type":"Feature","geometry":{"type":"Point","coordinates":[14.677137,44.940796]},"properties":{"nm":"Otocic Galun","ref":"E 2886","ch":"Fl(3) W 10s 8M","ty":"light_minor","ar":[["W",8.0]]}},{"type":"Feature","geometry":{"type":"Point","coordinates":[12.000243,44.11638]},"properties":{"nm":"","ref":"","ch":"","ty":"lh"}},{"type":"Feature","geometry":{"type":"Point","coordinates":[14.448344,44.525639]},"properties":{"nm":"","ref":"","ch":"","ty":"lh"}},{"type":"Feature","geometry":{"type":"Point","coordinates":[14.550446,45.210582]},"properties":{"nm":"","ref":"","ch":"Fl W 4s","ty":"light_minor","ar":[["W",null]]}},{"type":"Feature","geometry":{"type":"Point","coordinates":[14.432618,45.073566]},"properties":{"nm":"","ref":"","ch":"","ty":"lh"}},{"type":"Feature","geometry":{"type":"Point","coordinates":[14.301628,44.514327]},"properties":{"nm":"Otok Susak","ref":"E 3036","ch":"LFl(2) W 10s 19M","ty":"light_major","ar":[["W",19.0]]}},{"type":"Feature","geometry":{"type":"Point","coordinates":[13.61414,45.042994]},"properties":{"nm":"Hrid Sveti Ivan na Pucini","ref":"E 2690","ch":"Fl(2) W 10s 24M","ty":"landmark","ar":[["W",24.0]]}},{"type":"Feature","geometry":{"type":"Point","coordinates":[12.436748,45.422728]},"properties":{"nm":"Faro Pagoda","ref":"","ch":"","ty":"lh"}},{"type":"Feature","geometry":{"type":"Point","coordinates":[14.57609,45.023927]},"properties":{"nm":"Krk","ref":"E 2874","ch":"Fl R 4s 3M","ty":"light_minor","ar":[["R",3.0]]}},{"type":"Feature","geometry":{"type":"Point","coordinates":[14.575803,45.024841]},"properties":{"nm":"Krk","ref":"E 2876","ch":"Fl G 3s 3M","ty":"light_minor","ar":[["G",3.0]]}},{"type":"Feature","geometry":{"type":"Point","coordinates":[14.174753,44.728361]},"properties":{"nm":"","ref":"","ch":"","ty":"lh"}},{"type":"Feature","geometry":{"type":"Point","coordinates":[12.396531,44.79126]},"properties":{"nm":"Po di Goro","ref":"E 2434","ch":"Fl(2) W 10s 17M","ty":"light_major","ar":[["W",17.0]]}},{"type":"Feature","geometry":{"type":"Point","coordinates":[12.313731,44.497688]},"properties":{"nm":"","ref":"","ch":"","ty":"lh"}},{"type":"Feature","geometry":{"type":"Point","coordinates":[12.314069,44.494978]},"properties":{"nm":"","ref":"","ch":"","ty":"lh"}},{"type":"Feature","geometry":{"type":"Point","coordinates":[14.27819,45.289665]},"properties":{"nm":"E 2810","ref":"E 2810","ch":"Fl G 2s 4M","ty":"light_minor","ar":[["G",4.0]]}},{"type":"Feature","geometry":{"type":"Point","coordinates":[14.526318,45.13396]},"properties":{"nm":"","ref":"","ch":"Fl R 2s 3M","ty":"light_minor","ar":[["R",3.0]]}},{"type":"Feature","geometry":{"type":"Point","coordinates":[14.759586,44.967985]},"properties":{"nm":"","ref":"","ch":"G 2s","ty":"","ar":[["G",null]]}},{"type":"Feature","geometry":{"type":"Point","coordinates":[14.280015,44.689006]},"properties":{"nm":"Rt Lakunji","ref":"E 2756","ch":"Fl(4) W 15s 8M","ty":"light_minor","ar":[["W",8.0]]}},{"type":"Feature","geometry":{"type":"Point","coordinates":[13.160312,45.697107]},"properties":{"nm":"Faro verde","ref":"","ch":"","ty":"lh"}},{"type":"Feature","geometry":{"type":"Point","coordinates":[13.589761,45.512506]},"properties":{"nm":"E 2634","ref":"E 2634","ch":"Fl G 2s 6M","ty":"light_minor","ar":[["G",6.0]]}},{"type":"Feature","geometry":{"type":"Point","coordinates":[13.573016,45.513817]},"properties":{"nm":"Rt Sveti Bernard","ref":"E 2632","ch":"Fl R 5s 3M","ty":"light_minor","ar":[["R",3.0]]}},{"type":"Feature","geometry":{"type":"Point","coordinates":[13.654144,45.537413]},"properties":{"nm":"E 2622","ref":"E 2622","ch":"Fl(2) R 10s 3M","ty":"light_major","ar":[["R",3.0]]}},{"type":"Feature","geometry":{"type":"Point","coordinates":[13.655145,45.539286]},"properties":{"nm":"E 2620","ref":"E 2620","ch":"Fl R 3s 3M","ty":"light_minor","ar":[["R",3.0]]}},{"type":"Feature","geometry":{"type":"Point","coordinates":[13.725793,45.579687]},"properties":{"nm":"Valdoltra","ref":"E 2608","ch":"Fl(2) R 6s 4M","ty":"light_minor","ar":[["R",4.0]]}},{"type":"Feature","geometry":{"type":"Point","coordinates":[13.723793,45.54818]},"properties":{"nm":"E 2612","ref":"E 2612","ch":"Fl(2) G 10s 4M","ty":"light_minor","ar":[["G",4.0]]}},{"type":"Feature","geometry":{"type":"Point","coordinates":[13.722173,45.548389]},"properties":{"nm":"E 2612.2","ref":"E 2612.2","ch":"Fl(2) R 10s 4M","ty":"light_minor","ar":[["R",4.0]]}},{"type":"Feature","geometry":{"type":"Point","coordinates":[13.699644,45.591197]},"properties":{"nm":"Plicinia Debeli","ref":"E 2607","ch":"Q(9) W 15s 8M","ty":"beacon_cardinal","ar":[["W",8.0]]}},{"type":"Feature","geometry":{"type":"Point","coordinates":[13.72205,45.59651]},"properties":{"nm":"E 2605","ref":"E 2605","ch":"Fl R 3s 3M","ty":"light_minor","ar":[["R",3.0]]}},{"type":"Feature","geometry":{"type":"Point","coordinates":[13.80246,45.608976]},"properties":{"nm":"E 2604","ref":"E 2604","ch":"F G 3M","ty":"light_minor","ar":[["G",3.0]]}},{"type":"Feature","geometry":{"type":"Point","coordinates":[13.766601,45.606715]},"properties":{"nm":"E 2596","ref":"E 2596","ch":"F G 3M","ty":"light_minor","ar":[["G",3.0]]}},{"type":"Feature","geometry":{"type":"Point","coordinates":[13.766189,45.60717]},"properties":{"nm":"Muggia","ref":"E 2595","ch":"F R 3M","ty":"light_minor","ar":[["R",3.0]]}},{"type":"Feature","geometry":{"type":"Point","coordinates":[13.793612,45.60511]},"properties":{"nm":"E 2602","ref":"E 2602","ch":"F G 3M","ty":"light_minor","ar":[["G",3.0]]}},{"type":"Feature","geometry":{"type":"Point","coordinates":[13.792902,45.604874]},"properties":{"nm":"E 2602.2","ref":"E 2602.2","ch":"F R 3M","ty":"light_minor","ar":[["R",3.0]]}},{"type":"Feature","geometry":{"type":"Point","coordinates":[13.814331,45.613921]},"properties":{"nm":"E 2603.1","ref":"E 2603.1","ch":"F R 10M","ty":"light_minor","ar":[["R",10.0]]}},{"type":"Feature","geometry":{"type":"Point","coordinates":[13.812588,45.613325]},"properties":{"nm":"E 2603","ref":"E 2603","ch":"F R 10M","ty":"light_minor","ar":[["R",10.0]]}},{"type":"Feature","geometry":{"type":"Point","coordinates":[13.786032,45.611739]},"properties":{"nm":"E 2601.4","ref":"E 2601.4","ch":"F G 3M","ty":"light_minor","ar":[["G",3.0]]}},{"type":"Feature","geometry":{"type":"Point","coordinates":[13.777304,45.61369]},"properties":{"nm":"E 2597.2","ref":"E 2597.2","ch":"F G 4M","ty":"light_minor","ss":[["G",298.0,118.0,4.0]]}},{"type":"Feature","geometry":{"type":"Point","coordinates":[13.771504,45.611997]},"properties":{"nm":"No.II","ref":"E 2597","ch":"F G 4M","ty":"light_minor","ar":[["R",4.0],["G",4.0]]}},{"type":"Feature","geometry":{"type":"Point","coordinates":[13.775307,45.610669]},"properties":{"nm":"E 2598","ref":"E 2598","ch":"F R 4M","ty":"light_minor","ar":[["G",4.0],["R",4.0]]}},{"type":"Feature","geometry":{"type":"Point","coordinates":[13.782499,45.611906]},"properties":{"nm":"E 2601","ref":"E 2601","ch":"F R 4M","ty":"light_minor","ar":[["R",4.0]]}},{"type":"Feature","geometry":{"type":"Point","coordinates":[13.7167,45.615617]},"properties":{"nm":"","ref":"","ch":"Fl W 2s 5M","ty":"buoy_safe_water","ar":[["W",5.0]]}},{"type":"Feature","geometry":{"type":"Point","coordinates":[13.744301,45.639183]},"properties":{"nm":"E 2588.2","ref":"E 2588.2","ch":"F R 4M","ty":"light_minor","ar":[["R",4.0]]}},{"type":"Feature","geometry":{"type":"Point","coordinates":[13.743948,45.640791]},"properties":{"nm":"E 2588","ref":"E 2588","ch":"F G 4M","ty":"light_minor","ar":[["G",4.0]]}},{"type":"Feature","geometry":{"type":"Point","coordinates":[13.681419,45.643968]},"properties":{"nm":"E 2557","ref":"E 2557","ch":"Fl Y 3s 5M","ty":"beacon_special_purpose","ar":[["Y",5.0]]}},{"type":"Feature","geometry":{"type":"Point","coordinates":[13.759436,45.649772]},"properties":{"nm":"E 2565","ref":"E 2565","ch":"G 4M","ty":"light_minor","ar":[["G",4.0]]}},{"type":"Feature","geometry":{"type":"Point","coordinates":[13.751109,45.648515]},"properties":{"nm":"E 2568","ref":"E 2568","ch":"Fl W 5s 5M","ty":"light_minor","ar":[["W",5.0]]}},{"type":"Feature","geometry":{"type":"Point","coordinates":[13.753296,45.649058]},"properties":{"nm":"E 2569","ref":"E 2569","ch":"Fl G 5s 3M","ty":"light_minor","ar":[["G",3.0]]}},{"type":"Feature","geometry":{"type":"Point","coordinates":[13.749772,45.682396]},"properties":{"nm":"Barcola","ref":"E 2556","ch":"F G 4M","ty":"light_minor","ar":[["G",4.0]]}},{"type":"Feature","geometry":{"type":"Point","coordinates":[13.73665,45.693442]},"properties":{"nm":"Cedas","ref":"E 2555","ch":"F G 4M","ty":"light_minor","ar":[["G",4.0]]}},{"type":"Feature","geometry":{"type":"Point","coordinates":[13.711859,45.707177]},"properties":{"nm":"Valle Grignano","ref":"E 2554","ch":"F G 3M","ty":"light_minor","ss":[["G",127.0,307.0,3.0]]}},{"type":"Feature","geometry":{"type":"Point","coordinates":[13.68979,45.726313]},"properties":{"nm":"Santa Croce di Trieste","ref":"E 2553","ch":"F G 3M","ty":"light_minor","ar":[["G",3.0]]}},{"type":"Feature","geometry":{"type":"Point","coordinates":[13.627728,45.768439]},"properties":{"nm":"E 2551","ref":"E 2551","ch":"F G 3M","ty":"light_minor","ar":[["G",3.0]]}},{"type":"Feature","geometry":{"type":"Point","coordinates":[13.626412,45.768602]},"properties":{"nm":"Sistiana","ref":"E 2550","ch":"F R 3M","ty":"light_minor","ar":[["R",3.0]]}},{"type":"Feature","geometry":{"type":"Point","coordinates":[13.591282,45.774508]},"properties":{"nm":"E 2547","ref":"E 2547","ch":"Fl(2) G 10s 4M","ty":"light_minor","ar":[["G",4.0]]}},{"type":"Feature","geometry":{"type":"Point","coordinates":[13.598128,45.773248]},"properties":{"nm":"Duino","ref":"E 2548","ch":"F G 3M","ty":"light_minor","ar":[["G",3.0]]}},{"type":"Feature","geometry":{"type":"Point","coordinates":[13.606002,45.743294]},"properties":{"nm":"E 2543","ref":"E 2543","ch":"Fl W 10s 6M","ty":"beacon_safe_water","ar":[["W",6.0]]}},{"type":"Feature","geometry":{"type":"Point","coordinates":[13.438817,45.65595]},"properties":{"nm":"E 2538","ref":"E 2538","ch":"Q(6) W 15s 6M","ty":"beacon_cardinal","ar":[["W",6.0]]}},{"type":"Feature","geometry":{"type":"Point","coordinates":[13.396317,45.671283]},"properties":{"nm":"E 2537.5","ref":"E 2537.5","ch":"Fl Y 3s 4M","ty":"light_minor","ar":[["Y",4.0]]}},{"type":"Feature","geometry":{"type":"Point","coordinates":[13.38524,45.684594]},"properties":{"nm":"E 2536","ref":"E 2536","ch":"F G 3M","ty":"light_minor","ar":[["G",3.0]]}},{"type":"Feature","geometry":{"type":"Point","coordinates":[13.383463,45.683109]},"properties":{"nm":"E 2534","ref":"E 2534","ch":"F R 3M","ty":"light_minor","ar":[["R",3.0]]}},{"type":"Feature","geometry":{"type":"Point","coordinates":[13.348134,45.660717]},"properties":{"nm":"E 2525.7","ref":"E 2525.7","ch":"Fl W 10s 6M","ty":"beacon_safe_water","ar":[["W",6.0]]}},{"type":"Feature","geometry":{"type":"Point","coordinates":[13.368858,45.680117]},"properties":{"nm":"E 2526","ref":"E 2526","ch":"Fl R 3s 5M","ty":"light_minor","ss":[["W",31.0,36.0,7.0],["R",193.0,31.0,5.0]]}},{"type":"Feature","geometry":{"type":"Point","coordinates":[13.250204,45.718085]},"properties":{"nm":"E 2524.3","ref":"E 2524.3","ch":"Fl G 2s 2M","ty":"light_minor","ss":[["W",346.0,351.0,4.0],["G",300.0,346.0,2.0],["G",351.0,40.0,2.0]]}},{"type":"Feature","geometry":{"type":"Point","coordinates":[13.248012,45.707304]},"properties":{"nm":"E 2524.5","ref":"E 2524.5","ch":"Fl R 5s 4M","ty":"light_minor","ar":[["R",4.0]]}},{"type":"Feature","geometry":{"type":"Point","coordinates":[13.254268,45.705103]},"properties":{"nm":"E 2524.7","ref":"E 2524.7","ch":"Fl G 5s 4M","ty":"light_minor","ar":[["G",4.0]]}},{"type":"Feature","geometry":{"type":"Point","coordinates":[13.251151,45.716044]},"properties":{"nm":"Fiume Aussa","ref":"E 2524","ch":"Fl(2) G 7s 4M","ty":"light_minor","ar":[["G",4.0]]}},{"type":"Feature","geometry":{"type":"Point","coordinates":[13.146225,45.702905]},"properties":{"nm":"E 2520.5","ref":"E 2520.5","ch":"Fl(2) G 8s 4M","ty":"light_minor","ss":[["G",200.0,68.0,4.0]]}},{"type":"Feature","geometry":{"type":"Point","coordinates":[13.147199,45.703055]},"properties":{"nm":"E 2520.4","ref":"E 2520.4","ch":"Fl(2) R 8s 4M","ty":"light_minor","ss":[["R",325.0,235.0,4.0]]}},{"type":"Feature","geometry":{"type":"Point","coordinates":[13.161534,45.66245]},"properties":{"nm":"E 2519.5","ref":"E 2519.5","ch":"Fl W 2s 6M","ty":"beacon_safe_water","ar":[["W",6.0]]}},{"type":"Feature","geometry":{"type":"Point","coordinates":[12.868896,45.585803]},"properties":{"nm":"E 2506.4","ref":"E 2506.4","ch":"Fl G 3s 5M","ty":"light_minor","ar":[["G",5.0]]}},{"type":"Feature","geometry":{"type":"Point","coordinates":[12.867491,45.585677]},"properties":{"nm":"Porto di Santa Margherita","ref":"E 2506","ch":"Fl R 3s 5M","ty":"light_minor","ar":[["R",5.0]]}},{"type":"Feature","geometry":{"type":"Point","coordinates":[12.726624,45.529105]},"properties":{"nm":"Porto di Cortellazzo","ref":"E 2505.1","ch":"Fl R 3s 4M","ty":"light_minor","ar":[["R",4.0]]}},{"type":"Feature","geometry":{"type":"Point","coordinates":[12.584083,45.479817]},"properties":{"nm":"E 2504.2","ref":"E 2504.2","ch":"Fl(2) G 6s 4M","ty":"light_minor","ar":[["G",4.0]]}},{"type":"Feature","geometry":{"type":"Point","coordinates":[12.363064,45.420308]},"properties":{"nm":"E 2492","ref":"E 2492","ch":"Fl(2) R 10s 5M","ty":"light_minor","ar":[["R",5.0]]}},{"type":"Feature","geometry":{"type":"Point","coordinates":[12.369838,45.423344]},"properties":{"nm":"E 2491","ref":"E 2491","ch":"Fl G 5s 5M","ty":"buoy_lateral","ar":[["G",5.0]]}},{"type":"Feature","geometry":{"type":"Point","coordinates":[12.374908,45.426569]},"properties":{"nm":"E 2490.8","ref":"E 2490.8","ch":"Fl(3) Y 9s 5M","ty":"beacon_special_purpose","ar":[["Y",5.0]]}},{"type":"Feature","geometry":{"type":"Point","coordinates":[12.387111,45.434458]},"properties":{"nm":"E 2489","ref":"E 2489","ch":"Fl R 4s 5M","ty":"light_minor","ar":[["R",5.0]]}},{"type":"Feature","geometry":{"type":"Point","coordinates":[12.38504,45.436886]},"properties":{"nm":"E 2490","ref":"E 2490","ch":"Fl G 4s 5M","ty":"light_minor","ar":[["G",5.0]]}},{"type":"Feature","geometry":{"type":"Point","coordinates":[12.392844,45.43432]},"properties":{"nm":"E 2488","ref":"E 2488","ch":"Fl R 4s 5M","ty":"light_minor","ar":[["R",5.0]]}},{"type":"Feature","geometry":{"type":"Point","coordinates":[12.40683,45.433843]},"properties":{"nm":"E 2488.8","ref":"E 2488.8","ch":"Fl G 2s 5M","ty":"beacon_lateral","ar":[["G",5.0]]}},{"type":"Feature","geometry":{"type":"Point","coordinates":[12.404179,45.43036]},"properties":{"nm":"E 2488.7","ref":"E 2488.7","ch":"Fl R 2s 5M","ty":"beacon_lateral","ar":[["R",5.0]]}},{"type":"Feature","geometry":{"type":"Point","coordinates":[12.414561,45.426744]},"properties":{"nm":"E 2485","ref":"E 2485","ch":"Fl R 2s 5M","ty":"light_minor","ar":[["R",5.0]]}},{"type":"Feature","geometry":{"type":"Point","coordinates":[12.426341,45.425493]},"properties":{"nm":"E 2488.5","ref":"E 2488.5","ch":"Fl G 2s 5M","ty":"beacon_lateral","ar":[["G",5.0]]}},{"type":"Feature","geometry":{"type":"Point","coordinates":[12.424178,45.42302]},"properties":{"nm":"E 2488.4","ref":"E 2488.4","ch":"Fl R 2s 5M","ty":"beacon_lateral","ar":[["R",5.0]]}},{"type":"Feature","geometry":{"type":"Point","coordinates":[12.427264,45.417808]},"properties":{"nm":"E 2484","ref":"E 2484","ch":"Fl(2) R 8s 8M","ty":"light_minor","ar":[["R",8.0]]}},{"type":"Feature","geometry":{"type":"Point","coordinates":[12.436759,45.422742]},"properties":{"nm":"E 2480","ref":"E 2480","ch":"LFl(2) W 12s 15M","ty":"light_minor","ar":[["W",15.0]]}},{"type":"Feature","geometry":{"type":"Point","coordinates":[12.480283,45.3991]},"properties":{"nm":"E 2481","ref":"E 2481","ch":"Fl W 10s 6M","ty":"beacon_safe_water","ar":[["W",6.0]]}},{"type":"Feature","geometry":{"type":"Point","coordinates":[12.316565,45.335749]},"properties":{"nm":"Palata delle Ceppe","ref":"E 2468","ch":"Fl(3) R 10s 5M","ty":"light_minor","ar":[["R",5.0]]}},{"type":"Feature","geometry":{"type":"Point","coordinates":[12.343233,45.333905]},"properties":{"nm":"E 2466","ref":"E 2466","ch":"Fl G 5s 8M","ty":"light_minor","ar":[["G",8.0]]}},{"type":"Feature","geometry":{"type":"Point","coordinates":[12.344905,45.32927]},"properties":{"nm":"E 2467","ref":"E 2467","ch":"Fl R 3s 8M","ty":"light_minor","ss":[["R",60.0,290.0,8.0]]}},{"type":"Feature","geometry":{"type":"Point","coordinates":[12.311317,45.33885]},"properties":{"nm":"E 2464.4","ref":"E 2464.4","ch":"Fl(3) G 10s 7M","ty":"light_minor","ar":[["G",7.0]]}},{"type":"Feature","geometry":{"type":"Point","coordinates":[12.311217,45.33985]},"properties":{"nm":"E 2463","ref":"E 2463","ch":"F G 6M","ty":"light_minor","ss":[["W",287.0,288.0,6.0],["G",285.0,287.0,6.0],["R",288.0,290.0,6.0]]}},{"type":"Feature","geometry":{"type":"Point","coordinates":[12.38415,45.324667]},"properties":{"nm":"E 2465","ref":"E 2465","ch":"Fl W 10s 6M","ty":"beacon_safe_water","ar":[["W",6.0]]}},{"type":"Feature","geometry":{"type":"Point","coordinates":[12.513333,45.31365]},"properties":{"nm":"E 2462","ref":"E 2462","ch":"Mo(U) W 15s 8M","ty":"platform","ar":[["W",8.0]]}},{"type":"Feature","geometry":{"type":"Point","coordinates":[12.283683,45.223383]},"properties":{"nm":"E 2458","ref":"E 2458","ch":"F R 3M","ty":"light_minor","ar":[["R",3.0]]}},{"type":"Feature","geometry":{"type":"Point","coordinates":[12.291083,45.2355]},"properties":{"nm":"E 2456","ref":"E 2456","ch":"Fl(2) G 7s 8M","ty":"light_minor","ar":[["G",8.0]]}},{"type":"Feature","geometry":{"type":"Point","coordinates":[12.313544,45.22863]},"properties":{"nm":"E 2453","ref":"E 2453","ch":"Fl(2) R 10s 8M","ty":"light_minor","ss":[["R",313.0,257.0,8.0]]}},{"type":"Feature","geometry":{"type":"Point","coordinates":[12.314208,45.233648]},"properties":{"nm":"E 2452","ref":"E 2452","ch":"Fl G 3s 8M","ty":"light_minor","ss":[["G",342.0,302.0,8.0]]}},{"type":"Feature","geometry":{"type":"Point","coordinates":[12.297576,45.229612]},"properties":{"nm":"Forte San Felice","ref":"E 2450","ch":"LFl(2) W 10s 15M","ty":"light_major","ar":[["W",15.0]]}},{"type":"Feature","geometry":{"type":"Point","coordinates":[12.588784,45.08565]},"properties":{"nm":"E 2444.7","ref":"E 2444.7","ch":"Fl(5) Y 20s 5M","ty":"beacon_special_purpose","ar":[["Y",5.0]]}},{"type":"Feature","geometry":{"type":"Point","coordinates":[12.389133,45.076867]},"properties":{"nm":"E 2443.3","ref":"E 2443.3","ch":"Iso Y 2s 6M","ty":"beacon_special_purpose","ar":[["Y",6.0]]}},{"type":"Feature","geometry":{"type":"Point","coordinates":[12.589567,44.963717]},"properties":{"nm":"E 2441","ref":"E 2441","ch":"Q(3) W 10s 6M","ty":"beacon_cardinal","ar":[["W",6.0]]}},{"type":"Feature","geometry":{"type":"Point","coordinates":[12.288003,44.83647]},"properties":{"nm":"Porto di Goro","ref":"E 2432","ch":"Fl R 3s 6M","ty":"light_minor","ar":[["R",6.0]]}},{"type":"Feature","geometry":{"type":"Point","coordinates":[12.289492,44.838216]},"properties":{"nm":"E 2433","ref":"E 2433","ch":"Fl G 3s 6M","ty":"light_minor","ar":[["G",6.0]]}},{"type":"Feature","geometry":{"type":"Point","coordinates":[12.250327,44.676567]},"properties":{"nm":"E 2430","ref":"E 2430","ch":"Fl R 5s 8M","ty":"light_minor","ar":[["R",8.0]]}},{"type":"Feature","geometry":{"type":"Point","coordinates":[12.249679,44.67679]},"properties":{"nm":"E 2428","ref":"E 2428","ch":"Fl G 5s 8M","ty":"light_minor","ar":[["G",8.0]]}},{"type":"Feature","geometry":{"type":"Point","coordinates":[12.244553,44.676048]},"properties":{"nm":"E 2426","ref":"E 2426","ch":"Fl(4) W 15s 15M","ty":"light_major","ar":[["W",15.0]]}},{"type":"Feature","geometry":{"type":"Point","coordinates":[12.289805,44.494397]},"properties":{"nm":"E 2422","ref":"E 2422","ch":"Fl G 4s 8M","ty":"light_major","ar":[["G",8.0]]}},{"type":"Feature","geometry":{"type":"Point","coordinates":[12.291779,44.493292]},"properties":{"nm":"E 2421","ref":"E 2421","ch":"Fl R 4s 8M","ty":"light_major","ss":[["R",74.0,83.0,8.0]]}},{"type":"Feature","geometry":{"type":"Point","coordinates":[12.313729,44.497687]},"properties":{"nm":"E 2420","ref":"E 2420","ch":"Fl(2) G 6s 8M","ty":"light_major","ar":[["G",8.0]]}},{"type":"Feature","geometry":{"type":"Point","coordinates":[12.314068,44.494971]},"properties":{"nm":"E 2419","ref":"E 2419","ch":"Fl(2) R 6s 8M","ty":"light_major","ss":[["R",80.0,89.0,8.0]]}},{"type":"Feature","geometry":{"type":"Point","coordinates":[12.34631,44.500635]},"properties":{"nm":"E 2417.8","ref":"E 2417.8","ch":"Fl W 10s 6M","ty":"beacon_safe_water","ar":[["W",6.0]]}},{"type":"Feature","geometry":{"type":"Point","coordinates":[12.523117,44.459233]},"properties":{"nm":"AGIP 4","ref":"E 7522","ch":"Mo(U) W 15s 6M","ty":"platform","ar":[["W",6.0]]}},{"type":"Feature","geometry":{"type":"Point","coordinates":[12.360079,44.26886]},"properties":{"nm":"E 2412","ref":"E 2412","ch":"Fl R 3s 4M","ty":"light_minor","ar":[["R",4.0]]}},{"type":"Feature","geometry":{"type":"Point","coordinates":[12.359548,44.268985]},"properties":{"nm":"E 2413","ref":"E 2413","ch":"Fl G 3s 4M","ty":"light_minor","ar":[["G",4.0]]}},{"type":"Feature","geometry":{"type":"Point","coordinates":[14.766565,44.270698]},"properties":{"nm":"Uvala Siroka","ref":"E 3090","ch":"Fl G 3s 4M","ty":"light_minor","ar":[["G",4.0]]}},{"type":"Feature","geometry":{"type":"Point","coordinates":[15.01194,44.171986]},"properties":{"nm":"Otocic Tri Sestrice","ref":"E 3106","ch":"Fl(2) R 5s 6M","ty":"light_minor","ss":[["W",234.0,225.0,8.0],["R",225.0,234.0,6.0]]}},{"type":"Feature","geometry":{"type":"Point","coordinates":[14.90427,44.188952]},"properties":{"nm":"Otok Tun Veli","ref":"E 3097","ch":"Fl W 5s 7M","ty":"light_minor","ss":[["W",92.0,99.5,7.0],["W",213.0,223.0,7.0],["G",223.0,92.0,4.0],["G",99.5,213.0,4.0]]}},{"type":"Feature","geometry":{"type":"Point","coordinates":[14.899756,44.192045]},"properties":{"nm":"Otocic Tun Mali","ref":"E 3095","ch":"Fl R 3s 3M","ty":"light_minor","ar":[["R",3.0]]}},{"type":"Feature","geometry":{"type":"Point","coordinates":[14.92653,44.201701]},"properties":{"nm":"Otočić Vrtlac","ref":"E 3096","ch":"Fl W 3s 5M","ty":"light_minor","ar":[["W",5.0]]}},{"type":"Feature","geometry":{"type":"Point","coordinates":[14.921266,44.211914]},"properties":{"nm":"Otocic Trata","ref":"E 3097.4","ch":"Fl R 3s 6M","ty":"light_minor","ar":[["R",6.0]]}},{"type":"Feature","geometry":{"type":"Point","coordinates":[14.840564,44.199457]},"properties":{"nm":"Rt Bonaster","ref":"E 3093","ch":"Fl(4) W 15s 9M","ty":"light_minor","ar":[["W",9.0]]}},{"type":"Feature","geometry":{"type":"Point","coordinates":[14.788499,44.263135]},"properties":{"nm":"Rt Tureta","ref":"E 3090.5","ch":"Fl(2) R 4s 4M","ty":"light_minor","ss":[["W",24.0,41.0,4.0],["R",242.0,24.0,4.0],["R",41.0,82.0,4.0]]}},{"type":"Feature","geometry":{"type":"Point","coordinates":[14.80227,44.26583]},"properties":{"nm":"Rt Vranac","ref":"E 3092","ch":"Fl W 2s 5M","ty":"light_minor","ar":[["W",5.0]]}},{"type":"Feature","geometry":{"type":"Point","coordinates":[14.756626,44.279655]},"properties":{"nm":"Otok Ist","ref":"E 3089","ch":"Fl(2) W 5s 4M","ty":"light_minor","ar":[["W",4.0]]}},{"type":"Feature","geometry":{"type":"Point","coordinates":[14.892928,44.395143]},"properties":{"nm":"Otocic Pohlib","ref":"E 3068","ch":"Fl W 5s 9M","ty":"light_minor","ar":[["W",9.0]]}},{"type":"Feature","geometry":{"type":"Point","coordinates":[14.848463,44.480734]},"properties":{"nm":"Otok Škrda","ref":"E 3072","ch":"Fl(3) W 15s 10M","ty":"light_minor","ar":[["W",10.0]]}},{"type":"Feature","geometry":{"type":"Point","coordinates":[14.775423,44.380063]},"properties":{"nm":"Luka Olib","ref":"E 3066","ch":"Fl R 3s 4M","ty":"light_minor","ss":[["W",165.0,144.0,4.0],["R",144.0,165.0,4.0]]}},{"type":"Feature","geometry":{"type":"Point","coordinates":[14.732275,44.432304]},"properties":{"nm":"Otočić Morovnik","ref":"E 3064","ch":"Fl G 5s 5M","ty":"light_minor","ar":[["G",5.0]]}},{"type":"Feature","geometry":{"type":"Point","coordinates":[14.702627,44.375057]},"properties":{"nm":"Silbanski kanal","ref":"E 3060","ch":"Fl R 3s 4M","ty":"light_minor","ar":[["R",4.0]]}},{"type":"Feature","geometry":{"type":"Point","coordinates":[14.691114,44.33203]},"properties":{"nm":"Otocic Grebeni","ref":"E 3052","ch":"Fl R 5s 6M","ty":"light_minor","ar":[["R",6.0]]}},{"type":"Feature","geometry":{"type":"Point","coordinates":[14.719714,44.345988]},"properties":{"nm":"Rt Arat","ref":"E 3058","ch":"Q+LFl(6) W 15s 8M","ty":"beacon_cardinal","ar":[["W",8.0]]}},{"type":"Feature","geometry":{"type":"Point","coordinates":[14.690747,44.373233]},"properties":{"nm":"Žalić","ref":"E 3054","ch":"Fl W 3s 3M","ty":"light_minor","ar":[["W",3.0]]}},{"type":"Feature","geometry":{"type":"Point","coordinates":[14.602182,44.346736]},"properties":{"nm":"Uvala Loza","ref":"E 3050","ch":"Fl R 3s 4M","ty":"light_minor","ar":[["R",4.0]]}},{"type":"Feature","geometry":{"type":"Point","coordinates":[14.59311,44.336913]},"properties":{"nm":"Luka Krijal","ref":"E 3048","ch":"Fl W 3s 4M","ty":"light_minor","ar":[["W",4.0]]}},{"type":"Feature","geometry":{"type":"Point","coordinates":[14.579598,44.356137]},"properties":{"nm":"Otocic Kamenjak","ref":"E 3046","ch":"Fl W 5s 7M","ty":"light_minor","ar":[["W",7.0]]}},{"type":"Feature","geometry":{"type":"Point","coordinates":[14.56908,44.409578]},"properties":{"nm":"Otocic Grujica","ref":"E 3044","ch":"Fl(3) W 15s 10M","ty":"light_minor","ar":[["W",10.0]]}},{"type":"Feature","geometry":{"type":"Point","coordinates":[15.477178,44.20945]},"properties":{"nm":"Posedarje","ref":"E 2974.3","ch":"Fl G 3s 3M","ty":"light_minor","ss":[["G",263.0,189.0,3.0]]}},{"type":"Feature","geometry":{"type":"Point","coordinates":[15.536289,44.219605]},"properties":{"nm":"Rt Zdrijac","ref":"E 2973.6","ch":"Fl G 2s 3M","ty":"light_minor","ar":[["G",3.0]]}},{"type":"Feature","geometry":{"type":"Point","coordinates":[15.528356,44.227052]},"properties":{"nm":"Rt Brzac","ref":"E 2973.4","ch":"Fl R 2s 2M","ty":"light_minor","ar":[["R",2.0]]}},{"type":"Feature","geometry":{"type":"Point","coordinates":[15.521748,44.235864]},"properties":{"nm":"Rt Vranine","ref":"E 2973.3","ch":"Fl G 2s 2M","ty":"light_minor","ar":[["G",2.0]]}},{"type":"Feature","geometry":{"type":"Point","coordinates":[15.521448,44.244542]},"properties":{"nm":"Rt Korotanja","ref":"E 2973.1","ch":"Fl G 2s 2M","ty":"light_minor","ar":[["G",2.0]]}},{"type":"Feature","geometry":{"type":"Point","coordinates":[15.536924,44.249491]},"properties":{"nm":"Rovanjska","ref":"E 2972.5","ch":"Fl R 2s 2M","ty":"light_minor","ar":[["R",2.0]]}},{"type":"Feature","geometry":{"type":"Point","coordinates":[15.522834,44.247105]},"properties":{"nm":"Rt Baljenica","ref":"E 2973","ch":"Fl(2) R 5s 5M","ty":"light_minor","ar":[["R",5.0]]}},{"type":"Feature","geometry":{"type":"Point","coordinates":[15.47821,44.26819]},"properties":{"nm":"Rt Pisak","ref":"E 2971","ch":"Fl R 3s 3M","ty":"light_minor","ar":[["R",3.0]]}},{"type":"Feature","geometry":{"type":"Point","coordinates":[15.462624,44.258227]},"properties":{"nm":"Vinjerac","ref":"E 2972","ch":"Fl R 3s 3M","ty":"light_minor","ss":[["R",151.0,135.0,3.0]]}},{"type":"Feature","geometry":{"type":"Point","coordinates":[15.43729,44.294619]},"properties":{"nm":"Starigrad","ref":"E 2970","ch":"Fl R 3s 3M","ty":"light_minor","ar":[["R",3.0]]}},{"type":"Feature","geometry":{"type":"Point","coordinates":[15.34743,44.28461]},"properties":{"nm":"Razanac","ref":"E 2966","ch":"Fl R 3s 4M","ty":"light_minor","ar":[["R",4.0]]}},{"type":"Feature","geometry":{"type":"Point","coordinates":[15.265823,44.331628]},"properties":{"nm":"Rt Debela Nozica","ref":"E 2961","ch":"Fl W 3s 6M","ty":"light_minor","ar":[["W",6.0]]}},{"type":"Feature","geometry":{"type":"Point","coordinates":[15.354627,44.315744]},"properties":{"nm":"Otocic Razanac Veli","ref":"E 2964","ch":"Fl W 5s 9M","ty":"light_minor","ar":[["W",9.0]]}},{"type":"Feature","geometry":{"type":"Point","coordinates":[15.255686,44.321882]},"properties":{"nm":"Rt Fortica","ref":"E 3087.4","ch":"Fl R 2s 3M","ty":"light_minor","ar":[["R",3.0]]}},{"type":"Feature","geometry":{"type":"Point","coordinates":[15.25882,44.323821]},"properties":{"nm":"Ljubacka Vrata","ref":"E 3088","ch":"Fl G 3s 4M","ty":"light_minor","ss":[["G",335.0,213.0,4.0]]}},{"type":"Feature","geometry":{"type":"Point","coordinates":[15.309182,44.351413]},"properties":{"nm":"Kruscica Dukoba","ref":"E 2962","ch":"Fl R 3s 5M","ty":"light_minor","ar":[["R",5.0]]}},{"type":"Feature","geometry":{"type":"Point","coordinates":[15.212815,44.421279]},"properties":{"nm":"Hrid Konj","ref":"E 2960","ch":"Fl(3) W 12s 6M","ty":"light_minor","ar":[["W",6.0]]}},{"type":"Feature","geometry":{"type":"Point","coordinates":[15.078806,44.476707]},"properties":{"nm":"Rt Kristofor","ref":"E 2950","ch":"Fl W 5s 7M","ty":"light_minor","ar":[["W",7.0]]}},{"type":"Feature","geometry":{"type":"Point","coordinates":[15.043128,44.479488]},"properties":{"nm":"Rt Sveti Nikola","ref":"E 2952","ch":"Fl R 3s 4M","ty":"light_minor","ar":[["R",4.0]]}},{"type":"Feature","geometry":{"type":"Point","coordinates":[15.005981,44.502059]},"properties":{"nm":"Rt Zaglav","ref":"E 2951","ch":"Fl G 5s 4M","ty":"light_minor","ar":[["G",4.0]]}},{"type":"Feature","geometry":{"type":"Point","coordinates":[15.051607,44.44659]},"properties":{"nm":"Pag Luka","ref":"E 2953","ch":"Fl(2) R 5s 7M","ty":"light_minor","ar":[["R",7.0]]}},{"type":"Feature","geometry":{"type":"Point","coordinates":[15.18541,44.303191]},"properties":{"nm":"Otocic Misjak","ref":"E 3086","ch":"Fl G 3s 3M","ty":"light_minor","ar":[["G",3.0]]}},{"type":"Feature","geometry":{"type":"Point","coordinates":[15.237516,44.295548]},"properties":{"nm":"Otocic Sikavic Mali","ref":"E 3087","ch":"Fl R 3s 3M","ty":"light_minor","ar":[["R",3.0]]}},{"type":"Feature","geometry":{"type":"Point","coordinates":[15.1522,44.292817]},"properties":{"nm":"Greben Prutna","ref":"E 3083","ch":"Fl R 3s 3M","ty":"light_minor","ss":[["R",296.0,180.0,3.0]]}},{"type":"Feature","geometry":{"type":"Point","coordinates":[15.180825,44.29152]},"properties":{"nm":"Rt Prutna","ref":"E 3084","ch":"Fl R 3s 3M","ty":"light_minor","ss":[["R",121.0,31.0,3.0]]}},{"type":"Feature","geometry":{"type":"Point","coordinates":[15.111375,44.317088]},"properties":{"nm":"Bitve","ref":"E 3082","ch":"Fl(2) R 5s 5M","ty":"light_minor","ar":[["R",5.0]]}},{"type":"Feature","geometry":{"type":"Point","coordinates":[15.075496,44.397643]},"properties":{"nm":"Luka Kosljun","ref":"E 3078","ch":"Fl G 5s 2M","ty":"light_minor","ss":[["R",27.0,353.0,3.0],["G",353.0,27.0,2.0]]}},{"type":"Feature","geometry":{"type":"Point","coordinates":[14.907476,44.483935]},"properties":{"nm":"Uvala Mandre","ref":"E 3075","ch":"Fl W 3s 7M","ty":"light_minor","ar":[["W",7.0]]}},{"type":"Feature","geometry":{"type":"Point","coordinates":[15.040081,44.392356]},"properties":{"nm":"Rt Zaglav","ref":"E 3077","ch":"Fl(3) W 10s 7M","ty":"light_minor","ar":[["W",7.0]]}},{"type":"Feature","geometry":{"type":"Point","coordinates":[14.908888,44.611889]},"properties":{"nm":"Rt Zali","ref":"E 2995.8","ch":"Fl W 3s 8M","ty":"light_minor","ss":[["W",91.0,308.0,8.0]]}},{"type":"Feature","geometry":{"type":"Point","coordinates":[14.952247,44.580508]},"properties":{"nm":"E 2945","ref":"E 2945","ch":"Fl R 2s 6M","ty":"light_minor","ss":[["R",19.0,270.0,6.0]]}},{"type":"Feature","geometry":{"type":"Point","coordinates":[14.94745,44.579791]},"properties":{"nm":"Zigljen","ref":"E 2946","ch":"Fl G 2s 3M","ty":"light_minor","ss":[["G",157.0,219.0,3.0]]}},{"type":"Feature","geometry":{"type":"Point","coordinates":[14.882642,44.555494]},"properties":{"nm":"Luka Novalja","ref":"E 2997","ch":"Fl G 3s 3M","ty":"light_minor","ss":[["R",109.0,85.0,3.0],["G",85.0,109.0,3.0]]}},{"type":"Feature","geometry":{"type":"Point","coordinates":[14.870156,44.604377]},"properties":{"nm":"Uvala Stara Novalja","ref":"E 2995.6","ch":"Fl W 5s 5M","ty":"light_minor","ar":[["W",5.0]]}},{"type":"Feature","geometry":{"type":"Point","coordinates":[14.686513,44.691772]},"properties":{"nm":"Otocic Dolfin","ref":"E 2998","ch":"Fl(2) R 10s 7M","ty":"light_minor","ss":[["W",153.0,138.0,10.0],["R",138.0,153.0,7.0]]}},{"type":"Feature","geometry":{"type":"Point","coordinates":[14.762997,44.755704]},"properties":{"nm":"E 2988","ref":"E 2988","ch":"Fl G 2s 3M","ty":"light_minor","ar":[["G",3.0]]}},{"type":"Feature","geometry":{"type":"Point","coordinates":[14.763293,44.753324]},"properties":{"nm":"Luka Rab","ref":"E 2992","ch":"Fl R 1.5s 3M","ty":"light_minor","ar":[["R",3.0]]}},{"type":"Feature","geometry":{"type":"Point","coordinates":[14.765422,44.7516]},"properties":{"nm":"Otocic Tunera","ref":"E 2994","ch":"Fl G 2s 4M","ty":"light_minor","ss":[["G",342.0,222.0,4.0]]}},{"type":"Feature","geometry":{"type":"Point","coordinates":[14.75488,44.751385]},"properties":{"nm":"Rt Frkanj","ref":"E 2986","ch":"Fl R 2s 4M","ty":"light_minor","ar":[["R",4.0]]}},{"type":"Feature","geometry":{"type":"Point","coordinates":[14.7587,44.749113]},"properties":{"nm":"E 2984","ref":"E 2984","ch":"Fl G 2s 4M","ty":"light_minor","ar":[["G",4.0]]}},{"type":"Feature","geometry":{"type":"Point","coordinates":[14.769043,44.742912]},"properties":{"nm":"Otok Dolin","ref":"E 2995","ch":"Fl(3) W 10s 7M","ty":"light_minor","ar":[["W",7.0]]}},{"type":"Feature","geometry":{"type":"Point","coordinates":[14.695029,44.758063]},"properties":{"nm":"Uvala Kristofor","ref":"E 2982","ch":"Fl W 5s 8M","ty":"light_minor","ar":[["W",8.0]]}},{"type":"Feature","geometry":{"type":"Point","coordinates":[14.655183,44.789812]},"properties":{"nm":"Rt Kalifront","ref":"E 2978","ch":"Fl(3) W 10s 8M","ty":"light_minor","ar":[["W",8.0]]}},{"type":"Feature","geometry":{"type":"Point","coordinates":[14.723192,44.803525]},"properties":{"nm":"Supetarska","ref":"E 2977","ch":"Fl R 5s 4M","ty":"light_minor","ar":[["R",4.0]]}},{"type":"Feature","geometry":{"type":"Point","coordinates":[14.678628,44.844598]},"properties":{"nm":"Rt Sorinj","ref":"E 2976","ch":"Fl W 3s 6M","ty":"light_minor","ar":[["W",6.0]]}},{"type":"Feature","geometry":{"type":"Point","coordinates":[14.720327,44.837388]},"properties":{"nm":"Lopar","ref":"E 2975","ch":"Fl(2) W 5s 3M","ty":"light_minor","ar":[["W",3.0]]}},{"type":"Feature","geometry":{"type":"Point","coordinates":[14.988259,44.574069]},"properties":{"nm":"Rt Jurisnica","ref":"E 2944","ch":"Fl(3) W 12s 9M","ty":"light_minor","ar":[["W",9.0]]}},{"type":"Feature","geometry":{"type":"Point","coordinates":[15.072461,44.5242]},"properties":{"nm":"Karlobag","ref":"E 2948","ch":"Fl G 3s 4M","ty":"light_minor","ar":[["G",4.0]]}},{"type":"Feature","geometry":{"type":"Point","coordinates":[14.965515,44.602752]},"properties":{"nm":"Plicina Prizna","ref":"E 2943.9","ch":"Fl(2) W 5s 8M","ty":"beacon_isolated_danger","ar":[["W",8.0]]}},{"type":"Feature","geometry":{"type":"Point","coordinates":[14.84136,44.69745]},"properties":{"nm":"Hrid Pohlib","ref":"E 2943","ch":"Fl W 2s 5M","ty":"light_minor","ss":[["W",275.0,168.0,5.0]]}},{"type":"Feature","geometry":{"type":"Point","coordinates":[14.892173,44.708563]},"properties":{"nm":"Rt Stokic","ref":"E 2938","ch":"Fl W 6s 8M","ty":"light_minor","ss":[["W",346.0,174.0,8.0]]}},{"type":"Feature","geometry":{"type":"Point","coordinates":[14.860926,44.705904]},"properties":{"nm":"Luka Misnjak","ref":"E 2942.5","ch":"Fl W 4s 3M","ty":"light_minor","ss":[["W",254.0,16.0,3.0]]}},{"type":"Feature","geometry":{"type":"Point","coordinates":[14.863387,44.705348]},"properties":{"nm":"Misnjak","ref":"E 2942.4","ch":"Fl R 3s 3M","ty":"light_minor","ss":[["R",132.0,288.0,3.0]]}},{"type":"Feature","geometry":{"type":"Point","coordinates":[14.86771,44.7041]},"properties":{"nm":"Rt Glavina","ref":"E 2942.3","ch":"Fl(2) G 4s 4M","ty":"light_minor","ar":[["G",4.0]]}},{"type":"Feature","geometry":{"type":"Point","coordinates":[14.869575,44.700555]},"properties":{"nm":"Pličina Glavina","ref":"E 2942","ch":"Fl(2) W 10s 4M","ty":"beacon_isolated_danger","ar":[["W",4.0]]}},{"type":"Feature","geometry":{"type":"Point","coordinates":[14.897309,44.705289]},"properties":{"nm":"E 2941","ref":"E 2941","ch":"Fl G 2s 3M","ty":"light_minor","ar":[["G",3.0]]}},{"type":"Feature","geometry":{"type":"Point","coordinates":[14.896472,44.705336]},"properties":{"nm":"Jablanac","ref":"E 2940","ch":"Fl R 3s 4M","ty":"light_minor","ar":[["R",4.0]]}},{"type":"Feature","geometry":{"type":"Point","coordinates":[14.801021,44.851207]},"properties":{"nm":"Rt Sajalo","ref":"E 2888","ch":"Fl G 5s 5M","ty":"light_minor","ar":[["G",5.0]]}},{"type":"Feature","geometry":{"type":"Point","coordinates":[14.553506,45.208493]},"properties":{"nm":"E 2864.1","ref":"E 2864.1","ch":"Oc G 5s 11M","ty":"light_minor","ar":[["G",11.0]]}},{"type":"Feature","geometry":{"type":"Point","coordinates":[14.55106,45.211649]},"properties":{"nm":"E 2864","ref":"E 2864","ch":"Iso G 2s 11M","ty":"light_minor","ar":[["G",11.0]]}},{"type":"Feature","geometry":{"type":"Point","coordinates":[14.536852,45.236006]},"properties":{"nm":"Kijac","ref":"E 2863","ch":"Fl(2) R 8s 8M","ty":"light_minor","ss":[["R",331.0,224.0,8.0]]}},{"type":"Feature","geometry":{"type":"Point","coordinates":[14.530158,45.228938]},"properties":{"nm":"Tenka Punta","ref":"E 2866","ch":"Fl(3) W 10s 7M","ty":"light_minor","ar":[["W",7.0]]}},{"type":"Feature","geometry":{"type":"Point","coordinates":[14.539527,45.203363]},"properties":{"nm":"Sapan","ref":"E 2866.5","ch":"Fl G 5s 4M","ty":"light_minor","ar":[["G",4.0]]}},{"type":"Feature","geometry":{"type":"Point","coordinates":[14.541972,45.165607]},"properties":{"nm":"Njivice","ref":"E 2867","ch":"Fl G 4s 3M","ty":"light_minor","ar":[["G",3.0]]}},{"type":"Feature","geometry":{"type":"Point","coordinates":[14.526528,45.125428]},"properties":{"nm":"Malinska","ref":"E 2868","ch":"Fl R 3s 4M","ty":"light_minor","ar":[["R",4.0]]}},{"type":"Feature","geometry":{"type":"Point","coordinates":[14.433863,45.090534]},"properties":{"nm":"Rt Glavotok","ref":"E 2869","ch":"Fl R 4s 3M","ty":"light_minor","ar":[["R",3.0]]}},{"type":"Feature","geometry":{"type":"Point","coordinates":[14.433358,45.072798]},"properties":{"nm":"Rt Manganel","ref":"E 2870","ch":"Fl W 5s 8M","ty":"light_minor","ar":[["W",8.0]]}},{"type":"Feature","geometry":{"type":"Point","coordinates":[14.498831,45.021885]},"properties":{"nm":"Rt Sv. Mikula","ref":"E 2870.4","ch":"Fl G 5s 4M","ty":"light_minor","ar":[["G",4.0]]}},{"type":"Feature","geometry":{"type":"Point","coordinates":[14.627513,45.021631]},"properties":{"nm":"Punat","ref":"E 2882","ch":"Fl G 4s 3M","ty":"light_minor","ss":[["G",82.0,294.0,3.0]]}},{"type":"Feature","geometry":{"type":"Point","coordinates":[14.622524,45.011943]},"properties":{"nm":"Puntarska Draga","ref":"E 2880","ch":"Fl W 2s 5M","ty":"light_minor","ar":[["W",5.0]]}},{"type":"Feature","geometry":{"type":"Point","coordinates":[14.617407,44.979561]},"properties":{"nm":"Rt Negrit","ref":"E 2884","ch":"Fl G 3s 5M","ty":"light_minor","ar":[["G",5.0]]}},{"type":"Feature","geometry":{"type":"Point","coordinates":[14.758963,44.969289]},"properties":{"nm":"Baška","ref":"E 2905","ch":"Fl R 3s 3M","ty":"light_minor","ar":[["R",3.0]]}},{"type":"Feature","geometry":{"type":"Point","coordinates":[14.76236,44.940934]},"properties":{"nm":"Rt Skuljica","ref":"E 2886.4","ch":"Fl R 3s 6M","ty":"light_minor","ar":[["R",6.0]]}},{"type":"Feature","geometry":{"type":"Point","coordinates":[14.881454,44.798155]},"properties":{"nm":"Starigard","ref":"E 2931","ch":"Fl(2) W 5s 4M","ty":"light_minor","ar":[["W",4.0]]}},{"type":"Feature","geometry":{"type":"Point","coordinates":[14.768181,44.933213]},"properties":{"nm":"Rt Strazica","ref":"E 2887","ch":"Fl W 6s 9M","ty":"light_minor","ar":[["W",9.0]]}},{"type":"Feature","geometry":{"type":"Point","coordinates":[14.891694,44.857116]},"properties":{"nm":"Lukovo Otocko","ref":"E 2929","ch":"Fl R 4s 3M","ty":"light_minor","ar":[["R",3.0]]}},{"type":"Feature","geometry":{"type":"Point","coordinates":[14.884999,44.859067]},"properties":{"nm":"Lukovo Otocko","ref":"E 2928","ch":"Fl W 5s 8M","ty":"light_minor","ar":[["W",8.0]]}},{"type":"Feature","geometry":{"type":"Point","coordinates":[14.919302,44.929856]},"properties":{"nm":"Jurjevo","ref":"E 2926","ch":"Fl R 2s 3M","ty":"light_minor","ss":[["R",93.0,183.0,3.0]]}},{"type":"Feature","geometry":{"type":"Point","coordinates":[14.896945,44.989989]},"properties":{"nm":"Marija Art","ref":"E 2922","ch":"Fl(3) W 10s 8M","ty":"light_minor","ar":[["W",8.0]]}},{"type":"Feature","geometry":{"type":"Point","coordinates":[14.898681,44.992064]},"properties":{"nm":"Senj","ref":"E 2923","ch":"Fl R 3s 5M","ty":"light_minor","ar":[["R",5.0]]}},{"type":"Feature","geometry":{"type":"Point","coordinates":[14.673775,45.079207]},"properties":{"nm":"Vrbnik","ref":"E 2903.3","ch":"Fl R 2s 3M","ty":"light_minor","ar":[["R",3.0]]}},{"type":"Feature","geometry":{"type":"Point","coordinates":[14.7873,45.125993]},"properties":{"nm":"E 2914","ref":"E 2914","ch":"Fl R 3s 2M","ty":"light_minor","ar":[["R",2.0]]}},{"type":"Feature","geometry":{"type":"Point","coordinates":[14.786383,45.125229]},"properties":{"nm":"Novi Vinodolski","ref":"E 2912","ch":"Fl G 3s 2M","ty":"light_minor","ar":[["G",2.0]]}},{"type":"Feature","geometry":{"type":"Point","coordinates":[14.740186,45.138408]},"properties":{"nm":"Rt Tokal","ref":"E 2910","ch":"Fl W 6s 9M","ty":"light_minor","ar":[["W",9.0]]}},{"type":"Feature","geometry":{"type":"Point","coordinates":[14.718453,45.157385]},"properties":{"nm":"Selce","ref":"E 2908","ch":"Fl(2) W 5s 3M","ty":"light_minor","ss":[["W",36.0,306.0,3.0]]}},{"type":"Feature","geometry":{"type":"Point","coordinates":[14.664687,45.147854]},"properties":{"nm":"Uvala Stipnanja","ref":"E 2902","ch":"Fl G 3s 3M","ty":"light_minor","ar":[["G",3.0]]}},{"type":"Feature","geometry":{"type":"Point","coordinates":[14.619121,45.156419]},"properties":{"nm":"Klimno","ref":"E 2900","ch":"Fl R 5s 3M","ty":"light_minor","ar":[["R",3.0]]}},{"type":"Feature","geometry":{"type":"Point","coordinates":[14.626465,45.160644]},"properties":{"nm":"Hrid Crni","ref":"E 2899","ch":"Fl R 2s 3M","ty":"light_minor","ss":[["R",51.0,256.0,3.0]]}},{"type":"Feature","geometry":{"type":"Point","coordinates":[14.634419,45.161534]},"properties":{"nm":"Soline","ref":"E 2898","ch":"Fl R 5s 4M","ty":"light_minor","ss":[["R",90.0,248.0,4.0]]}},{"type":"Feature","geometry":{"type":"Point","coordinates":[14.610277,45.219449]},"properties":{"nm":"Rt Ertak","ref":"E 2896","ch":"Fl W 2s 5M","ty":"light_minor","ar":[["W",5.0]]}},{"type":"Feature","geometry":{"type":"Point","coordinates":[14.60385,45.224782]},"properties":{"nm":"Rt Turnac","ref":"E 2895","ch":"Fl R 2s 3M","ty":"light_minor","ar":[["R",3.0]]}},{"type":"Feature","geometry":{"type":"Point","coordinates":[14.590946,45.238765]},"properties":{"nm":"Rt Voscica","ref":"E 2894","ch":"Fl R 3s 3M","ty":"light_minor","ss":[["R",106.0,346.0,3.0]]}},{"type":"Feature","geometry":{"type":"Point","coordinates":[14.577114,45.241353]},"properties":{"nm":"Rt Glavina","ref":"E 2892","ch":"Fl R 5s 3M","ty":"light_minor","ar":[["R",3.0]]}},{"type":"Feature","geometry":{"type":"Point","coordinates":[14.581074,45.280402]},"properties":{"nm":"Bakarac","ref":"E 2862","ch":"F R 3M","ty":"light_minor","ar":[["R",3.0]]}},{"type":"Feature","geometry":{"type":"Point","coordinates":[14.56724,45.253899]},"properties":{"nm":"Otocic Sv. Marko","ref":"E 2890","ch":"Fl R 3s 6M","ty":"light_minor","ar":[["R",6.0]]}},{"type":"Feature","geometry":{"type":"Point","coordinates":[14.560243,45.283715]},"properties":{"nm":"Rt Babno","ref":"E 2857","ch":"Fl R 2s 4M","ty":"light_minor","ar":[["R",4.0]]}},{"type":"Feature","geometry":{"type":"Point","coordinates":[14.564379,45.281583]},"properties":{"nm":"Kavranic","ref":"E 2856","ch":"Fl W 5s 6M","ty":"light_minor","ar":[["W",6.0]]}},{"type":"Feature","geometry":{"type":"Point","coordinates":[14.56676,45.274109]},"properties":{"nm":"E 2854","ref":"E 2854","ch":"Fl W 3s 3M","ty":"light_minor","ar":[["W",3.0]]}},{"type":"Feature","geometry":{"type":"Point","coordinates":[14.557293,45.27966]},"properties":{"nm":"Rt Sridnji","ref":"E 2855","ch":"Fl(2) W 5s 6M","ty":"light_minor","ss":[["W",212.5,53.0,6.0]]}},{"type":"Feature","geometry":{"type":"Point","coordinates":[14.524465,45.283982]},"properties":{"nm":"Podurinj","ref":"E 2850","ch":"Fl G 3s 3M","ty":"light_minor","ar":[["G",3.0]]}},{"type":"Feature","geometry":{"type":"Point","coordinates":[14.618889,44.541215]},"properties":{"nm":"Hrid Bik","ref":"E 3008","ch":"Fl(2) R 6s 5M","ty":"light_minor","ss":[["W",150.0,78.0,8.0],["R",78.0,150.0,5.0]]}},{"type":"Feature","geometry":{"type":"Point","coordinates":[14.399083,44.66046]},"properties":{"nm":"Nerezine","ref":"E 3012","ch":"Fl(2) W 5s 3M","ty":"light_minor","ar":[["W",3.0]]}},{"type":"Feature","geometry":{"type":"Point","coordinates":[14.478837,44.533236]},"properties":{"nm":"Luka Sveta Martin","ref":"E 3014","ch":"F R 3M","ty":"light_minor","ar":[["R",3.0]]}},{"type":"Feature","geometry":{"type":"Point","coordinates":[14.448479,44.525873]},"properties":{"nm":"Luka Cikat","ref":"E 3019","ch":"Fl G 3s 3M","ty":"light_minor","ar":[["G",3.0]]}},{"type":"Feature","geometry":{"type":"Point","coordinates":[14.465882,44.535522]},"properties":{"nm":"E 3029","ref":"E 3029","ch":"Fl R 4s 4M","ty":"light_minor","ar":[["R",4.0]]}},{"type":"Feature","geometry":{"type":"Point","coordinates":[14.442925,44.55358]},"properties":{"nm":"Rt Poljana","ref":"E 3028","ch":"Fl R 3s 5M","ty":"light_minor","ar":[["R",5.0]]}},{"type":"Feature","geometry":{"type":"Point","coordinates":[14.369069,44.562283]},"properties":{"nm":"Rt Kurila","ref":"E 3032","ch":"Fl W 5s 8M","ty":"light_minor","ss":[["R",175.0,189.0,6.0],["W",189.0,175.0,8.0]]}},{"type":"Feature","geometry":{"type":"Point","coordinates":[14.549225,44.461639]},"properties":{"nm":"Otok Ilovik","ref":"E 3043","ch":"Fl W 3s 3M","ty":"light_minor","ar":[["W",3.0]]}},{"type":"Feature","geometry":{"type":"Point","coordinates":[14.556843,44.460276]},"properties":{"nm":"Otocic Sveti Petar","ref":"E 3042","ch":"Fl W 3s 5M","ty":"light_minor","ss":[["W",285.0,320.0,5.0],["W",115.0,128.0,5.0]]}},{"type":"Feature","geometry":{"type":"Point","coordinates":[14.320339,44.575423]},"properties":{"nm":"Otočić Vele Srakane","ref":"E 3035","ch":"Fl(2) W 5s 4M","ty":"light_minor","ar":[["W",4.0]]}},{"type":"Feature","geometry":{"type":"Point","coordinates":[14.344096,44.558643]},"properties":{"nm":"Hrid Silo","ref":"E 3034","ch":"Fl R 5s 5M","ty":"light_minor","ar":[["R",5.0]]}},{"type":"Feature","geometry":{"type":"Point","coordinates":[14.311309,44.512707]},"properties":{"nm":"Uvala Dragoca","ref":"E 3038","ch":"Fl G 3s 3M","ty":"light_minor","ar":[["G",3.0]]}},{"type":"Feature","geometry":{"type":"Point","coordinates":[14.476799,45.308284]},"properties":{"nm":"E 2844.8","ref":"E 2844.8","ch":"Fl(2) G 5s 4M","ty":"light_minor","ss":[["G",30.0,185.0,4.0]]}},{"type":"Feature","geometry":{"type":"Point","coordinates":[14.47416,45.311757]},"properties":{"nm":"E 2844.5","ref":"E 2844.5","ch":"Fl(2) R 5s 4M","ty":"light_minor","ar":[["R",4.0]]}},{"type":"Feature","geometry":{"type":"Point","coordinates":[14.476839,45.311014]},"properties":{"nm":"Luka Marinscica","ref":"E 2844","ch":"Fl G 3s 3M","ty":"light_minor","ar":[["G",3.0]]}},{"type":"Feature","geometry":{"type":"Point","coordinates":[14.43884,45.323125]},"properties":{"nm":"E 2840","ref":"E 2840","ch":"Fl R 2s 2M","ty":"light_minor","ar":[["R",2.0]]}},{"type":"Feature","geometry":{"type":"Point","coordinates":[14.438762,45.322586]},"properties":{"nm":"E 2842","ref":"E 2842","ch":"Fl G 2s 3M","ty":"light_minor","ar":[["G",3.0]]}},{"type":"Feature","geometry":{"type":"Point","coordinates":[14.419197,45.327084]},"properties":{"nm":"E 2824","ref":"E 2824","ch":"Fl(3) G 5s 8M","ty":"light_minor","ar":[["G",8.0]]}},{"type":"Feature","geometry":{"type":"Point","coordinates":[14.391534,45.335118]},"properties":{"nm":"Brgud","ref":"E 2830","ch":"Fl G 2s 4M","ty":"light_minor","ar":[["G",4.0]]}},{"type":"Feature","geometry":{"type":"Point","coordinates":[14.410243,45.333067]},"properties":{"nm":"Petrolejska","ref":"E 2829","ch":"Fl G 5s 4M","ty":"light_minor","ar":[["G",4.0]]}},{"type":"Feature","geometry":{"type":"Point","coordinates":[14.32119,45.348444]},"properties":{"nm":"E 2820","ref":"E 2820","ch":"Fl G 3s 3M","ty":"light_minor","ar":[["G",3.0]]}},{"type":"Feature","geometry":{"type":"Point","coordinates":[14.321743,45.34776]},"properties":{"nm":"Volosko","ref":"E 2818","ch":"Fl R 3s 3M","ty":"light_minor","ar":[["R",3.0]]}},{"type":"Feature","geometry":{"type":"Point","coordinates":[14.301957,45.328012]},"properties":{"nm":"E 2817","ref":"E 2817","ch":"Fl(2) R 5s 4M","ty":"light_minor","ar":[["R",4.0]]}},{"type":"Feature","geometry":{"type":"Point","coordinates":[14.311241,45.33704]},"properties":{"nm":"Opatija","ref":"E 2816","ch":"Fl R 5s 6M","ty":"light_minor","ss":[["R",137.0,354.0,6.0]]}},{"type":"Feature","geometry":{"type":"Point","coordinates":[14.282039,45.305737]},"properties":{"nm":"Ika","ref":"E 2812","ch":"Fl R 5s 2M","ty":"light_minor","ar":[["R",2.0]]}},{"type":"Feature","geometry":{"type":"Point","coordinates":[14.256465,45.237834]},"properties":{"nm":"Moscenice","ref":"E 2804","ch":"Fl(2) G 5s 3M","ty":"light_minor","ar":[["G",3.0]]}},{"type":"Feature","geometry":{"type":"Point","coordinates":[14.486308,44.955104]},"properties":{"nm":"Rt Tarej","ref":"E 2873","ch":"Fl R 5s 6M","ty":"light_minor","ar":[["R",6.0]]}},{"type":"Feature","geometry":{"type":"Point","coordinates":[14.447868,44.97977]},"properties":{"nm":"Merag","ref":"E 2871","ch":"Fl(3) G 8s 4M","ty":"light_minor","ar":[["G",4.0]]}},{"type":"Feature","geometry":{"type":"Point","coordinates":[14.284537,45.131064]},"properties":{"nm":"Livala Porozina","ref":"E 2801","ch":"Fl R 3s 3M","ty":"light_minor","ar":[["R",3.0]]}},{"type":"Feature","geometry":{"type":"Point","coordinates":[14.224872,45.141484]},"properties":{"nm":"C. Brestova","ref":"E 2799.2","ch":"Fl(2) R 12s 13M","ty":"light_minor","ar":[["R",13.0]]}},{"type":"Feature","geometry":{"type":"Point","coordinates":[14.272816,45.120101]},"properties":{"nm":"Rt Prestenice","ref":"E 2802","ch":"LFl W 10s 10M","ty":"light_minor","ss":[["W",350.0,205.0,10.0]]}},{"type":"Feature","geometry":{"type":"Point","coordinates":[13.996859,44.817818]},"properties":{"nm":"Sika","ref":"E 2750.3","ch":"Fl(2) R 5s 4M","ty":"light_minor","ss":[["R",112.0,340.0,4.0]]}},{"type":"Feature","geometry":{"type":"Point","coordinates":[14.391283,44.693768]},"properties":{"nm":"Osor","ref":"E 2759","ch":"Fl R 1.5s 3M","ty":"light_minor","ar":[["R",3.0]]}},{"type":"Feature","geometry":{"type":"Point","coordinates":[14.392916,44.698575]},"properties":{"nm":"Uvala Bijar","ref":"E 2758","ch":"Fl R 3s 4M","ty":"light_minor","ss":[["R",116.0,106.0,4.0]]}},{"type":"Feature","geometry":{"type":"Point","coordinates":[14.245885,44.636428]},"properties":{"nm":"Luka Unije","ref":"E 2754","ch":"Fl R 3s 3M","ty":"light_minor","ss":[["R",93.0,146.0,3.0]]}},{"type":"Feature","geometry":{"type":"Point","coordinates":[14.174714,44.728337]},"properties":{"nm":"Hrid Galiola","ref":"E 2744","ch":"Fl W 5s 12M","ty":"light_minor","ar":[["W",12.0]]}},{"type":"Feature","geometry":{"type":"Point","coordinates":[14.224089,45.144715]},"properties":{"nm":"Uvala Brestova","ref":"E 2799","ch":"Fl G 2s 4M","ty":"light_minor","ar":[["G",4.0]]}},{"type":"Feature","geometry":{"type":"Point","coordinates":[14.204636,45.116764]},"properties":{"nm":"Rt. Masnjak","ref":"E 2798.2","ch":"Fl(2) W 8s 8M","ty":"light_minor","ss":[["W",286.0,127.0,8.0]]}},{"type":"Feature","geometry":{"type":"Point","coordinates":[14.159158,45.077682]},"properties":{"nm":"E 2798","ref":"E 2798","ch":"Fl G 3s 2M","ty":"light_minor","ss":[["G",350.0,270.0,2.0]]}},{"type":"Feature","geometry":{"type":"Point","coordinates":[14.165392,45.072822]},"properties":{"nm":"Rt Sveti Andrija","ref":"E 2794","ch":"Fl(3) W 8s 5M","ty":"light_minor","ar":[["W",5.0]]}},{"type":"Feature","geometry":{"type":"Point","coordinates":[14.171553,44.986391]},"properties":{"nm":"Skvaranska","ref":"E 2783","ch":"Fl W 5s 10M","ty":"light_major","ar":[["W",10.0]]}},{"type":"Feature","geometry":{"type":"Point","coordinates":[14.145692,44.957063]},"properties":{"nm":"Rt Crna Punta","ref":"E 2782","ch":"Fl(2) W 10s 10M","ty":"light_minor","ss":[["W",245.0,104.0,10.0]]}},{"type":"Feature","geometry":{"type":"Point","coordinates":[14.121101,44.967502]},"properties":{"nm":"Koromacno","ref":"E 2781","ch":"Fl G 3s 4M","ty":"light_minor","ss":[["G",2.0,253.0,4.0]]}},{"type":"Feature","geometry":{"type":"Point","coordinates":[14.053029,45.022558]},"properties":{"nm":"Trget","ref":"E 2780","ch":"Fl G 2s 1M","ty":"light_minor","ss":[["G",326.0,170.0,1.0]]}},{"type":"Feature","geometry":{"type":"Point","coordinates":[14.054893,45.003204]},"properties":{"nm":"Uvala Teplica","ref":"E 2776","ch":"Fl G 2s 1M","ty":"light_minor","ar":[["G",1.0]]}},{"type":"Feature","geometry":{"type":"Point","coordinates":[14.070525,44.992381]},"properties":{"nm":"Rt Prascarica","ref":"E 2774","ch":"Fl R 2s 1M","ty":"light_minor","ar":[["R",1.0]]}},{"type":"Feature","geometry":{"type":"Point","coordinates":[14.097377,44.973309]},"properties":{"nm":"Uvala Tunarica","ref":"E 2773","ch":"Fl R 2s 1M","ty":"light_minor","ar":[["R",1.0]]}},{"type":"Feature","geometry":{"type":"Point","coordinates":[14.076482,44.977961]},"properties":{"nm":"Rt Sveti Mikula","ref":"E 2772","ch":"Fl R 2s 1M","ty":"light_minor","ar":[["R",1.0]]}},{"type":"Feature","geometry":{"type":"Point","coordinates":[14.072669,44.969107]},"properties":{"nm":"Rt Kucica","ref":"E 2770","ch":"Fl G 2s 3M","ty":"light_minor","ar":[["G",3.0]]}},{"type":"Feature","geometry":{"type":"Point","coordinates":[14.053847,44.948267]},"properties":{"nm":"Rt Mulac","ref":"E 2769","ch":"Fl R 2s 3M","ty":"light_minor","ar":[["R",3.0]]}},{"type":"Feature","geometry":{"type":"Point","coordinates":[14.065134,44.945382]},"properties":{"nm":"Rt Ubas","ref":"E 2768","ch":"Fl W 4s 8M","ty":"light_minor","ar":[["W",8.0]]}},{"type":"Feature","geometry":{"type":"Point","coordinates":[14.01558,44.895029]},"properties":{"nm":"Rt Seka","ref":"E 2751","ch":"Fl G 2s 3M","ty":"light_minor","ar":[["G",3.0]]}},{"type":"Feature","geometry":{"type":"Point","coordinates":[14.001472,44.803681]},"properties":{"nm":"Rt Marlera","ref":"E 2750","ch":"Fl W 9s 9M","ty":"light_minor","ss":[["W",186.0,38.0,9.0]]}},{"type":"Feature","geometry":{"type":"Point","coordinates":[13.923872,44.803799]},"properties":{"nm":"Rt Munat Skrajni","ref":"E 2748","ch":"Fl W 2s 7M","ty":"light_minor","ss":[["R",327.0,312.0,4.0],["W",312.0,327.0,7.0]]}},{"type":"Feature","geometry":{"type":"Point","coordinates":[13.502117,44.462884]},"properties":{"nm":"IDA-C","ref":"E 7584","ch":"Mo(U) W 15s 10M","ty":"platform","ar":[["W",10.0]]}},{"type":"Feature","geometry":{"type":"Point","coordinates":[13.2477,44.744633]},"properties":{"nm":"Ivana E","ref":"E 7582","ch":"Mo(U) W 15s 10M","ty":"platform","ar":[["W",10.0]]}},{"type":"Feature","geometry":{"type":"Point","coordinates":[13.200333,44.698984]},"properties":{"nm":"Ivana B","ref":"E 7583","ch":"Mo(U) W 15s 10M","ty":"platform","ar":[["W",10.0]]}},{"type":"Feature","geometry":{"type":"Point","coordinates":[13.298917,44.74565]},"properties":{"nm":"Ivana A","ref":"E 7580","ch":"Mo(U) W 15s 10M","ty":"platform","ar":[["W",10.0]]}},{"type":"Feature","geometry":{"type":"Point","coordinates":[13.89074,44.757929]},"properties":{"nm":"Hrid Porer","ref":"E 2738.2","ch":"Iso W 6s 11M","ty":"light_minor","ss":[["R",326.0,352.0,7.0],["W",258.0,326.0,11.0],["G",352.0,163.0,7.0]]}},{"type":"Feature","geometry":{"type":"Point","coordinates":[13.902651,44.734818]},"properties":{"nm":"Plicina Albanez","ref":"E 2742","ch":"Fl(2) R 8s 6M","ty":"light_minor","ss":[["W",227.0,172.0,10.0],["R",172.0,227.0,6.0]]}},{"type":"Feature","geometry":{"type":"Point","coordinates":[13.833736,44.833176]},"properties":{"nm":"Rt Verudica","ref":"E 2734","ch":"Fl R 3s 6M","ty":"light_minor","ar":[["R",6.0]]}},{"type":"Feature","geometry":{"type":"Point","coordinates":[13.839075,44.876092]},"properties":{"nm":"Otocic Uljanik","ref":"E 2727","ch":"Fl G 2s 3M","ty":"light_minor","ar":[["G",3.0]]}},{"type":"Feature","geometry":{"type":"Point","coordinates":[13.8463,44.874919]},"properties":{"nm":"Gat Rijeka.","ref":"E 2728","ch":"Fl W 5s 3M","ty":"light_minor","ar":[["W",3.0]]}},{"type":"Feature","geometry":{"type":"Point","coordinates":[13.824938,44.870203]},"properties":{"nm":"Otocic Sveti Andrija","ref":"E 2726","ch":"Fl R 5s 4M","ty":"light_minor","ar":[["R",4.0]]}},{"type":"Feature","geometry":{"type":"Point","coordinates":[13.824829,44.873481]},"properties":{"nm":"Otocic Sveti Andrija 1","ref":"E 2724","ch":"Fl G 2s 1M","ty":"light_minor","ar":[["G",1.0]]}},{"type":"Feature","geometry":{"type":"Point","coordinates":[13.825313,44.874321]},"properties":{"nm":"Otocic Sveta Katarina 2","ref":"E 2721.2","ch":"Fl R 2s 1M","ty":"light_minor","ar":[["R",1.0]]}},{"type":"Feature","geometry":{"type":"Point","coordinates":[13.824443,44.873985]},"properties":{"nm":"Otocic Sveta Katarina 1","ref":"E 2721","ch":"Fl R 2s 1M","ty":"light_minor","ar":[["R",1.0]]}},{"type":"Feature","geometry":{"type":"Point","coordinates":[13.784064,44.898851]},"properties":{"nm":"Otok Sveti Jerolim","ref":"E 2706","ch":"Fl W 2s 5M","ty":"light_minor","ss":[["W",349.0,221.0,5.0]]}},{"type":"Feature","geometry":{"type":"Point","coordinates":[13.79345,44.90734]},"properties":{"nm":"Kotež","ref":"E 2700","ch":"Fl G 3s 6M","ty":"light_minor","ar":[["G",6.0]]}},{"type":"Feature","geometry":{"type":"Point","coordinates":[13.770257,44.91852]},"properties":{"nm":"Brioni (Brijuni)","ref":"E 2694","ch":"Fl G 5s 4M","ty":"light_minor","ar":[["G",4.0]]}},{"type":"Feature","geometry":{"type":"Point","coordinates":[13.779544,44.920093]},"properties":{"nm":"Slavulja","ref":"E 2696","ch":"Fl(2) R 8s 6M","ty":"light_minor","ss":[["W",142.0,130.0,6.0],["R",130.0,142.0,6.0]]}},{"type":"Feature","geometry":{"type":"Point","coordinates":[13.709708,44.945327]},"properties":{"nm":"Brioniski Otoci","ref":"E 2692","ch":"Q W 9M","ty":"beacon_cardinal","ar":[["W",9.0]]}},{"type":"Feature","geometry":{"type":"Point","coordinates":[13.800951,44.927491]},"properties":{"nm":"Fazana","ref":"E 2712","ch":"Fl R 2s 2M","ty":"light_minor","ar":[["R",2.0]]}},{"type":"Feature","geometry":{"type":"Point","coordinates":[13.629448,45.083945]},"properties":{"nm":"Rt Sveta Eufemija","ref":"E 2680","ch":"Fl W 4s 7M","ty":"light_minor","ar":[["W",7.0]]}},{"type":"Feature","geometry":{"type":"Point","coordinates":[13.599603,45.148766]},"properties":{"nm":"Vrsar","ref":"E 2676","ch":"Fl(2) W 5s 4M","ty":"light_minor","ss":[["W",72.0,0.0,4.0]]}},{"type":"Feature","geometry":{"type":"Point","coordinates":[13.569333,45.146907]},"properties":{"nm":"Plicina Mramori","ref":"E 2672","ch":"Fl(2) R 8s 7M","ty":"light_minor","ar":[["R",7.0]]}},{"type":"Feature","geometry":{"type":"Point","coordinates":[13.568263,45.197707]},"properties":{"nm":"Otocic Visoki","ref":"E 2668","ch":"Fl(3) W 10s 8M","ty":"light_minor","ar":[["W",8.0]]}},{"type":"Feature","geometry":{"type":"Point","coordinates":[13.572621,45.190253]},"properties":{"nm":"E 2669","ref":"E 2669","ch":"Q(9) W 15s 5M","ty":"beacon_cardinal","ar":[["W",5.0]]}},{"type":"Feature","geometry":{"type":"Point","coordinates":[13.59706,45.178513]},"properties":{"nm":"Funtana Marina","ref":"E 2670.2","ch":"Fl(2) G 5s 4M","ty":"light_minor","ss":[["G",147.0,68.0,null],["G",100.0,122.0,4.0]]}},{"type":"Feature","geometry":{"type":"Point","coordinates":[13.598172,45.177485]},"properties":{"nm":"Crlenazemja","ref":"E 2670","ch":"F R 3M","ty":"light_minor","ar":[["R",3.0]]}},{"type":"Feature","geometry":{"type":"Point","coordinates":[13.59163,45.226556]},"properties":{"nm":"E 2665","ref":"E 2665","ch":"Fl W 2s 4M","ty":"light_minor","ar":[["W",4.0]]}},{"type":"Feature","geometry":{"type":"Point","coordinates":[13.588848,45.227744]},"properties":{"nm":"","ref":"","ch":"Fl(2) R 5s 4M","ty":"light_minor","ss":[["R",314.0,130.0,4.0]]}},{"type":"Feature","geometry":{"type":"Point","coordinates":[13.584611,45.228031]},"properties":{"nm":"Otocic Sv. Nikola","ref":"E 2663","ch":"Fl G 5s 5M","ty":"light_minor","ss":[["G",74.0,23.0,5.0]]}},{"type":"Feature","geometry":{"type":"Point","coordinates":[13.571777,45.282225]},"properties":{"nm":"Plicina Civran","ref":"E 2660","ch":"Q W 5M","ty":"beacon_cardinal","ar":[["W",5.0]]}},{"type":"Feature","geometry":{"type":"Point","coordinates":[13.565697,45.274819]},"properties":{"nm":"E 2660.2","ref":"E 2660.2","ch":"Q(9) W 15s 5M","ty":"beacon_cardinal","ar":[["W",5.0]]}},{"type":"Feature","geometry":{"type":"Point","coordinates":[13.551913,45.359462]},"properties":{"nm":"Karigador","ref":"E 2652","ch":"F R 1M","ty":"light_minor","ar":[["R",1.0]]}},{"type":"Feature","geometry":{"type":"Point","coordinates":[13.515844,45.423422]},"properties":{"nm":"E 2649","ref":"E 2649","ch":"Fl(2) G 5s 3M","ty":"light_minor","ss":[["G",56.0,318.0,3.0]]}},{"type":"Feature","geometry":{"type":"Point","coordinates":[13.518172,45.434565]},"properties":{"nm":"E 2648","ref":"E 2648","ch":"Fl W 3s 4M","ty":"light_minor","ss":[["W",136.0,6.0,4.0]]}},{"type":"Feature","geometry":{"type":"Point","coordinates":[13.50352,45.441529]},"properties":{"nm":"Pličina Paklena","ref":"E 2644","ch":"Fl(2) W 8s 8M","ty":"light_minor","ss":[["R",165.0,347.0,6.0],["W",347.0,165.0,8.0]]}},{"type":"Feature","geometry":{"type":"Point","coordinates":[13.495249,45.472964]},"properties":{"nm":"Plic Zanestra","ref":"E 2642.5","ch":"Q(9) W 15s 3M","ty":"beacon_cardinal","ar":[["W",3.0]]}},{"type":"Feature","geometry":{"type":"Point","coordinates":[14.871233,44.212157]},"properties":{"nm":"","ref":"","ch":"Fl R 3s","ty":"light_minor","ar":[["R",null]]}},{"type":"Feature","geometry":{"type":"Point","coordinates":[14.799004,44.260472]},"properties":{"nm":"","ref":"","ch":"Fl(2) R 5s","ty":"light_minor","ar":[["R",null]]}},{"type":"Feature","geometry":{"type":"Point","coordinates":[14.838755,44.225079]},"properties":{"nm":"","ref":"","ch":"Fl G 3s","ty":"light_minor","ar":[["G",null]]}},{"type":"Feature","geometry":{"type":"Point","coordinates":[14.635301,44.441128]},"properties":{"nm":"Veli brak","ref":"","ch":"Fl(2) W 10s 5M","ty":"beacon_isolated_danger","ar":[["W",5.0]]}},{"type":"Feature","geometry":{"type":"Point","coordinates":[14.95422,44.463974]},"properties":{"nm":"","ref":"","ch":"Fl G 3s","ty":"light_minor","ar":[["G",null]]}},{"type":"Feature","geometry":{"type":"Point","coordinates":[14.340816,44.714397]},"properties":{"nm":"","ref":"","ch":"Q W 3M","ty":"beacon_cardinal","ar":[["W",3.0]]}},{"type":"Feature","geometry":{"type":"Point","coordinates":[14.411838,44.949199]},"properties":{"nm":"","ref":"","ch":"Fl(2) G 5s","ty":"light_minor","ar":[["G",null]]}},{"type":"Feature","geometry":{"type":"Point","coordinates":[14.412702,44.949548]},"properties":{"nm":"","ref":"","ch":"Fl(2) R 5s","ty":"light_minor","ar":[["R",null]]}},{"type":"Feature","geometry":{"type":"Point","coordinates":[14.625421,45.016791]},"properties":{"nm":"","ref":"","ch":"Fl G 2s","ty":"beacon_lateral","ar":[["G",null]]}},{"type":"Feature","geometry":{"type":"Point","coordinates":[14.625372,45.020471]},"properties":{"nm":"","ref":"","ch":"Fl G 2s","ty":"beacon_lateral","ar":[["G",null]]}},{"type":"Feature","geometry":{"type":"Point","coordinates":[14.527577,45.20222]},"properties":{"nm":"","ref":"","ch":"Fl(3) G 8s","ty":"buoy_lateral","ar":[["G",null]]}},{"type":"Feature","geometry":{"type":"Point","coordinates":[14.531122,45.203185]},"properties":{"nm":"","ref":"","ch":"Fl G 3s","ty":"buoy_lateral","ar":[["G",null]]}},{"type":"Feature","geometry":{"type":"Point","coordinates":[14.536284,45.206523]},"properties":{"nm":"","ref":"","ch":"Fl R 3s","ty":"buoy_lateral","ar":[["R",null]]}},{"type":"Feature","geometry":{"type":"Point","coordinates":[14.525397,45.214843]},"properties":{"nm":"","ref":"","ch":"Fl(3) R 8s","ty":"buoy_lateral","ar":[["R",null]]}},{"type":"Feature","geometry":{"type":"Point","coordinates":[14.547286,45.221076]},"properties":{"nm":"","ref":"","ch":"Fl R 2s","ty":"buoy_lateral","ar":[["R",null]]}},{"type":"Feature","geometry":{"type":"Point","coordinates":[14.545261,45.225387]},"properties":{"nm":"","ref":"","ch":"Fl(2) R 6s","ty":"buoy_lateral","ar":[["R",null]]}},{"type":"Feature","geometry":{"type":"Point","coordinates":[14.51343,45.227825]},"properties":{"nm":"","ref":"","ch":"Fl(2) W 10s","ty":"buoy_isolated_danger","ar":[["W",null]]}},{"type":"Feature","geometry":{"type":"Point","coordinates":[14.529742,45.231269]},"properties":{"nm":"","ref":"","ch":"Fl G 3s","ty":"buoy_lateral","ar":[["G",null]]}},{"type":"Feature","geometry":{"type":"Point","coordinates":[14.538332,45.232391]},"properties":{"nm":"","ref":"","ch":"Fl R 5s","ty":"buoy_lateral","ar":[["R",null]]}},{"type":"Feature","geometry":{"type":"Point","coordinates":[15.026023,44.303267]},"properties":{"nm":"Lanterna","ref":"","ch":"","ty":"lh"}},{"type":"Feature","geometry":{"type":"Point","coordinates":[15.096202,44.34939]},"properties":{"nm":"Luka Nova Povljana","ref":"E 3080","ch":"Fl R 3s 5M","ty":"light_minor","ar":[["R",5.0]]}},{"type":"Feature","geometry":{"type":"Point","coordinates":[13.700171,45.564483]},"properties":{"nm":"Koper","ref":"","ch":"Iso W 10s","ty":"buoy_safe_water","ar":[["W",null]]}},{"type":"Feature","geometry":{"type":"Point","coordinates":[13.726355,45.550453]},"properties":{"nm":"","ref":"","ch":"Fl(2) G 5s","ty":"light_minor","ar":[["G",null]]}},{"type":"Feature","geometry":{"type":"Point","coordinates":[15.155883,44.1808]},"properties":{"nm":"Luka Petrcane","ref":"E 3140","ch":"Fl R 3s 4M","ty":"light_minor","ss":[["W",262.0,141.0,7.0],["R",141.0,262.0,4.0]]}},{"type":"Feature","geometry":{"type":"Point","coordinates":[13.491053,45.489972]},"properties":{"nm":"Savudrija","ref":"E 2642","ch":"Fl(3) W 15s 30M","ty":"light_major","ar":[["W",30.0]]}},{"type":"Feature","geometry":{"type":"Point","coordinates":[12.336358,45.331243]},"properties":{"nm":"","ref":"","ch":"","ty":"lh"}},{"type":"Feature","geometry":{"type":"Point","coordinates":[14.623178,45.014594]},"properties":{"nm":"G Fl 2s","ref":"","ch":"Fl G 2s","ty":"beacon_lateral","ar":[["G",null]]}},{"type":"Feature","geometry":{"type":"Point","coordinates":[14.501433,44.523804]},"properties":{"nm":"Veli Losinj","ref":"E 3016","ch":"Fl R 3s 3M","ty":"light_minor","ss":[["R",170.0,270.0,3.0]]}},{"type":"Feature","geometry":{"type":"Point","coordinates":[14.634946,45.16367]},"properties":{"nm":"","ref":"","ch":"Fl G 3s","ty":"beacon_lateral","ar":[["G",null]]}},{"type":"Feature","geometry":{"type":"Point","coordinates":[14.420245,45.333694]},"properties":{"nm":"Mlaka","ref":"E 2822","ch":"Fl W 10s 15M","ty":"light_major","ar":[["W",15.0]]}},{"type":"Feature","geometry":{"type":"Point","coordinates":[13.59703,45.150232]},"properties":{"nm":"","ref":"","ch":"Fl R 2s","ty":"light_minor","ar":[["R",null]]}},{"type":"Feature","geometry":{"type":"Point","coordinates":[14.71558,44.851448]},"properties":{"nm":"Cardinal West","ref":"","ch":"Q(9) W","ty":"buoy_cardinal","ar":[["W",null]]}},{"type":"Feature","geometry":{"type":"Point","coordinates":[13.242822,45.763961]},"properties":{"nm":"","ref":"","ch":"G","ty":"light_minor","ar":[["G",null]]}},{"type":"Feature","geometry":{"type":"Point","coordinates":[13.24281,45.76372]},"properties":{"nm":"","ref":"","ch":"R","ty":"light_minor","ar":[["R",null]]}},{"type":"Feature","geometry":{"type":"Point","coordinates":[14.311656,44.512105]},"properties":{"nm":"","ref":"","ch":"Fl R","ty":"light_minor","ar":[["R",null]]}},{"type":"Feature","geometry":{"type":"Point","coordinates":[14.505217,44.615587]},"properties":{"nm":"Pogana","ref":"","ch":"F G","ty":"light_minor","ar":[["G",null]]}},{"type":"Feature","geometry":{"type":"Point","coordinates":[13.656042,45.541589]},"properties":{"nm":"Rt Petelin","ref":"E 2618","ch":"Fl W 5s 6M","ty":"light_minor","ar":[["W",6.0]]}},{"type":"Feature","geometry":{"type":"Point","coordinates":[13.594548,45.505313]},"properties":{"nm":"","ref":"","ch":"Fl(2) G 5s","ty":"light_minor","ar":[["G",null]]}},{"type":"Feature","geometry":{"type":"Point","coordinates":[13.591014,45.505488]},"properties":{"nm":"","ref":"","ch":"Fl G 4s","ty":"buoy_lateral","ar":[["G",null]]}},{"type":"Feature","geometry":{"type":"Point","coordinates":[13.594611,45.505533]},"properties":{"nm":"","ref":"","ch":"Fl(2) R 5s","ty":"light_minor","ar":[["R",null]]}},{"type":"Feature","geometry":{"type":"Point","coordinates":[13.591278,45.506235]},"properties":{"nm":"","ref":"","ch":"Fl R 4s","ty":"buoy_lateral","ar":[["R",null]]}},{"type":"Feature","geometry":{"type":"Point","coordinates":[13.596647,45.277049]},"properties":{"nm":"","ref":"","ch":"G","ty":"light_major","ar":[["G",null]]}},{"type":"Feature","geometry":{"type":"Point","coordinates":[13.725659,45.550524]},"properties":{"nm":"E 2613","ref":"E 2613","ch":"Fl R 5s","ty":"light_minor","ar":[["R",null]]}},{"type":"Feature","geometry":{"type":"Point","coordinates":[13.511624,45.436148]},"properties":{"nm":"","ref":"","ch":"G","ty":"buoy_lateral","ar":[["G",null]]}},{"type":"Feature","geometry":{"type":"Point","coordinates":[13.511303,45.436606]},"properties":{"nm":"","ref":"","ch":"R","ty":"buoy_lateral","ar":[["R",null]]}},{"type":"Feature","geometry":{"type":"Point","coordinates":[12.290141,44.490619]},"properties":{"nm":"","ref":"","ch":"G","ty":"light_minor","ar":[["G",null]]}},{"type":"Feature","geometry":{"type":"Point","coordinates":[12.291483,44.491309]},"properties":{"nm":"","ref":"","ch":"R","ty":"light_minor","ar":[["R",null]]}},{"type":"Feature","geometry":{"type":"Point","coordinates":[13.555576,45.317664]},"properties":{"nm":"","ref":"","ch":"","ty":"light_major"}},{"type":"Feature","geometry":{"type":"Point","coordinates":[13.574033,45.514553]},"properties":{"nm":"","ref":"","ch":"G","ty":"light_minor","ar":[["G",null]]}},{"type":"Feature","geometry":{"type":"Point","coordinates":[13.573915,45.514177]},"properties":{"nm":"","ref":"","ch":"R","ty":"light_minor","ar":[["R",null]]}},{"type":"Feature","geometry":{"type":"Point","coordinates":[14.540907,44.468268]},"properties":{"nm":"","ref":"","ch":"IQ(9) W","ty":"beacon_cardinal","ar":[["W",null]]}},{"type":"Feature","geometry":{"type":"Point","coordinates":[12.354598,45.452804]},"properties":{"nm":"Faro di Murano","ref":"E 2486.1","ch":"Oc W 6s 17M","ty":"light_major","ar":[["W",17.0]]}},{"type":"Feature","geometry":{"type":"Point","coordinates":[12.390027,45.438035]},"properties":{"nm":"","ref":"","ch":"Fl W 3s 11M","ty":"light_minor","ar":[["W",11.0]]}},{"type":"Feature","geometry":{"type":"Point","coordinates":[14.396521,44.687468]},"properties":{"nm":"","ref":"","ch":"F R","ty":"beacon_lateral","ar":[["R",null]]}},{"type":"Feature","geometry":{"type":"Point","coordinates":[14.394602,44.688781]},"properties":{"nm":"","ref":"","ch":"F R","ty":"beacon_lateral","ar":[["R",null]]}},{"type":"Feature","geometry":{"type":"Point","coordinates":[14.392974,44.690941]},"properties":{"nm":"","ref":"","ch":"F R","ty":"beacon_lateral","ar":[["R",null]]}},{"type":"Feature","geometry":{"type":"Point","coordinates":[13.726417,45.553054]},"properties":{"nm":"","ref":"","ch":"Fl R 2s","ty":"buoy_lateral","ar":[["R",null]]}},{"type":"Feature","geometry":{"type":"Point","coordinates":[13.725326,45.558847]},"properties":{"nm":"","ref":"","ch":"Fl R 2s","ty":"buoy_lateral","ar":[["R",null]]}},{"type":"Feature","geometry":{"type":"Point","coordinates":[13.729919,45.558943]},"properties":{"nm":"","ref":"","ch":"Fl R 3s","ty":"buoy_lateral","ar":[["R",null]]}},{"type":"Feature","geometry":{"type":"Point","coordinates":[13.735679,45.566733]},"properties":{"nm":"","ref":"","ch":"Fl R","ty":"buoy_lateral","ar":[["R",null]]}},{"type":"Feature","geometry":{"type":"Point","coordinates":[13.739904,45.567087]},"properties":{"nm":"","ref":"","ch":"Fl R 3s","ty":"buoy_lateral","ar":[["R",null]]}},{"type":"Feature","geometry":{"type":"Point","coordinates":[14.401179,44.683812]},"properties":{"nm":"","ref":"","ch":"F R","ty":"beacon_lateral","ar":[["R",null]]}},{"type":"Feature","geometry":{"type":"Point","coordinates":[14.400529,44.685182]},"properties":{"nm":"","ref":"","ch":"F R","ty":"beacon_lateral","ar":[["R",null]]}},{"type":"Feature","geometry":{"type":"Point","coordinates":[14.401012,44.685509]},"properties":{"nm":"","ref":"","ch":"F G","ty":"beacon_lateral","ar":[["G",null]]}},{"type":"Feature","geometry":{"type":"Point","coordinates":[14.399028,44.686261]},"properties":{"nm":"","ref":"","ch":"F R","ty":"beacon_lateral","ar":[["R",null]]}},{"type":"Feature","geometry":{"type":"Point","coordinates":[14.399411,44.686582]},"properties":{"nm":"","ref":"","ch":"F G","ty":"beacon_lateral","ar":[["G",null]]}},{"type":"Feature","geometry":{"type":"Point","coordinates":[14.39714,44.687855]},"properties":{"nm":"","ref":"","ch":"F G","ty":"beacon_lateral","ar":[["G",null]]}},{"type":"Feature","geometry":{"type":"Point","coordinates":[14.395198,44.68918]},"properties":{"nm":"","ref":"","ch":"F G","ty":"beacon_lateral","ar":[["G",null]]}},{"type":"Feature","geometry":{"type":"Point","coordinates":[12.361426,45.076149]},"properties":{"nm":"","ref":"","ch":"","ty":"lh"}},{"type":"Feature","geometry":{"type":"Point","coordinates":[12.366996,45.076743]},"properties":{"nm":"","ref":"","ch":"","ty":"lh"}},{"type":"Feature","geometry":{"type":"Point","coordinates":[13.7065,45.698666]},"properties":{"nm":"ODAS C","ref":"","ch":"Fl W 5s 1M","ty":"buoy_special_purpose","ar":[["W",1.0]]}},{"type":"Feature","geometry":{"type":"Point","coordinates":[12.57713,44.368147]},"properties":{"nm":"Porto Corsini M Sud 2","ref":"","ch":"Mo(U) W 15s 5M","ty":"platform","ar":[["W",5.0]]}},{"type":"Feature","geometry":{"type":"Point","coordinates":[12.577147,44.368146]},"properties":{"nm":"","ref":"","ch":"R","ty":"light_minor","ar":[["R",null]]}},{"type":"Feature","geometry":{"type":"Point","coordinates":[12.730129,45.528206]},"properties":{"nm":"Porto di Cortellazzo","ref":"","ch":"Fl G 3s","ty":"beacon_lateral","ar":[["G",null]]}},{"type":"Feature","geometry":{"type":"Point","coordinates":[13.55053,45.5488]},"properties":{"nm":"Vida","ref":"","ch":"Fl Y","ty":"buoy_special_purpose","ar":[["Y",null]]}},{"type":"Feature","geometry":{"type":"Point","coordinates":[13.772518,44.906352]},"properties":{"nm":"","ref":"","ch":"W","ty":"light_minor","ar":[["W",null]]}},{"type":"Feature","geometry":{"type":"Point","coordinates":[14.859667,44.5655]},"properties":{"nm":"","ref":"","ch":"Q(9) W 15s 4M","ty":"beacon_cardinal","ar":[["W",4.0]]}},{"type":"Feature","geometry":{"type":"Point","coordinates":[14.753792,44.850715]},"properties":{"nm":"Rt Šilo","ref":"","ch":"Fl(2) R 5s 4M","ty":"beacon_lateral","ar":[["R",4.0]]}},{"type":"Feature","geometry":{"type":"Point","coordinates":[14.702126,44.813209]},"properties":{"nm":"Otok Sridnjak","ref":"E 2977","ch":"W","ty":"buoy_cardinal","ar":[["W",null]]}},{"type":"Feature","geometry":{"type":"Point","coordinates":[13.63439,45.764923]},"properties":{"nm":"","ref":"","ch":"F G","ty":"light_minor","ar":[["G",null]]}},{"type":"Feature","geometry":{"type":"Point","coordinates":[13.634501,45.765491]},"properties":{"nm":"","ref":"","ch":"F R","ty":"light_minor","ar":[["R",null]]}},{"type":"Feature","geometry":{"type":"Point","coordinates":[13.653769,45.536467]},"properties":{"nm":"","ref":"","ch":"Fl(2) G 10s 3M","ty":"light_major","ar":[["G",3.0]]}},{"type":"Feature","geometry":{"type":"Point","coordinates":[13.242761,45.730869]},"properties":{"nm":"","ref":"","ch":"Fl R","ty":"beacon_lateral","ar":[["R",null]]}},{"type":"Feature","geometry":{"type":"Point","coordinates":[13.23946,45.752262]},"properties":{"nm":"","ref":"","ch":"Fl R","ty":"beacon_lateral","ar":[["R",null]]}},{"type":"Feature","geometry":{"type":"Point","coordinates":[13.240477,45.752012]},"properties":{"nm":"","ref":"","ch":"Fl G","ty":"beacon_lateral","ar":[["G",null]]}},{"type":"Feature","geometry":{"type":"Point","coordinates":[13.24204,45.743562]},"properties":{"nm":"","ref":"","ch":"Fl G","ty":"beacon_lateral","ar":[["G",null]]}},{"type":"Feature","geometry":{"type":"Point","coordinates":[13.241051,45.74356]},"properties":{"nm":"","ref":"","ch":"Fl R","ty":"beacon_lateral","ar":[["R",null]]}},{"type":"Feature","geometry":{"type":"Point","coordinates":[13.242928,45.738285]},"properties":{"nm":"","ref":"","ch":"Fl G","ty":"beacon_lateral","ar":[["G",null]]}},{"type":"Feature","geometry":{"type":"Point","coordinates":[13.242061,45.738086]},"properties":{"nm":"","ref":"","ch":"Fl R","ty":"beacon_lateral","ar":[["R",null]]}},{"type":"Feature","geometry":{"type":"Point","coordinates":[13.240365,45.756755]},"properties":{"nm":"","ref":"","ch":"Fl R","ty":"beacon_lateral","ar":[["R",null]]}},{"type":"Feature","geometry":{"type":"Point","coordinates":[13.24212,45.756597]},"properties":{"nm":"","ref":"","ch":"Fl G","ty":"beacon_lateral","ar":[["G",null]]}},{"type":"Feature","geometry":{"type":"Point","coordinates":[13.243642,45.761057]},"properties":{"nm":"","ref":"","ch":"Fl G","ty":"beacon_lateral","ar":[["G",null]]}},{"type":"Feature","geometry":{"type":"Point","coordinates":[13.244676,45.764759]},"properties":{"nm":"","ref":"","ch":"Fl G","ty":"beacon_lateral","ar":[["G",null]]}},{"type":"Feature","geometry":{"type":"Point","coordinates":[13.243651,45.764956]},"properties":{"nm":"","ref":"","ch":"Fl R","ty":"beacon_lateral","ar":[["R",null]]}},{"type":"Feature","geometry":{"type":"Point","coordinates":[13.245409,45.767614]},"properties":{"nm":"","ref":"","ch":"Fl G","ty":"beacon_lateral","ar":[["G",null]]}},{"type":"Feature","geometry":{"type":"Point","coordinates":[13.247109,45.773614]},"properties":{"nm":"","ref":"","ch":"Fl G","ty":"beacon_lateral","ar":[["G",null]]}},{"type":"Feature","geometry":{"type":"Point","coordinates":[13.246519,45.774751]},"properties":{"nm":"","ref":"","ch":"Fl R","ty":"beacon_lateral","ar":[["R",null]]}},{"type":"Feature","geometry":{"type":"Point","coordinates":[13.248349,45.775642]},"properties":{"nm":"","ref":"","ch":"Fl G","ty":"beacon_lateral","ar":[["G",null]]}},{"type":"Feature","geometry":{"type":"Point","coordinates":[13.247025,45.777283]},"properties":{"nm":"","ref":"","ch":"Fl R","ty":"beacon_lateral","ar":[["R",null]]}},{"type":"Feature","geometry":{"type":"Point","coordinates":[13.24806,45.777375]},"properties":{"nm":"","ref":"","ch":"Fl G","ty":"beacon_lateral","ar":[["G",null]]}},{"type":"Feature","geometry":{"type":"Point","coordinates":[13.246692,45.778804]},"properties":{"nm":"","ref":"","ch":"Fl R","ty":"beacon_lateral","ar":[["R",null]]}},{"type":"Feature","geometry":{"type":"Point","coordinates":[13.247771,45.779028]},"properties":{"nm":"","ref":"","ch":"Fl G","ty":"beacon_lateral","ar":[["G",null]]}},{"type":"Feature","geometry":{"type":"Point","coordinates":[13.247141,45.780299]},"properties":{"nm":"","ref":"","ch":"Fl G","ty":"beacon_lateral","ar":[["G",null]]}},{"type":"Feature","geometry":{"type":"Point","coordinates":[13.24613,45.78018]},"properties":{"nm":"","ref":"","ch":"Fl R","ty":"beacon_lateral","ar":[["R",null]]}},{"type":"Feature","geometry":{"type":"Point","coordinates":[13.243171,45.7838]},"properties":{"nm":"","ref":"","ch":"Fl R","ty":"beacon_lateral","ar":[["R",null]]}},{"type":"Feature","geometry":{"type":"Point","coordinates":[13.243917,45.784203]},"properties":{"nm":"","ref":"","ch":"Fl G","ty":"beacon_lateral","ar":[["G",null]]}},{"type":"Feature","geometry":{"type":"Point","coordinates":[13.240527,45.785639]},"properties":{"nm":"","ref":"","ch":"Fl R","ty":"beacon_lateral","ar":[["R",null]]}},{"type":"Feature","geometry":{"type":"Point","coordinates":[13.23766,45.787014]},"properties":{"nm":"","ref":"","ch":"Fl R","ty":"beacon_lateral","ar":[["R",null]]}},{"type":"Feature","geometry":{"type":"Point","coordinates":[13.238145,45.787608]},"properties":{"nm":"","ref":"","ch":"Fl G","ty":"beacon_lateral","ar":[["G",null]]}},{"type":"Feature","geometry":{"type":"Point","coordinates":[13.236723,45.788561]},"properties":{"nm":"","ref":"","ch":"Fl G","ty":"beacon_lateral","ar":[["G",null]]}},{"type":"Feature","geometry":{"type":"Point","coordinates":[13.236119,45.788054]},"properties":{"nm":"","ref":"","ch":"Fl R","ty":"beacon_lateral","ar":[["R",null]]}},{"type":"Feature","geometry":{"type":"Point","coordinates":[13.235503,45.789564]},"properties":{"nm":"","ref":"","ch":"Fl G","ty":"beacon_lateral","ar":[["G",null]]}},{"type":"Feature","geometry":{"type":"Point","coordinates":[13.230436,45.799755]},"properties":{"nm":"","ref":"","ch":"Fl(2) G 4s","ty":"beacon_lateral","ar":[["G",null]]}},{"type":"Feature","geometry":{"type":"Point","coordinates":[14.73981,44.368814]},"properties":{"nm":"","ref":"","ch":"Q(9) W 15s 4M","ty":"buoy_cardinal","ar":[["W",4.0]]}},{"type":"Feature","geometry":{"type":"Point","coordinates":[14.668957,45.157032]},"properties":{"nm":"Rt Šilo","ref":"E 2901","ch":"Fl W 3s 7M","ty":"light_minor","ar":[["W",7.0]]}},{"type":"Feature","geometry":{"type":"Point","coordinates":[15.181036,44.291851]},"properties":{"nm":"","ref":"","ch":"","ty":"lh"}},{"type":"Feature","geometry":{"type":"Point","coordinates":[15.26599,44.332221]},"properties":{"nm":"","ref":"","ch":"","ty":"lh"}},{"type":"Feature","geometry":{"type":"Point","coordinates":[15.255984,44.321694]},"properties":{"nm":"","ref":"","ch":"","ty":"lh"}},{"type":"Feature","geometry":{"type":"Point","coordinates":[15.258567,44.323924]},"properties":{"nm":"","ref":"","ch":"","ty":"lh"}},{"type":"Feature","geometry":{"type":"Point","coordinates":[13.723781,45.547778]},"properties":{"nm":"","ref":"","ch":"","ty":"lh"}},{"type":"Feature","geometry":{"type":"Point","coordinates":[13.737241,45.6467]},"properties":{"nm":"E 2576","ref":"E 2576","ch":"Fl(2) G 6s 5M","ty":"light_minor","ar":[["G",5.0]]}},{"type":"Feature","geometry":{"type":"Point","coordinates":[14.560385,45.27304]},"properties":{"nm":"Rt Ostro","ref":"E 2845.1","ch":"Iso W 4s 8M","ty":"light_minor","ar":[["W",8.0]]}},{"type":"Feature","geometry":{"type":"Point","coordinates":[12.344886,45.32925]},"properties":{"nm":"","ref":"","ch":"","ty":"lh"}},{"type":"Feature","geometry":{"type":"Point","coordinates":[13.635948,45.077389]},"properties":{"nm":"","ref":"","ch":"Fl(2) G 5s","ty":"beacon_lateral","ar":[["G",null]]}},{"type":"Feature","geometry":{"type":"Point","coordinates":[13.634312,45.076525]},"properties":{"nm":"","ref":"","ch":"Fl(2) R 5s","ty":"beacon_lateral","ar":[["R",null]]}},{"type":"Feature","geometry":{"type":"Point","coordinates":[13.604621,45.083335]},"properties":{"nm":"Rovinj Cim Odas I","ref":"","ch":"Fl Y 3s","ty":"buoy_special_purpose","ar":[["Y",null]]}},{"type":"Feature","geometry":{"type":"Point","coordinates":[12.28884,44.495708]},"properties":{"nm":"","ref":"","ch":"Or 4s 8M","ty":"light_major","ar":[["Or",8.0]]}},{"type":"Feature","geometry":{"type":"Point","coordinates":[12.405242,44.208757]},"properties":{"nm":"Faro Giallo","ref":"","ch":"","ty":"lh"}},{"type":"Feature","geometry":{"type":"Point","coordinates":[12.404431,44.208752]},"properties":{"nm":"Faro Giallo","ref":"","ch":"","ty":"lh"}},{"type":"Feature","geometry":{"type":"Point","coordinates":[12.394426,44.198651]},"properties":{"nm":"","ref":"","ch":"","ty":"light_minor"}},{"type":"Feature","geometry":{"type":"Point","coordinates":[12.265155,44.490708]},"properties":{"nm":"","ref":"","ch":"","ty":"light_minor"}},{"type":"Feature","geometry":{"type":"Point","coordinates":[14.729712,44.696805]},"properties":{"nm":"","ref":"","ch":"Fl W 5s 2M","ty":"beacon_isolated_danger","ar":[["W",2.0]]}},{"type":"Feature","geometry":{"type":"Point","coordinates":[14.687721,45.171744]},"properties":{"nm":"","ref":"","ch":"Fl G 2s 3M","ty":"light_minor","ar":[["G",3.0]]}},{"type":"Feature","geometry":{"type":"Point","coordinates":[14.522724,45.125469]},"properties":{"nm":"","ref":"","ch":"Fl(2) R 6s","ty":"buoy_lateral","ar":[["R",null]]}},{"type":"Feature","geometry":{"type":"Point","coordinates":[14.518561,44.658359]},"properties":{"nm":"Pličina Matešić","ref":"","ch":"","ty":"light_minor"}},{"type":"Feature","geometry":{"type":"Point","coordinates":[14.733621,44.294636]},"properties":{"nm":"Pličina Križica","ref":"E 3065","ch":"Fl(2+1) R 6s 4M","ty":"light_minor","ss":[["R",215.0,138.0,4.0]]}},{"type":"Feature","geometry":{"type":"Point","coordinates":[13.563833,45.528167]},"properties":{"nm":"","ref":"","ch":"Fl Y 4s 1M","ty":"buoy_special_purpose","ar":[["Y",1.0]]}},{"type":"Feature","geometry":{"type":"Point","coordinates":[13.561167,45.530667]},"properties":{"nm":"","ref":"","ch":"Fl Y 4s 1M","ty":"buoy_special_purpose","ar":[["Y",1.0]]}},{"type":"Feature","geometry":{"type":"Point","coordinates":[13.563833,45.532]},"properties":{"nm":"","ref":"","ch":"Fl Y 4s 1M","ty":"buoy_special_purpose","ar":[["Y",1.0]]}},{"type":"Feature","geometry":{"type":"Point","coordinates":[13.5685,45.531667]},"properties":{"nm":"","ref":"","ch":"Fl Y 4s 1M","ty":"buoy_special_purpose","ar":[["Y",1.0]]}},{"type":"Feature","geometry":{"type":"Point","coordinates":[13.599333,45.535333]},"properties":{"nm":"","ref":"","ch":"Fl Y 4s 1M","ty":"buoy_special_purpose","ar":[["Y",1.0]]}},{"type":"Feature","geometry":{"type":"Point","coordinates":[13.602167,45.539167]},"properties":{"nm":"","ref":"","ch":"Fl Y 4s 1M","ty":"buoy_special_purpose","ar":[["Y",1.0]]}},{"type":"Feature","geometry":{"type":"Point","coordinates":[13.606,45.539]},"properties":{"nm":"","ref":"","ch":"Fl Y 4s 1M","ty":"buoy_special_purpose","ar":[["Y",1.0]]}},{"type":"Feature","geometry":{"type":"Point","coordinates":[13.605833,45.539833]},"properties":{"nm":"","ref":"","ch":"Fl Y 4s 1M","ty":"buoy_special_purpose","ar":[["Y",1.0]]}},{"type":"Feature","geometry":{"type":"Point","coordinates":[13.613333,45.542]},"properties":{"nm":"","ref":"","ch":"Fl Y 4s 1M","ty":"buoy_special_purpose","ar":[["Y",1.0]]}},{"type":"Feature","geometry":{"type":"Point","coordinates":[13.618,45.5415]},"properties":{"nm":"","ref":"","ch":"Fl Y 4s 1M","ty":"buoy_special_purpose","ar":[["Y",1.0]]}},{"type":"Feature","geometry":{"type":"Point","coordinates":[13.621,45.538]},"properties":{"nm":"","ref":"","ch":"Fl Y 4s 1M","ty":"buoy_special_purpose","ar":[["Y",1.0]]}},{"type":"Feature","geometry":{"type":"Point","coordinates":[13.6215,45.5385]},"properties":{"nm":"","ref":"","ch":"Fl Y 4s 1M","ty":"buoy_special_purpose","ar":[["Y",1.0]]}},{"type":"Feature","geometry":{"type":"Point","coordinates":[13.627167,45.536333]},"properties":{"nm":"","ref":"","ch":"Fl Y 4s 1M","ty":"buoy_special_purpose","ar":[["Y",1.0]]}},{"type":"Feature","geometry":{"type":"Point","coordinates":[13.633167,45.534667]},"properties":{"nm":"","ref":"","ch":"Fl Y 4s 1M","ty":"buoy_special_purpose","ar":[["Y",1.0]]}},{"type":"Feature","geometry":{"type":"Point","coordinates":[13.641833,45.534333]},"properties":{"nm":"","ref":"","ch":"Fl Y 4s 1M","ty":"buoy_special_purpose","ar":[["Y",1.0]]}},{"type":"Feature","geometry":{"type":"Point","coordinates":[13.706167,45.5865]},"properties":{"nm":"","ref":"","ch":"Fl Y 4s 1M","ty":"buoy_special_purpose","ar":[["Y",1.0]]}},{"type":"Feature","geometry":{"type":"Point","coordinates":[13.702167,45.588167]},"properties":{"nm":"","ref":"","ch":"Fl Y 4s 1M","ty":"buoy_special_purpose","ar":[["Y",1.0]]}},{"type":"Feature","geometry":{"type":"Point","coordinates":[13.700667,45.591167]},"properties":{"nm":"","ref":"","ch":"Fl Y 4s 1M","ty":"buoy_special_purpose","ar":[["Y",1.0]]}},{"type":"Feature","geometry":{"type":"Point","coordinates":[13.706167,45.594667]},"properties":{"nm":"","ref":"","ch":"Fl Y 4s 1M","ty":"buoy_special_purpose","ar":[["Y",1.0]]}},{"type":"Feature","geometry":{"type":"Point","coordinates":[13.711333,45.595167]},"properties":{"nm":"","ref":"","ch":"Fl Y 4s 1M","ty":"buoy_special_purpose","ar":[["Y",1.0]]}},{"type":"Feature","geometry":{"type":"Point","coordinates":[14.508262,44.523713]},"properties":{"nm":"","ref":"","ch":"","ty":"light_minor"}},{"type":"Feature","geometry":{"type":"Point","coordinates":[14.73352,44.690616]},"properties":{"nm":"Rt Figurica","ref":"","ch":"Fl R 6s 5M","ty":"light_minor","ss":[["W",176.0,141.0,5.0],["R",141.0,176.0,5.0]]}},{"type":"Feature","geometry":{"type":"Point","coordinates":[14.556118,44.957329]},"properties":{"nm":"Tenka Punta","ref":"","ch":"Fl(2) R 5s 4M","ty":"beacon_lateral","ar":[["R",4.0]]}},{"type":"Feature","geometry":{"type":"Point","coordinates":[14.839337,45.096485]},"properties":{"nm":"","ref":"","ch":"","ty":"lh"}},{"type":"Feature","geometry":{"type":"Point","coordinates":[13.82569,44.873817]},"properties":{"nm":"Otocic Sveti Andrija 2","ref":"E 2724.2","ch":"Fl G 2s 1M","ty":"light_minor","ar":[["G",1.0]]}},{"type":"Feature","geometry":{"type":"Point","coordinates":[13.652254,45.537054]},"properties":{"nm":"","ref":"","ch":"Fl(2) G 10s 3M","ty":"light_major","ar":[["G",3.0]]}},{"type":"Feature","geometry":{"type":"Point","coordinates":[13.93873,44.781344]},"properties":{"nm":"","ref":"","ch":"Q(3) W","ty":"buoy_cardinal","ar":[["W",null]]}},{"type":"Feature","geometry":{"type":"Point","coordinates":[13.266667,44.783333]},"properties":{"nm":"","ref":"","ch":"Al B","ty":"buoy_special_purpose","ar":[["B",null]]}},{"type":"Feature","geometry":{"type":"Point","coordinates":[13.63596,45.096599]},"properties":{"nm":"","ref":"","ch":"G","ty":"light_minor","ar":[["G",null]]}},{"type":"Feature","geometry":{"type":"Point","coordinates":[14.176299,45.134032]},"properties":{"nm":"","ref":"","ch":"","ty":"light_minor"}},{"type":"Feature","geometry":{"type":"Point","coordinates":[13.530631,45.355038]},"properties":{"nm":"","ref":"","ch":"Q(9) W","ty":"buoy_cardinal","ar":[["W",null]]}},{"type":"Feature","geometry":{"type":"Point","coordinates":[13.496192,45.468662]},"properties":{"nm":"","ref":"","ch":"Q(9) W","ty":"buoy_cardinal","ar":[["W",null]]}},{"type":"Feature","geometry":{"type":"Point","coordinates":[13.251726,45.703041]},"properties":{"nm":"","ref":"","ch":"Fl G","ty":"beacon_lateral","ar":[["G",null]]}},{"type":"Feature","geometry":{"type":"Point","coordinates":[13.256911,45.67616]},"properties":{"nm":"","ref":"","ch":"LFl W","ty":"beacon_safe_water","ar":[["W",null]]}},{"type":"Feature","geometry":{"type":"Point","coordinates":[13.244469,45.73118]},"properties":{"nm":"","ref":"","ch":"Fl G","ty":"beacon_lateral","ar":[["G",null]]}},{"type":"Feature","geometry":{"type":"Point","coordinates":[13.24071,45.754613]},"properties":{"nm":"","ref":"","ch":"Fl G","ty":"beacon_lateral","ar":[["G",null]]}},{"type":"Feature","geometry":{"type":"Point","coordinates":[13.579788,45.205264]},"properties":{"nm":"","ref":"","ch":"Q+LFl(6) W","ty":"beacon_cardinal","ar":[["W",null]]}},{"type":"Feature","geometry":{"type":"Point","coordinates":[13.580968,45.207301]},"properties":{"nm":"","ref":"","ch":"Q W","ty":"beacon_cardinal","ar":[["W",null]]}},{"type":"Feature","geometry":{"type":"Point","coordinates":[13.239663,45.754696]},"properties":{"nm":"","ref":"","ch":"Fl R","ty":"beacon_lateral","ar":[["R",null]]}},{"type":"Feature","geometry":{"type":"Point","coordinates":[13.241116,45.786052]},"properties":{"nm":"","ref":"","ch":"Fl G","ty":"beacon_lateral","ar":[["G",null]]}},{"type":"Feature","geometry":{"type":"Point","coordinates":[13.232382,45.79862]},"properties":{"nm":"","ref":"","ch":"Fl(1) G 3s","ty":"beacon_lateral","ar":[["G",null]]}},{"type":"Feature","geometry":{"type":"Point","coordinates":[13.233181,45.797286]},"properties":{"nm":"","ref":"","ch":"Fl G","ty":"beacon_lateral","ar":[["G",null]]}},{"type":"Feature","geometry":{"type":"Point","coordinates":[13.23395,45.795546]},"properties":{"nm":"","ref":"","ch":"Fl G","ty":"beacon_lateral","ar":[["G",null]]}},{"type":"Feature","geometry":{"type":"Point","coordinates":[13.234275,45.791213]},"properties":{"nm":"","ref":"","ch":"Fl G","ty":"beacon_lateral","ar":[["G",null]]}},{"type":"Feature","geometry":{"type":"Point","coordinates":[13.24113,45.755617]},"properties":{"nm":"","ref":"","ch":"Fl G","ty":"mooring","ar":[["G",null]]}},{"type":"Feature","geometry":{"type":"Point","coordinates":[14.815817,44.4086]},"properties":{"nm":"","ref":"","ch":"Fl(3) W 10s 3M","ty":"beacon_cardinal","ar":[["W",3.0]]}},{"type":"Feature","geometry":{"type":"Point","coordinates":[15.072385,44.524182]},"properties":{"nm":"","ref":"","ch":"","ty":"lh"}},{"type":"Feature","geometry":{"type":"Point","coordinates":[13.862405,44.812018]},"properties":{"nm":"","ref":"","ch":"Fl G","ty":"beacon_lateral","ar":[["G",null]]}},{"type":"Feature","geometry":{"type":"Point","coordinates":[14.496443,45.122426]},"properties":{"nm":"","ref":"","ch":"","ty":"lh"}},{"type":"Feature","geometry":{"type":"Point","coordinates":[13.343901,45.594465]},"properties":{"nm":"Mambo","ref":"","ch":"Fl Y","ty":"beacon_special_purpose","ar":[["Y",null]]}},{"type":"Feature","geometry":{"type":"Point","coordinates":[13.148195,45.688051]},"properties":{"nm":"","ref":"","ch":"","ty":"light_minor"}},{"type":"Feature","geometry":{"type":"Point","coordinates":[12.362422,45.420304]},"properties":{"nm":"E 2492","ref":"E 2492","ch":"Fl(2) R 10s 5M","ty":"light_minor","ar":[["R",5.0]]}},{"type":"Feature","geometry":{"type":"Point","coordinates":[13.143478,45.697611]},"properties":{"nm":"","ref":"","ch":"R","ty":"light_minor","ar":[["R",null]]}},{"type":"Feature","geometry":{"type":"Point","coordinates":[13.142878,45.697363]},"properties":{"nm":"","ref":"","ch":"G","ty":"light_minor","ar":[["G",null]]}},{"type":"Feature","geometry":{"type":"Point","coordinates":[12.284316,44.491912]},"properties":{"nm":"","ref":"","ch":"","ty":"lh"}},{"type":"Feature","geometry":{"type":"Point","coordinates":[12.477956,44.980335]},"properties":{"nm":"E Breakwater","ref":"","ch":"Fl R","ty":"beacon_lateral","ar":[["R",null]]}},{"type":"Feature","geometry":{"type":"Point","coordinates":[12.477172,44.979959]},"properties":{"nm":"W Breakwater","ref":"","ch":"Fl G","ty":"beacon_lateral","ar":[["G",null]]}},{"type":"Feature","geometry":{"type":"Point","coordinates":[14.951723,44.582252]},"properties":{"nm":"","ref":"","ch":"","ty":"lh"}},{"type":"Feature","geometry":{"type":"Point","coordinates":[15.432924,44.297851]},"properties":{"nm":"","ref":"","ch":"","ty":"lh"}},{"type":"Feature","geometry":{"type":"Point","coordinates":[14.763089,44.755118]},"properties":{"nm":"Luka Rab","ref":"","ch":"Fl R 2s 1M","ty":"beacon_lateral","ar":[["R",1.0]]}},{"type":"Feature","geometry":{"type":"Point","coordinates":[15.051725,44.443968]},"properties":{"nm":"Pag 3","ref":"","ch":"Fl G 2s 1M","ty":"beacon_lateral","ar":[["G",1.0]]}},{"type":"Feature","geometry":{"type":"Point","coordinates":[15.052007,44.443478]},"properties":{"nm":"Pag 5","ref":"","ch":"Fl G 2s 1M","ty":"beacon_lateral","ar":[["G",1.0]]}},{"type":"Feature","geometry":{"type":"Point","coordinates":[12.28934,44.83759]},"properties":{"nm":"E 2433","ref":"E 2433","ch":"Fl G 3s 6M","ty":"light_minor","ar":[["G",6.0]]}},{"type":"Feature","geometry":{"type":"Point","coordinates":[12.289137,44.836996]},"properties":{"nm":"E 2433","ref":"E 2433","ch":"Fl G 3s 6M","ty":"light_minor","ar":[["G",6.0]]}},{"type":"Feature","geometry":{"type":"Point","coordinates":[12.28896,44.836447]},"properties":{"nm":"E 2433","ref":"E 2433","ch":"Fl G 3s 6M","ty":"light_minor","ar":[["G",6.0]]}},{"type":"Feature","geometry":{"type":"Point","coordinates":[12.288784,44.835901]},"properties":{"nm":"E 2433","ref":"E 2433","ch":"Fl G 3s 6M","ty":"light_minor","ar":[["G",6.0]]}},{"type":"Feature","geometry":{"type":"Point","coordinates":[12.288612,44.835406]},"properties":{"nm":"E 2433","ref":"E 2433","ch":"Fl G 3s 6M","ty":"light_minor","ar":[["G",6.0]]}},{"type":"Feature","geometry":{"type":"Point","coordinates":[12.288467,44.834949]},"properties":{"nm":"E 2433","ref":"E 2433","ch":"Fl G 3s 6M","ty":"light_minor","ar":[["G",6.0]]}},{"type":"Feature","geometry":{"type":"Point","coordinates":[12.288333,44.834522]},"properties":{"nm":"E 2433","ref":"E 2433","ch":"Fl G 3s 6M","ty":"light_minor","ar":[["G",6.0]]}},{"type":"Feature","geometry":{"type":"Point","coordinates":[12.288153,44.834015]},"properties":{"nm":"E 2433","ref":"E 2433","ch":"Fl G 3s 6M","ty":"light_minor","ar":[["G",6.0]]}},{"type":"Feature","geometry":{"type":"Point","coordinates":[12.287998,44.833521]},"properties":{"nm":"E 2433","ref":"E 2433","ch":"Fl G 3s 6M","ty":"light_minor","ar":[["G",6.0]]}},{"type":"Feature","geometry":{"type":"Point","coordinates":[12.287799,44.832919]},"properties":{"nm":"E 2433","ref":"E 2433","ch":"Fl G 3s 6M","ty":"light_minor","ar":[["G",6.0]]}},{"type":"Feature","geometry":{"type":"Point","coordinates":[12.287615,44.832341]},"properties":{"nm":"E 2433","ref":"E 2433","ch":"Fl G 3s 6M","ty":"light_minor","ar":[["G",6.0]]}},{"type":"Feature","geometry":{"type":"Point","coordinates":[12.287427,44.831777]},"properties":{"nm":"E 2433","ref":"E 2433","ch":"Fl G 3s 6M","ty":"light_minor","ar":[["G",6.0]]}},{"type":"Feature","geometry":{"type":"Point","coordinates":[12.287068,44.830649]},"properties":{"nm":"E 2433","ref":"E 2433","ch":"Fl G 3s 6M","ty":"light_minor","ar":[["G",6.0]]}},{"type":"Feature","geometry":{"type":"Point","coordinates":[12.286866,44.830082]},"properties":{"nm":"E 2433","ref":"E 2433","ch":"Fl G 3s 6M","ty":"light_minor","ar":[["G",6.0]]}},{"type":"Feature","geometry":{"type":"Point","coordinates":[12.286711,44.829584]},"properties":{"nm":"E 2433","ref":"E 2433","ch":"Fl G 3s 6M","ty":"light_minor","ar":[["G",6.0]]}},{"type":"Feature","geometry":{"type":"Point","coordinates":[12.286523,44.829045]},"properties":{"nm":"E 2433","ref":"E 2433","ch":"Fl G 3s 6M","ty":"light_minor","ar":[["G",6.0]]}},{"type":"Feature","geometry":{"type":"Point","coordinates":[12.286344,44.828494]},"properties":{"nm":"E 2433","ref":"E 2433","ch":"Fl G 3s 6M","ty":"light_minor","ar":[["G",6.0]]}},{"type":"Feature","geometry":{"type":"Point","coordinates":[12.286177,44.827994]},"properties":{"nm":"E 2433","ref":"E 2433","ch":"Fl G 3s 6M","ty":"light_minor","ar":[["G",6.0]]}},{"type":"Feature","geometry":{"type":"Point","coordinates":[12.286008,44.827539]},"properties":{"nm":"E 2433","ref":"E 2433","ch":"Fl G 3s 6M","ty":"light_minor","ar":[["G",6.0]]}},{"type":"Feature","geometry":{"type":"Point","coordinates":[12.285656,44.826457]},"properties":{"nm":"E 2433","ref":"E 2433","ch":"Fl G 3s 6M","ty":"light_minor","ar":[["G",6.0]]}},{"type":"Feature","geometry":{"type":"Point","coordinates":[12.285506,44.825957]},"properties":{"nm":"E 2433","ref":"E 2433","ch":"Fl G 3s 6M","ty":"light_minor","ar":[["G",6.0]]}},{"type":"Feature","geometry":{"type":"Point","coordinates":[12.28531,44.825448]},"properties":{"nm":"E 2433","ref":"E 2433","ch":"Fl G 3s 6M","ty":"light_minor","ar":[["G",6.0]]}},{"type":"Feature","geometry":{"type":"Point","coordinates":[12.284734,44.826124]},"properties":{"nm":"E 2433","ref":"E 2433","ch":"Fl G 3s 6M","ty":"light_minor","ar":[["G",6.0]]}},{"type":"Feature","geometry":{"type":"Point","coordinates":[12.284823,44.826153]},"properties":{"nm":"E 2433","ref":"E 2433","ch":"Fl G 3s 6M","ty":"light_minor","ar":[["G",6.0]]}},{"type":"Feature","geometry":{"type":"Point","coordinates":[12.5725,45.078167]},"properties":{"nm":"E 2444.5","ref":"E 2444.5","ch":"Fl(5) Y 20s 5M","ty":"beacon_special_purpose","ar":[["Y",5.0]]}},{"type":"Feature","geometry":{"type":"Point","coordinates":[12.412869,45.437022]},"properties":{"nm":"","ref":"","ch":"R","ty":"beacon_lateral","ar":[["R",null]]}}]}